  0
SECTION
  2
HEADER
  9
$ACADVER
  1
AC1027
  9
$ACADMAINTVER
 70
   125
  9
$DWGCODEPAGE
  3
ANSI_1252
  9
$LASTSAVEDBY
  1
natal
  9
$REQUIREDVERSIONS
160
                 0
  9
$INSBASE
 10
0.0
 20
0.0
 30
0.0
  9
$EXTMIN
 10
38.12899033299272
 20
25.96698906374898
 30
0.0
  9
$EXTMAX
 10
150.3590263889943
 20
64.16030568711459
 30
0.0
  9
$LIMMIN
 10
0.0
 20
0.0
  9
$LIMMAX
 10
420.0
 20
297.0
  9
$ORTHOMODE
 70
     0
  9
$REGENMODE
 70
     1
  9
$FILLMODE
 70
     1
  9
$QTEXTMODE
 70
     0
  9
$MIRRTEXT
 70
     0
  9
$LTSCALE
 40
1.0
  9
$ATTMODE
 70
     1
  9
$TEXTSIZE
 40
2.5
  9
$TRACEWID
 40
1.0
  9
$TEXTSTYLE
  7
Standard
  9
$CLAYER
  8
0
  9
$CELTYPE
  6
ByLayer
  9
$CECOLOR
 62
   256
  9
$CELTSCALE
 40
1.0
  9
$DISPSILH
 70
     0
  9
$DIMSCALE
 40
1.0
  9
$DIMASZ
 40
2.5
  9
$DIMEXO
 40
0.625
  9
$DIMDLI
 40
3.75
  9
$DIMRND
 40
0.0
  9
$DIMDLE
 40
0.0
  9
$DIMEXE
 40
1.25
  9
$DIMTP
 40
0.0
  9
$DIMTM
 40
0.0
  9
$DIMTXT
 40
2.5
  9
$DIMCEN
 40
2.5
  9
$DIMTSZ
 40
0.0
  9
$DIMTOL
 70
     0
  9
$DIMLIM
 70
     0
  9
$DIMTIH
 70
     0
  9
$DIMTOH
 70
     0
  9
$DIMSE1
 70
     0
  9
$DIMSE2
 70
     0
  9
$DIMTAD
 70
     1
  9
$DIMZIN
 70
     8
  9
$DIMBLK
  1

  9
$DIMASO
 70
     1
  9
$DIMSHO
 70
     1
  9
$DIMPOST
  1

  9
$DIMAPOST
  1

  9
$DIMALT
 70
     0
  9
$DIMALTD
 70
     3
  9
$DIMALTF
 40
0.03937007874016
  9
$DIMLFAC
 40
1.0
  9
$DIMTOFL
 70
     1
  9
$DIMTVP
 40
0.0
  9
$DIMTIX
 70
     0
  9
$DIMSOXD
 70
     0
  9
$DIMSAH
 70
     0
  9
$DIMBLK1
  1

  9
$DIMBLK2
  1

  9
$DIMSTYLE
  2
ISO-25
  9
$DIMCLRD
 70
     0
  9
$DIMCLRE
 70
     0
  9
$DIMCLRT
 70
     0
  9
$DIMTFAC
 40
1.0
  9
$DIMGAP
 40
0.625
  9
$DIMJUST
 70
     0
  9
$DIMSD1
 70
     0
  9
$DIMSD2
 70
     0
  9
$DIMTOLJ
 70
     0
  9
$DIMTZIN
 70
     8
  9
$DIMALTZ
 70
     0
  9
$DIMALTTZ
 70
     0
  9
$DIMUPT
 70
     0
  9
$DIMDEC
 70
     2
  9
$DIMTDEC
 70
     2
  9
$DIMALTU
 70
     2
  9
$DIMALTTD
 70
     3
  9
$DIMTXSTY
  7
Standard
  9
$DIMAUNIT
 70
     0
  9
$DIMADEC
 70
     0
  9
$DIMALTRND
 40
0.0
  9
$DIMAZIN
 70
     0
  9
$DIMDSEP
 70
    44
  9
$DIMATFIT
 70
     3
  9
$DIMFRAC
 70
     0
  9
$DIMLDRBLK
  1

  9
$DIMLUNIT
 70
     2
  9
$DIMLWD
 70
    -2
  9
$DIMLWE
 70
    -2
  9
$DIMTMOVE
 70
     0
  9
$DIMFXL
 40
1.0
  9
$DIMFXLON
 70
     0
  9
$DIMJOGANG
 40
1.570796326794896
  9
$DIMTFILL
 70
     0
  9
$DIMTFILLCLR
 70
     0
  9
$DIMARCSYM
 70
     0
  9
$DIMLTYPE
  6

  9
$DIMLTEX1
  6

  9
$DIMLTEX2
  6

  9
$DIMTXTDIRECTION
 70
     0
  9
$LUNITS
 70
     2
  9
$LUPREC
 70
     4
  9
$SKETCHINC
 40
1.0
  9
$FILLETRAD
 40
0.0
  9
$AUNITS
 70
     0
  9
$AUPREC
 70
     0
  9
$MENU
  1
.
  9
$ELEVATION
 40
0.0
  9
$PELEVATION
 40
0.0
  9
$THICKNESS
 40
0.0
  9
$LIMCHECK
 70
     0
  9
$CHAMFERA
 40
0.0
  9
$CHAMFERB
 40
0.0
  9
$CHAMFERC
 40
0.0
  9
$CHAMFERD
 40
0.0
  9
$SKPOLY
 70
     0
  9
$TDCREATE
 40
2461307.944004630
  9
$TDUCREATE
 40
2461308.069004630
  9
$TDUPDATE
 40
2461307.944305556
  9
$TDUUPDATE
 40
2461308.069305556
  9
$TDINDWG
 40
0.0003009259
  9
$TDUSRTIMER
 40
0.0003009259
  9
$USRTIMER
 70
     1
  9
$ANGBASE
 50
0.0
  9
$ANGDIR
 70
     0
  9
$PDMODE
 70
     0
  9
$PDSIZE
 40
0.0
  9
$PLINEWID
 40
0.0
  9
$SPLFRAME
 70
     0
  9
$SPLINETYPE
 70
     6
  9
$SPLINESEGS
 70
     8
  9
$HANDSEED
  5
D18
  9
$SURFTAB1
 70
     6
  9
$SURFTAB2
 70
     6
  9
$SURFTYPE
 70
     6
  9
$SURFU
 70
     6
  9
$SURFV
 70
     6
  9
$UCSBASE
  2

  9
$UCSNAME
  2

  9
$UCSORG
 10
0.0
 20
0.0
 30
0.0
  9
$UCSXDIR
 10
1.0
 20
0.0
 30
0.0
  9
$UCSYDIR
 10
0.0
 20
1.0
 30
0.0
  9
$UCSORTHOREF
  2

  9
$UCSORTHOVIEW
 70
     0
  9
$UCSORGTOP
 10
0.0
 20
0.0
 30
0.0
  9
$UCSORGBOTTOM
 10
0.0
 20
0.0
 30
0.0
  9
$UCSORGLEFT
 10
0.0
 20
0.0
 30
0.0
  9
$UCSORGRIGHT
 10
0.0
 20
0.0
 30
0.0
  9
$UCSORGFRONT
 10
0.0
 20
0.0
 30
0.0
  9
$UCSORGBACK
 10
0.0
 20
0.0
 30
0.0
  9
$PUCSBASE
  2

  9
$PUCSNAME
  2

  9
$PUCSORG
 10
0.0
 20
0.0
 30
0.0
  9
$PUCSXDIR
 10
1.0
 20
0.0
 30
0.0
  9
$PUCSYDIR
 10
0.0
 20
1.0
 30
0.0
  9
$PUCSORTHOREF
  2

  9
$PUCSORTHOVIEW
 70
     0
  9
$PUCSORGTOP
 10
0.0
 20
0.0
 30
0.0
  9
$PUCSORGBOTTOM
 10
0.0
 20
0.0
 30
0.0
  9
$PUCSORGLEFT
 10
0.0
 20
0.0
 30
0.0
  9
$PUCSORGRIGHT
 10
0.0
 20
0.0
 30
0.0
  9
$PUCSORGFRONT
 10
0.0
 20
0.0
 30
0.0
  9
$PUCSORGBACK
 10
0.0
 20
0.0
 30
0.0
  9
$USERI1
 70
     0
  9
$USERI2
 70
     0
  9
$USERI3
 70
     0
  9
$USERI4
 70
     0
  9
$USERI5
 70
     0
  9
$USERR1
 40
0.0
  9
$USERR2
 40
0.0
  9
$USERR3
 40
0.0
  9
$USERR4
 40
0.0
  9
$USERR5
 40
0.0
  9
$WORLDVIEW
 70
     1
  9
$SHADEDGE
 70
     3
  9
$SHADEDIF
 70
    70
  9
$TILEMODE
 70
     1
  9
$MAXACTVP
 70
    64
  9
$PINSBASE
 10
0.0
 20
0.0
 30
0.0
  9
$PLIMCHECK
 70
     0
  9
$PEXTMIN
 10
1.000000000000000E+20
 20
1.000000000000000E+20
 30
1.000000000000000E+20
  9
$PEXTMAX
 10
-1.000000000000000E+20
 20
-1.000000000000000E+20
 30
-1.000000000000000E+20
  9
$PLIMMIN
 10
0.0
 20
0.0
  9
$PLIMMAX
 10
420.0
 20
297.0
  9
$UNITMODE
 70
     0
  9
$VISRETAIN
 70
     1
  9
$PLINEGEN
 70
     0
  9
$PSLTSCALE
 70
     1
  9
$TREEDEPTH
 70
  3020
  9
$CMLSTYLE
  2
Standard
  9
$CMLJUST
 70
     0
  9
$CMLSCALE
 40
20.0
  9
$PROXYGRAPHICS
 70
     1
  9
$MEASUREMENT
 70
     1
  9
$CELWEIGHT
370
    -1
  9
$ENDCAPS
280
     0
  9
$JOINSTYLE
280
     0
  9
$LWDISPLAY
290
     0
  9
$INSUNITS
 70
     4
  9
$HYPERLINKBASE
  1

  9
$STYLESHEET
  1

  9
$XEDIT
290
     1
  9
$CEPSNTYPE
380
     0
  9
$PSTYLEMODE
290
     1
  9
$FINGERPRINTGUID
  2
{9819E636-98D1-4045-8E85-A51FCFABFED3}
  9
$VERSIONGUID
  2
{834E0A47-4EA6-FD4D-A328-88E4636987ED}
  9
$EXTNAMES
290
     1
  9
$PSVPSCALE
 40
0.0
  9
$OLESTARTUP
290
     0
  9
$SORTENTS
280
   127
  9
$INDEXCTL
280
     0
  9
$HIDETEXT
280
     1
  9
$XCLIPFRAME
280
     2
  9
$HALOGAP
280
     0
  9
$OBSCOLOR
 70
   257
  9
$OBSLTYPE
280
     0
  9
$INTERSECTIONDISPLAY
280
     0
  9
$INTERSECTIONCOLOR
 70
   257
  9
$DIMASSOC
280
     2
  9
$PROJECTNAME
  1

  9
$CAMERADISPLAY
290
     0
  9
$LENSLENGTH
 40
50.0
  9
$CAMERAHEIGHT
 40
0.0
  9
$STEPSPERSEC
 40
2.0
  9
$STEPSIZE
 40
6.0
  9
$3DDWFPREC
 40
2.0
  9
$PSOLWIDTH
 40
0.25
  9
$PSOLHEIGHT
 40
4.0
  9
$LOFTANG1
 40
1.570796326794896
  9
$LOFTANG2
 40
1.570796326794896
  9
$LOFTMAG1
 40
0.0
  9
$LOFTMAG2
 40
0.0
  9
$LOFTPARAM
 70
     7
  9
$LOFTNORMALS
280
     1
  9
$LATITUDE
 40
37.795
  9
$LONGITUDE
 40
-122.394
  9
$NORTHDIRECTION
 40
0.0
  9
$TIMEZONE
 70
 -8000
  9
$LIGHTGLYPHDISPLAY
280
     1
  9
$TILEMODELIGHTSYNCH
280
     1
  9
$CMATERIAL
347
11
  9
$SOLIDHIST
280
     0
  9
$SHOWHIST
280
     1
  9
$DWFFRAME
280
     2
  9
$DGNFRAME
280
     0
  9
$REALWORLDSCALE
290
     1
  9
$INTERFERECOLOR
 62
     1
  9
$INTERFEREOBJVS
345
33
  9
$INTERFEREVPVS
346
30
  9
$CSHADOW
280
     0
  9
$SHADOWPLANELOCATION
 40
0.0
  0
ENDSEC
  0
SECTION
  2
CLASSES
  0
CLASS
  1
ACDBDICTIONARYWDFLT
  2
AcDbDictionaryWithDefault
  3
ObjectDBX Classes
 90
        0
 91
        1
280
     0
281
     0
  0
CLASS
  1
MATERIAL
  2
AcDbMaterial
  3
ObjectDBX Classes
 90
     1153
 91
        3
280
     0
281
     0
  0
CLASS
  1
VISUALSTYLE
  2
AcDbVisualStyle
  3
ObjectDBX Classes
 90
     4095
 91
       24
280
     0
281
     0
  0
CLASS
  1
SCALE
  2
AcDbScale
  3
ObjectDBX Classes
 90
     1153
 91
       17
280
     0
281
     0
  0
CLASS
  1
TABLESTYLE
  2
AcDbTableStyle
  3
ObjectDBX Classes
 90
     4095
 91
        1
280
     0
281
     0
  0
CLASS
  1
MLEADERSTYLE
  2
AcDbMLeaderStyle
  3
ACDB_MLEADERSTYLE_CLASS
 90
     4095
 91
        1
280
     0
281
     0
  0
CLASS
  1
ACDBSECTIONVIEWSTYLE
  2
AcDbSectionViewStyle
  3
ObjectDBX Classes
 90
     1025
 91
        1
280
     0
281
     0
  0
CLASS
  1
ACDBDETAILVIEWSTYLE
  2
AcDbDetailViewStyle
  3
ObjectDBX Classes
 90
     1025
 91
        1
280
     0
281
     0
  0
CLASS
  1
DICTIONARYVAR
  2
AcDbDictionaryVar
  3
ObjectDBX Classes
 90
        0
 91
        7
280
     0
281
     0
  0
CLASS
  1
DIMASSOC
  2
AcDbDimAssoc
  3
"AcDbDimAssoc|Product Desc:     AcDim ARX App For Dimension|Company:          Autodesk, Inc.|WEB Address:      www.autodesk.com"
 90
        0
 91
       54
280
     0
281
     0
  0
CLASS
  1
SORTENTSTABLE
  2
AcDbSortentsTable
  3
ObjectDBX Classes
 90
        0
 91
        1
280
     0
281
     0
  0
CLASS
  1
CELLSTYLEMAP
  2
AcDbCellStyleMap
  3
ObjectDBX Classes
 90
     1152
 91
        1
280
     0
281
     0
  0
ENDSEC
  0
SECTION
  2
TABLES
  0
TABLE
  2
VPORT
  5
8
330
0
100
AcDbSymbolTable
 70
     1
1001
ACAD
1000
DbSaveVer
1071
      224
  0
VPORT
  5
57
330
8
100
AcDbSymbolTableRecord
100
AcDbViewportTableRecord
  2
*Active
 70
     0
 10
0.0
 20
0.0
 11
1.0
 21
1.0
 12
125.4685813993114
 22
33.06199830589958
 13
0.0
 23
0.0
 14
10.0
 24
10.0
 15
10.0
 25
10.0
 16
0.0
 26
0.0
 36
1.0
 17
0.0
 27
0.0
 37
0.0
 40
116.7405312175312
 41
2.414285714285714
 42
50.0
 43
0.0
 44
0.0
 50
0.0
 51
0.0
 71
     0
 72
  1000
 73
     1
 74
     3
 75
     0
 76
     0
 77
     0
 78
     0
281
     0
 65
     1
110
0.0
120
0.0
130
0.0
111
1.0
121
0.0
131
0.0
112
0.0
122
1.0
132
0.0
 79
     0
146
0.0
348
2F
 60
     3
 61
     5
292
     1
282
     1
141
0.0
142
0.0
 63
   250
421
  3355443
1001
ACAD_NAV_VCDISPLAY
1070
     1
  0
ENDTAB
  0
TABLE
  2
LTYPE
  5
5
330
0
100
AcDbSymbolTable
 70
     1
  0
LTYPE
  5
5B
330
5
100
AcDbSymbolTableRecord
100
AcDbLinetypeTableRecord
  2
ByBlock
 70
     0
  3

 72
    65
 73
     0
 40
0.0
  0
LTYPE
  5
5C
330
5
100
AcDbSymbolTableRecord
100
AcDbLinetypeTableRecord
  2
ByLayer
 70
     0
  3

 72
    65
 73
     0
 40
0.0
  0
LTYPE
  5
5D
330
5
100
AcDbSymbolTableRecord
100
AcDbLinetypeTableRecord
  2
Continuous
 70
     0
  3
Solid line
 72
    65
 73
     0
 40
0.0
  0
ENDTAB
  0
TABLE
  2
LAYER
  5
2
102
{ACAD_XDICTIONARY
360
4D8
102
}
330
0
100
AcDbSymbolTable
 70
    12
  0
LAYER
  5
54
330
2
100
AcDbSymbolTableRecord
100
AcDbLayerTableRecord
  2
0
 70
     0
 62
     7
  6
Continuous
370
    -3
390
F
347
21
348
0
  0
LAYER
  5
4C1
330
2
100
AcDbSymbolTableRecord
100
AcDbLayerTableRecord
  2
Defpoints
 70
     0
 62
     7
  6
Continuous
290
     0
370
    -3
390
F
347
21
348
0
  0
LAYER
  5
4C2
330
2
100
AcDbSymbolTableRecord
100
AcDbLayerTableRecord
  2
textos
 70
     0
 62
     3
  6
Continuous
370
    13
390
F
347
21
348
0
  0
LAYER
  5
4C3
330
2
100
AcDbSymbolTableRecord
100
AcDbLayerTableRecord
  2
COTAS
 70
     0
 62
   143
  6
Continuous
370
    15
390
F
347
21
348
0
  0
LAYER
  5
4C4
330
2
100
AcDbSymbolTableRecord
100
AcDbLayerTableRecord
  2
LEVELS
 70
     0
 62
     6
  6
Continuous
370
    -3
390
F
347
21
348
0
1001
AcAecLayerStandard
1000

1000

1001
AcCmTransparency
1071
        0
  0
LAYER
  5
4C5
330
2
100
AcDbSymbolTableRecord
100
AcDbLayerTableRecord
  2
SIMBOL_LEVELS
 70
     0
 62
   214
  6
Continuous
370
    -3
390
F
347
21
348
0
1001
AcAecLayerStandard
1000

1000

1001
AcCmTransparency
1071
        0
  0
LAYER
  5
4C6
330
2
100
AcDbSymbolTableRecord
100
AcDbLayerTableRecord
  2
HATCH1
 70
     0
 62
   251
  6
Continuous
370
    15
390
F
347
21
348
0
1001
AcAecLayerStandard
1000

1000

1001
AcCmTransparency
1071
        0
  0
LAYER
  5
4C7
102
{ACAD_XDICTIONARY
360
4C8
102
}
330
2
100
AcDbSymbolTableRecord
100
AcDbLayerTableRecord
  2
HATCH2
 70
     0
 62
   253
  6
Continuous
370
    -3
390
F
347
21
348
0
  0
LAYER
  5
4C9
330
2
100
AcDbSymbolTableRecord
100
AcDbLayerTableRecord
  2
ROOF
 70
     0
 62
     1
  6
Continuous
370
    15
390
F
347
21
348
0
1001
AcAecLayerStandard
1000

1000

1001
AcCmTransparency
1071
        0
  0
LAYER
  5
4CA
330
2
100
AcDbSymbolTableRecord
100
AcDbLayerTableRecord
  2
AUX_ROOF
 70
     0
 62
    30
  6
Continuous
370
    15
390
F
347
21
348
0
1001
AcAecLayerStandard
1000

1000

1001
AcCmTransparency
1071
        0
  0
LAYER
  5
4CB
330
2
100
AcDbSymbolTableRecord
100
AcDbLayerTableRecord
  2
HACTH3
 70
     0
 62
     9
  6
Continuous
370
    -3
390
F
347
21
348
0
1001
AcAecLayerStandard
1000

1000

1001
AcCmTransparency
1071
        0
  0
LAYER
  5
4CC
102
{ACAD_XDICTIONARY
360
4CD
102
}
330
2
100
AcDbSymbolTableRecord
100
AcDbLayerTableRecord
  2
TEXTS_BASE
 70
     0
 62
    92
  6
Continuous
370
    30
390
F
347
21
348
0
1001
AcAecLayerStandard
1000

1000

  0
ENDTAB
  0
TABLE
  2
STYLE
  5
3
330
0
100
AcDbSymbolTable
 70
     2
  0
STYLE
  5
55
330
3
100
AcDbSymbolTableRecord
100
AcDbTextStyleTableRecord
  2
Standard
 70
     0
 40
0.0
 41
1.0
 50
0.0
 71
     0
 42
2.5
  3
txt
  4

  0
STYLE
  5
5A
330
3
100
AcDbSymbolTableRecord
100
AcDbTextStyleTableRecord
  2
Annotative
 70
     0
 40
0.0
 41
1.0
 50
0.0
 71
     0
 42
0.2
  3
txt
  4

1001
AcadAnnotative
1000
AnnotativeData
1002
{
1070
     1
1070
     1
1002
}
  0
ENDTAB
  0
TABLE
  2
VIEW
  5
6
330
0
100
AcDbSymbolTable
 70
     0
  0
ENDTAB
  0
TABLE
  2
UCS
  5
7
330
0
100
AcDbSymbolTable
 70
     0
  0
ENDTAB
  0
TABLE
  2
APPID
  5
9
330
0
100
AcDbSymbolTable
 70
    11
  0
APPID
  5
56
330
9
100
AcDbSymbolTableRecord
100
AcDbRegAppTableRecord
  2
ACAD
 70
     0
  0
APPID
  5
5E
330
9
100
AcDbSymbolTableRecord
100
AcDbRegAppTableRecord
  2
AcadAnnotative
 70
     0
  0
APPID
  5
7D
330
9
100
AcDbSymbolTableRecord
100
AcDbRegAppTableRecord
  2
ACAD_NAV_VCDISPLAY
 70
     0
  0
APPID
  5
4D0
330
9
100
AcDbSymbolTableRecord
100
AcDbRegAppTableRecord
  2
ACAD_PSEXT
 70
     0
  0
APPID
  5
4D1
330
9
100
AcDbSymbolTableRecord
100
AcDbRegAppTableRecord
  2
ACAD_DSTYLE_DIMJAG
 70
     0
  0
APPID
  5
4D2
330
9
100
AcDbSymbolTableRecord
100
AcDbRegAppTableRecord
  2
ACAD_DSTYLE_DIMTALN
 70
     0
  0
APPID
  5
4D3
330
9
100
AcDbSymbolTableRecord
100
AcDbRegAppTableRecord
  2
AcAecLayerStandard
 70
     0
  0
APPID
  5
4D4
330
9
100
AcDbSymbolTableRecord
100
AcDbRegAppTableRecord
  2
AcCmTransparency
 70
     0
  0
APPID
  5
4D5
330
9
100
AcDbSymbolTableRecord
100
AcDbRegAppTableRecord
  2
AcDbDynamicBlockGUID
 70
     0
  0
APPID
  5
4D6
330
9
100
AcDbSymbolTableRecord
100
AcDbRegAppTableRecord
  2
GradientColor1ACI
 70
     0
  0
APPID
  5
4D7
330
9
100
AcDbSymbolTableRecord
100
AcDbRegAppTableRecord
  2
GradientColor2ACI
 70
     0
  0
ENDTAB
  0
TABLE
  2
DIMSTYLE
  5
A
330
0
100
AcDbSymbolTable
 70
     4
100
AcDbDimStyleTable
 71
     0
  0
DIMSTYLE
105
58
330
A
100
AcDbSymbolTableRecord
100
AcDbDimStyleTableRecord
  2
ISO-25
 70
     0
 41
2.5
 42
0.625
 43
3.75
 44
1.25
 50
90.0
 73
     0
 74
     0
 77
     1
 78
     8
140
2.5
141
2.5
143
0.03937007874016
147
0.625
171
     3
172
     1
271
     2
272
     2
274
     3
278
    44
283
     0
284
     8
340
55
  0
DIMSTYLE
105
59
330
A
100
AcDbSymbolTableRecord
100
AcDbDimStyleTableRecord
  2
Annotative
 70
     0
340
55
1001
AcadAnnotative
1000
AnnotativeData
1002
{
1070
     1
1070
     1
1002
}
  0
DIMSTYLE
105
4CE
330
A
100
AcDbSymbolTableRecord
100
AcDbDimStyleTableRecord
  2
Anotativo
 70
     0
 40
0.0
 41
2.5
 42
0.625
 43
3.75
 44
1.25
 73
     0
 74
     0
 77
     1
 78
     8
140
2.5
141
2.5
143
0.03937007874016
147
0.625
171
     3
172
     1
271
     2
272
     2
274
     3
278
    44
283
     0
284
     8
340
55
1001
AcadAnnotative
1000
AnnotativeData
1002
{
1070
     1
1070
     1
1002
}
1001
ACAD_DSTYLE_DIMJAG
1070
   388
1040
1.5
1001
ACAD_DSTYLE_DIMTALN
1070
   392
1070
     0
  0
DIMSTYLE
105
4CF
102
{ACAD_REACTORS
330
7D0
330
7D3
330
7D4
330
7D7
330
7DA
330
7DD
330
7DF
330
7E2
330
6FC
330
6FF
330
702
330
705
330
708
330
70B
330
70E
330
711
330
714
330
717
330
71A
330
71D
330
720
330
780
330
781
330
782
330
785
330
786
330
723
330
726
330
727
330
72A
330
72D
330
730
330
733
330
736
330
A0C
330
A0F
330
A12
330
A15
330
A18
330
A1B
330
A1E
330
A21
330
A24
330
A27
330
A2A
330
A2D
330
A30
330
A33
330
A36
330
A37
330
A3A
330
A3D
330
A40
330
A43
330
A46
330
A90
330
A91
330
A92
330
A95
330
A96
330
AE0
330
AE3
330
AE4
330
AE7
330
AEA
330
AED
330
AEF
330
AF2
102
}
330
A
100
AcDbSymbolTableRecord
100
AcDbDimStyleTableRecord
  2
NUEV A
 70
     0
 41
0.1
 42
0.2
 43
0.2
 44
0.1
 46
0.15
 73
     0
 74
     0
 77
     1
140
0.3
141
0.15
147
0.1
172
     1
176
   256
177
   256
178
   256
271
     2
272
     2
275
     1
279
     1
340
55
341
7F
342
7F
  0
ENDTAB
  0
TABLE
  2
BLOCK_RECORD
  5
1
330
0
100
AcDbSymbolTable
 70
    77
  0
BLOCK_RECORD
  5
70
330
1
100
AcDbSymbolTableRecord
100
AcDbBlockTableRecord
  2
*Model_Space
340
73
 70
     0
280
     1
281
     0
  0
BLOCK_RECORD
  5
6C
330
1
100
AcDbSymbolTableRecord
100
AcDbBlockTableRecord
  2
*Paper_Space
340
6F
 70
     0
280
     1
281
     0
  0
BLOCK_RECORD
  5
74
330
1
100
AcDbSymbolTableRecord
100
AcDbBlockTableRecord
  2
*Paper_Space0
340
77
 70
     0
280
     1
281
     0
  0
BLOCK_RECORD
  5
7F
330
1
100
AcDbSymbolTableRecord
100
AcDbBlockTableRecord
  2
_DOT
340
0
 70
     0
280
     1
281
     0
  0
BLOCK_RECORD
  5
84
330
1
100
AcDbSymbolTableRecord
100
AcDbBlockTableRecord
  2
_ArchTick
340
0
102
{BLKREFS
331
30D
331
30E
331
31A
331
31B
331
327
331
328
331
334
331
335
331
341
331
342
331
34E
331
34F
331
35B
331
35C
331
368
331
369
331
375
331
376
331
382
331
383
331
38F
331
390
331
39C
331
39D
331
3A9
331
3AA
331
3B6
331
3B7
331
3C3
331
3C4
331
3D0
331
3D1
331
3DD
331
3DE
331
3EA
331
3EB
331
3F7
331
3F8
331
404
331
405
331
411
331
412
331
41E
331
41F
331
42B
331
42C
331
438
331
439
331
445
331
446
331
452
331
453
331
45F
331
460
331
46C
331
46D
331
479
331
47A
331
486
331
487
331
493
331
494
331
4A0
331
4A1
331
4AD
331
4AE
331
B58
331
B59
331
B65
331
B66
331
B72
331
B73
331
B7F
331
B80
331
B8C
331
B8D
331
B99
331
B9A
331
BA6
331
BA7
331
BB3
331
BB4
331
4BA
331
4BB
331
C32
331
C33
331
C3F
331
C40
331
C4C
331
C4D
331
C59
331
C5A
331
C63
331
C64
331
C6D
331
C6E
331
C7A
331
C7B
331
C84
331
C85
331
C8E
331
C8F
331
C9B
331
C9C
331
CA5
331
CA6
331
BC0
331
BC1
331
BCD
331
BCE
331
BDA
331
BDB
331
BE7
331
BE8
331
BF4
331
BF5
331
C01
331
C02
331
C0B
331
C0C
331
C18
331
C19
331
C25
331
C26
331
CB2
331
CB3
331
CBF
331
CC0
331
CD6
331
CD7
331
CE3
331
CE4
331
CF0
331
CF1
331
CFA
331
CFB
102
}
 70
     0
280
     1
281
     0
  0
BLOCK_RECORD
  5
88
330
1
100
AcDbSymbolTableRecord
100
AcDbBlockTableRecord
  2
ARB-P
340
0
102
{BLKREFS
331
7F9
331
7FA
331
7FB
331
7FD
331
7FE
331
7FF
331
800
331
801
331
802
331
808
331
809
331
80A
331
7EF
331
7F1
331
7F2
331
7F3
331
7F4
331
7F5
102
}
 70
     0
280
     1
281
     0
  0
BLOCK_RECORD
  5
8F
102
{ACAD_XDICTIONARY
360
90
102
}
330
1
100
AcDbSymbolTableRecord
100
AcDbBlockTableRecord
  2
ARB
340
0
310
2800000020000000200000000100080000000000000400000000000000000000000000000000000000000000000080000080000000808000800000008000800080800000C0C0C000C0DCC000F0CAA6000020400000206000002080000020A0000020C0000020E00000400000004020000040400000406000004080000040A0
310
000040C0000040E00000600000006020000060400000606000006080000060A0000060C0000060E00000800000008020000080400000806000008080000080A0000080C0000080E00000A0000000A0200000A0400000A0600000A0800000A0A00000A0C00000A0E00000C0000000C0200000C0400000C0600000C0800000C0
310
A00000C0C00000C0E00000E0000000E0200000E0400000E0600000E0800000E0A00000E0C00000E0E00040000000400020004000400040006000400080004000A0004000C0004000E00040200000402020004020400040206000402080004020A0004020C0004020E000404000004040200040404000404060004040800040
310
40A0004040C0004040E00040600000406020004060400040606000406080004060A0004060C0004060E00040800000408020004080400040806000408080004080A0004080C0004080E00040A0000040A0200040A0400040A0600040A0800040A0A00040A0C00040A0E00040C0000040C0200040C0400040C0600040C08000
310
40C0A00040C0C00040C0E00040E0000040E0200040E0400040E0600040E0800040E0A00040E0C00040E0E00080000000800020008000400080006000800080008000A0008000C0008000E00080200000802020008020400080206000802080008020A0008020C0008020E00080400000804020008040400080406000804080
310
008040A0008040C0008040E00080600000806020008060400080606000806080008060A0008060C0008060E00080800000808020008080400080806000808080008080A0008080C0008080E00080A0000080A0200080A0400080A0600080A0800080A0A00080A0C00080A0E00080C0000080C0200080C0400080C0600080C0
310
800080C0A00080C0C00080C0E00080E0000080E0200080E0400080E0600080E0800080E0A00080E0C00080E0E000C0000000C0002000C0004000C0006000C0008000C000A000C000C000C000E000C0200000C0202000C0204000C0206000C0208000C020A000C020C000C020E000C0400000C0402000C0404000C0406000C0
310
408000C040A000C040C000C040E000C0600000C0602000C0604000C0606000C0608000C060A000C060C000C060E000C0800000C0802000C0804000C0806000C0808000C080A000C080C000C080E000C0A00000C0A02000C0A04000C0A06000C0A08000C0A0A000C0A0C000C0A0E000C0C00000C0C02000C0C04000C0C06000
310
C0C08000C0C0A000F0FBFF00A4A0A000808080000000FF0000FF000000FFFF00FF000000FF00FF00FFFF0000FFFFFF000000000000000000000000000000000000000000000000000000000000000000000000000000000000000000000000000000A40000000000000000000000000000000000000000000000000000A400
310
00A400A400A40000000000000000000000000000000000000000000000A4A400A4A4A4A4A4A4A400000000000000000000000000000000000000A4A4A4A4A4A400A4A4A4A4A4A4A400000000000000000000000000000000A4A4A4A4A4A400A4A4A4A4A4A400A4A4A400A4000000000000000000000000A4A4A4A4A4A400A4
310
A4A400A4A4A4A4A4A4A4A4A400A4000000000000000000A400A4A4A40000A400A4A400A4A4A4A4A4A4A4A4A4A4A40000000000000000A4A4A4A400A400A4A40000A40000A4A4A4A4A4A4A4A4A4A40000000000000000A4A4A4A4A4A400A400A40000000000A400A4A4A4A4A4A4A4A4000000000000A4A4A4A4A400A4A4A4A4
310
A40000A40000A4A4A4A4A40000A4A4A4000000000000A4A4A400A400A4A4A4A40000A4A4000000A40000A400A4A4A4A4000000000000A4A4A40000A4A400A40000000000A400A4A400000000A400A4A4A400000000A4A4A4A4000000A40000A4000000A4A40000000000A4A4A4A4A4A4A400000000A4A4A4000000000000A4
310
A40000000000000000A40000A4A4A4A4A4A400000000A4A4A400000000000000A400000000000000A4A40000A4A4A40000A40000000000A40000000000000000000000A40000A40000A4000000A4A400A4A400000000A4A400000000000000000000A4A4A400A40000000000A4A4000000000000000000A400000000000000
310
0000A4A4A4A4A4A4000000000000A4000000A4000000000000A4000000A4000000A4A4A4000000000000000000000000A4A4A40000000000A4A400A4A4A400000000A4A400000000000000A4000000A4A4A40000000000000000A4A400A4000000000000000000000000A4A400000000A4A4000000000000000000A4000000
310
00000000000000000000A4A4A40000A400A40000000000000000A4A4A4A40000000000000000000000A4A4A4A400A4A4A400000000000000000000A4A4A400000000A400000000000000A4A400000000A4000000000000000000000000A4000000A4A40000000000000000A40000A4A4A40000000000000000000000000000
310
00A400A400A4000000000000A40000A400000000000000000000000000000000A4A4A400A4A40000A400A4A4A400A4A40000000000000000000000000000000000A4A40000A400A4A4A4A4A4A40000000000000000000000000000000000000000A40000A4A40000A400A40000000000000000000000000000000000000000
310
000000000000A400000000000000000000000000000000000000000000000000000000000000000000000000000000000000000000000000
102
{BLKREFS
331
891
331
892
331
893
331
894
331
895
331
896
331
897
102
}
 70
     4
280
     1
281
     0
1001
AcDbDynamicBlockGUID
1000
{2177179C-E0CB-9946-8833-F9F13F4FF169}
  0
BLOCK_RECORD
  5
1C2
102
{ACAD_XDICTIONARY
360
1C3
102
}
330
1
100
AcDbSymbolTableRecord
100
AcDbBlockTableRecord
  2
ARB2
340
0
310
2800000020000000200000000100080000000000000400000000000000000000000000000000000000000000000080000080000000808000800000008000800080800000C0C0C000C0DCC000F0CAA6000020400000206000002080000020A0000020C0000020E00000400000004020000040400000406000004080000040A0
310
000040C0000040E00000600000006020000060400000606000006080000060A0000060C0000060E00000800000008020000080400000806000008080000080A0000080C0000080E00000A0000000A0200000A0400000A0600000A0800000A0A00000A0C00000A0E00000C0000000C0200000C0400000C0600000C0800000C0
310
A00000C0C00000C0E00000E0000000E0200000E0400000E0600000E0800000E0A00000E0C00000E0E00040000000400020004000400040006000400080004000A0004000C0004000E00040200000402020004020400040206000402080004020A0004020C0004020E000404000004040200040404000404060004040800040
310
40A0004040C0004040E00040600000406020004060400040606000406080004060A0004060C0004060E00040800000408020004080400040806000408080004080A0004080C0004080E00040A0000040A0200040A0400040A0600040A0800040A0A00040A0C00040A0E00040C0000040C0200040C0400040C0600040C08000
310
40C0A00040C0C00040C0E00040E0000040E0200040E0400040E0600040E0800040E0A00040E0C00040E0E00080000000800020008000400080006000800080008000A0008000C0008000E00080200000802020008020400080206000802080008020A0008020C0008020E00080400000804020008040400080406000804080
310
008040A0008040C0008040E00080600000806020008060400080606000806080008060A0008060C0008060E00080800000808020008080400080806000808080008080A0008080C0008080E00080A0000080A0200080A0400080A0600080A0800080A0A00080A0C00080A0E00080C0000080C0200080C0400080C0600080C0
310
800080C0A00080C0C00080C0E00080E0000080E0200080E0400080E0600080E0800080E0A00080E0C00080E0E000C0000000C0002000C0004000C0006000C0008000C000A000C000C000C000E000C0200000C0202000C0204000C0206000C0208000C020A000C020C000C020E000C0400000C0402000C0404000C0406000C0
310
408000C040A000C040C000C040E000C0600000C0602000C0604000C0606000C0608000C060A000C060C000C060E000C0800000C0802000C0804000C0806000C0808000C080A000C080C000C080E000C0A00000C0A02000C0A04000C0A06000C0A08000C0A0A000C0A0C000C0A0E000C0C00000C0C02000C0C04000C0C06000
310
C0C08000C0C0A000F0FBFF00A4A0A000808080000000FF0000FF000000FFFF00FF000000FF00FF00FFFF0000FFFFFF000000000000000000000000000000000000000000000000000000000000000000000000000000000000000000000000000000A40000000000000000000000000000000000000000000000000000A400
310
00A400A400A40000000000000000000000000000000000000000000000A4A400A4A4A4A4A4A4A400000000000000000000000000000000000000A4A4A4A4A4A400A4A4A4A4A4A4A400000000000000000000000000000000A4A4A4A4A4A400A4A4A4A4A4A400A4A4A400A4000000000000000000000000A4A4A4A4A4A400A4
310
A4A400A4A4A4A4A4A4A4A4A400A4000000000000000000A400A4A4A40000A400A4A400A4A4A4A4A4A4A4A4A4A4A40000000000000000A4A4A4A400A400A4A40000A40000A4A4A4A4A4A4A4A4A4A40000000000000000A4A4A4A4A4A400A400A40000000000A400A4A4A4A4A4A4A4A4000000000000A4A4A4A4A400A4A4A4A4
310
A40000A40000A4A4A4A4A40000A4A4A4000000000000A4A4A400A400A4A4A4A40000A4A4000000A40000A400A4A4A4A4000000000000A4A4A40000A4A400A40000000000A400A4A400000000A400A4A4A400000000A4A4A4A4000000A40000A4000000A4A40000000000A4A4A4A4A4A4A400000000A4A4A4000000000000A4
310
A40000000000000000A40000A4A4A4A4A4A400000000A4A4A400000000000000A400000000000000A4A40000A4A4A40000A40000000000A40000000000000000000000A40000A40000A4000000A4A400A4A400000000A4A400000000000000000000A4A4A400A40000000000A4A4000000000000000000A400000000000000
310
0000A4A4A4A4A4A4000000000000A4000000A4000000000000A4000000A4000000A4A4A4000000000000000000000000A4A4A40000000000A4A400A4A4A400000000A4A400000000000000A4000000A4A4A40000000000000000A4A400A4000000000000000000000000A4A400000000A4A4000000000000000000A4000000
310
00000000000000000000A4A4A40000A400A40000000000000000A4A4A4A40000000000000000000000A4A4A4A400A4A4A400000000000000000000A4A4A400000000A400000000000000A4A400000000A4000000000000000000000000A4000000A4A40000000000000000A40000A4A4A40000000000000000000000000000
310
00A400A400A4000000000000A40000A400000000000000000000000000000000A4A4A400A4A40000A400A4A4A400A4A40000000000000000000000000000000000A4A40000A400A4A4A4A4A4A40000000000000000000000000000000000000000A40000A4A40000A400A40000000000000000000000000000000000000000
310
000000000000A400000000000000000000000000000000000000000000000000000000000000000000000000000000000000000000000000
102
{BLKREFS
331
947
331
948
331
949
331
94A
102
}
 70
     4
280
     1
281
     0
1001
AcDbDynamicBlockGUID
1000
{CC8172A9-1993-D14D-A181-A56C032AA58A}
  0
BLOCK_RECORD
  5
2F5
102
{ACAD_XDICTIONARY
360
2F6
102
}
330
1
100
AcDbSymbolTableRecord
100
AcDbBlockTableRecord
  2
nivel
340
0
310
2800000020000000200000000100080000000000000400000000000000000000000000000000000000000000000080000080000000808000800000008000800080800000C0C0C000C0DCC000F0CAA6000020400000206000002080000020A0000020C0000020E00000400000004020000040400000406000004080000040A0
310
000040C0000040E00000600000006020000060400000606000006080000060A0000060C0000060E00000800000008020000080400000806000008080000080A0000080C0000080E00000A0000000A0200000A0400000A0600000A0800000A0A00000A0C00000A0E00000C0000000C0200000C0400000C0600000C0800000C0
310
A00000C0C00000C0E00000E0000000E0200000E0400000E0600000E0800000E0A00000E0C00000E0E00040000000400020004000400040006000400080004000A0004000C0004000E00040200000402020004020400040206000402080004020A0004020C0004020E000404000004040200040404000404060004040800040
310
40A0004040C0004040E00040600000406020004060400040606000406080004060A0004060C0004060E00040800000408020004080400040806000408080004080A0004080C0004080E00040A0000040A0200040A0400040A0600040A0800040A0A00040A0C00040A0E00040C0000040C0200040C0400040C0600040C08000
310
40C0A00040C0C00040C0E00040E0000040E0200040E0400040E0600040E0800040E0A00040E0C00040E0E00080000000800020008000400080006000800080008000A0008000C0008000E00080200000802020008020400080206000802080008020A0008020C0008020E00080400000804020008040400080406000804080
310
008040A0008040C0008040E00080600000806020008060400080606000806080008060A0008060C0008060E00080800000808020008080400080806000808080008080A0008080C0008080E00080A0000080A0200080A0400080A0600080A0800080A0A00080A0C00080A0E00080C0000080C0200080C0400080C0600080C0
310
800080C0A00080C0C00080C0E00080E0000080E0200080E0400080E0600080E0800080E0A00080E0C00080E0E000C0000000C0002000C0004000C0006000C0008000C000A000C000C000C000E000C0200000C0202000C0204000C0206000C0208000C020A000C020C000C020E000C0400000C0402000C0404000C0406000C0
310
408000C040A000C040C000C040E000C0600000C0602000C0604000C0606000C0608000C060A000C060C000C060E000C0800000C0802000C0804000C0806000C0808000C080A000C080C000C080E000C0A00000C0A02000C0A04000C0A06000C0A08000C0A0A000C0A0C000C0A0E000C0C00000C0C02000C0C04000C0C06000
310
C0C08000C0C0A000F0FBFF00A4A0A000808080000000FF0000FF000000FFFF00FF000000FF00FF00FFFF0000FFFFFF0000000000000000000000000000000000000000000000000000000000000000000000000000000000000000000000000000000000000000000000000000000000000000000000000000000000000000
310
00000000000000000000000000000000000000000000000000000000000000000000000000000000000000000000000000000000000000000000000000000000000000000000000000000000000000000000000000000000000000000000000000000000000000000000000000000000000000000000000000000000000000
310
00000000000000000000000000000000000000000000000000000000000000000000000000000000000000000000000000000000000000000000000000000000000000000000000000000000000000000000000000000000000000000000000000000000000000000700000000000000000000000000000000000000000000
310
00000000000000000007000000000000000000000000000000000000000000000000000000000000070700000000000000000000000000000000000000000000000000000000070707070700000000000000000000000000000000000000000000000000000707070707000700000000000000000000000000000000000000
310
00000000000007070707070000070000000000000000000000000000000000000000000000070707070707000007000000000000000707070707070707070707070707070707070707070707070707070707070000000000000000000000000000000000000007000000070707070700000000000000000000000000000000
310
00000000000000070700000707070707000000000000000000000000000000000000000000000000000707070707070000000000000000000000000000000000000000000000000000000007070700000000000000000000000000000000000000000000000000000000000700000000000000000000000000000000000000
310
00000000000000000000000007000000000000000000000000000000000000000000000000000000000000000000000000000000000000000000000000000000000000000000000000000000000000000000000000000000000000000000000000000000000000000000000000000000000000000000000000000000000000
310
00000000000000000000000000000000000000000000000000000000000000000000000000000000000000000000000000000000000000000000000000000000000000000000000000000000000000000000000000000000000000000000000000000000000000000000000000000000000000000000000000000000000000
310
0000000000000000000000000000000000000000000000000000000000000000000000000000000000000000000000000000000000000000
102
{BLKREFS
331
955
331
958
331
95B
331
95E
331
961
331
964
331
A52
331
A55
331
A58
331
A5B
331
A5E
331
A61
331
A64
331
A72
331
A75
331
A78
331
A7B
331
A7E
331
A81
331
A84
331
AA8
331
AAB
331
AAE
331
AC4
331
A4C
331
A4F
331
AC8
102
}
 70
     4
280
     1
281
     0
1001
AcDbDynamicBlockGUID
1000
{7963AB7A-AF4C-C149-93FA-028C3397609A}
  0
BLOCK_RECORD
  5
2FD
102
{ACAD_XDICTIONARY
360
2FE
102
}
330
1
100
AcDbSymbolTableRecord
100
AcDbBlockTableRecord
  2
BN
340
0
310
28000000200000002000000001002000000000000010000001000000010000000000000000000000302821FF302821FF302821FF302821FF302821FF302821FF302821FF302821FF302821FF302821FF302821FF302821FF302821FF302821FF302821FF302821FF302821FF302821FF302821FF302821FF302821FF302821
310
FF302821FF302821FF302821FF302821FF302821FF302821FF302821FF302821FF302821FF302821FF302821FF302821FF302821FF302821FF302821FF302821FF302821FF302821FF302821FF302821FF302821FF302821FF302821FF302821FF302821FF302821FF302821FF302821FF302821FF302821FF302821FF3028
310
21FF00FFFFFF00FFFFFF302821FF302821FF302821FF302821FF302821FF302821FF302821FF302821FF302821FF302821FF302821FF302821FF302821FF302821FF302821FF302821FF00FFFFFF00FFFFFF00FFFFFF00FFFFFF00FFFFFF00FFFFFF00FFFFFF00FFFFFF00FFFFFF00FFFFFF00FFFFFF00FFFFFF00FFFFFF00
310
FFFFFF00FFFFFF00FFFFFF302821FF302821FF302821FF302821FF302821FF302821FF302821FF302821FF302821FF302821FF302821FF302821FF302821FF302821FF302821FF302821FF00FFFFFF302821FF302821FF302821FF302821FF302821FF302821FF302821FF302821FF302821FF302821FF302821FF302821FF
310
302821FF302821FF302821FF302821FF302821FF302821FF302821FF302821FF302821FF302821FF302821FF302821FF302821FF302821FF302821FF302821FF302821FF302821FF302821FF302821FF00FFFFFF302821FF302821FF302821FF302821FF302821FF302821FF302821FF302821FF302821FF302821FF302821
310
FF302821FF302821FF302821FF302821FF302821FF302821FF302821FF302821FF302821FF302821FF302821FF302821FF302821FF302821FF302821FF302821FF302821FF302821FF302821FF302821FF00FFFFFF302821FF302821FF302821FF302821FF302821FF302821FF302821FF302821FF302821FF302821FF3028
310
21FF302821FF302821FF302821FF302821FF302821FF302821FF302821FF302821FF302821FF302821FF302821FF302821FF302821FF302821FF302821FF302821FF302821FF302821FF302821FF302821FF302821FF00FFFFFF302821FF302821FF302821FF302821FF302821FF302821FF302821FF302821FF302821FF30
310
2821FF302821FF302821FF302821FF302821FF302821FF302821FF302821FF302821FF302821FF302821FF302821FF302821FF302821FF302821FF302821FF302821FF302821FF302821FF302821FF302821FF302821FF00FFFFFF302821FF302821FF302821FF302821FF302821FF302821FF302821FF302821FF302821FF
310
302821FF302821FF302821FF302821FF302821FF302821FF302821FF302821FF302821FF302821FF302821FF302821FF302821FF302821FF302821FF302821FF302821FF302821FF302821FF302821FF302821FF302821FF00FFFFFF302821FF302821FF302821FF302821FF302821FF302821FF302821FF302821FF302821
310
FF302821FF302821FF302821FF302821FF302821FF302821FF302821FF302821FF302821FF302821FF302821FF302821FF302821FF302821FF302821FF302821FF302821FF302821FF302821FF302821FF302821FF302821FF302821FF00FFFFFF302821FF302821FF302821FF302821FF302821FF302821FF302821FF3028
310
21FF302821FF302821FF302821FF302821FF302821FF302821FF302821FF302821FF302821FF302821FF302821FF302821FF302821FF302821FF302821FF302821FF302821FF302821FF302821FF302821FF302821FF302821FF302821FF00FFFFFF302821FF302821FF302821FF302821FF302821FF302821FF302821FF30
310
2821FF302821FF302821FF302821FF302821FF302821FF302821FF302821FF302821FF302821FF302821FF302821FF302821FF302821FF302821FF302821FF302821FF302821FF302821FF302821FF302821FF302821FF302821FF302821FF302821FF00FFFFFF302821FF302821FF302821FF302821FF302821FF302821FF
310
302821FF302821FF302821FF302821FF302821FF302821FF302821FF302821FF302821FF302821FF302821FF302821FF302821FF302821FF302821FF302821FF302821FF302821FF302821FF302821FF302821FF302821FF302821FF302821FF302821FF302821FF00FFFFFF00FFFFFF302821FF302821FF302821FF302821
310
FF302821FF302821FF302821FF302821FF302821FF302821FF302821FF302821FF302821FF302821FF302821FF302821FF302821FF302821FF302821FF302821FF302821FF302821FF302821FF302821FF302821FF302821FF302821FF302821FF302821FF302821FF302821FF302821FF00FFFFFF302821FF302821FF3028
310
21FF302821FF302821FF302821FF302821FF302821FF302821FF302821FF302821FF302821FF302821FF302821FF302821FF302821FF302821FF302821FF302821FF302821FF302821FF302821FF302821FF302821FF302821FF302821FF302821FF302821FF302821FF302821FF302821FF302821FF00FFFFFF302821FF30
310
2821FF302821FF302821FF302821FF302821FF302821FF302821FF302821FF302821FF302821FF302821FF302821FF302821FF302821FF302821FF302821FF302821FF302821FF302821FF302821FF302821FF302821FF302821FF302821FF302821FF302821FF302821FF302821FF302821FF302821FF302821FF00FFFFFF
310
00FFFFFF00FFFFFF00FFFFFF00FFFFFF302821FF302821FF302821FF302821FF302821FF302821FF302821FF302821FF302821FF302821FF302821FF302821FF302821FF302821FF302821FF302821FF302821FF302821FF302821FF302821FF302821FF302821FF302821FF302821FF302821FF302821FF302821FF302821
310
FF302821FF00FFFFFF00FFFFFF00FFFFFF00FFFFFF00FFFFFF302821FF302821FF302821FF302821FF302821FF302821FF302821FF302821FF302821FF302821FF302821FF302821FF302821FF302821FF302821FF302821FF302821FF302821FF302821FF302821FF302821FF302821FF302821FF302821FF00FFFFFF00FF
310
FFFF00FFFFFF302821FF302821FF302821FF302821FF302821FF302821FF302821FF302821FF302821FF302821FF302821FF302821FF302821FF302821FF302821FF302821FF302821FF302821FF302821FF302821FF302821FF302821FF302821FF302821FF302821FF302821FF302821FF00FFFFFF00FFFFFF302821FF30
310
2821FF302821FF302821FF302821FF302821FF302821FF302821FF302821FF302821FF302821FF302821FF302821FF302821FF302821FF302821FF302821FF302821FF302821FF302821FF302821FF302821FF302821FF302821FF302821FF302821FF302821FF302821FF302821FF00FFFFFF302821FF302821FF302821FF
310
302821FF302821FF302821FF302821FF302821FF302821FF302821FF302821FF302821FF302821FF302821FF302821FF302821FF302821FF302821FF302821FF302821FF302821FF302821FF302821FF302821FF302821FF302821FF302821FF302821FF302821FF302821FF00FFFFFF302821FF302821FF302821FF302821
310
FF302821FF302821FF302821FF302821FF302821FF302821FF302821FF302821FF302821FF302821FF302821FF302821FF302821FF302821FF302821FF302821FF302821FF302821FF302821FF302821FF302821FF302821FF302821FF302821FF302821FF302821FF00FFFFFF302821FF302821FF302821FF302821FF3028
310
21FF302821FF302821FF302821FF302821FF302821FF302821FF302821FF302821FF302821FF302821FF302821FF302821FF302821FF302821FF302821FF302821FF302821FF302821FF302821FF302821FF302821FF302821FF302821FF302821FF302821FF302821FF00FFFFFF302821FF302821FF302821FF302821FF30
310
2821FF302821FF302821FF302821FF302821FF302821FF302821FF302821FF302821FF302821FF302821FF302821FF302821FF302821FF302821FF302821FF302821FF302821FF302821FF302821FF302821FF302821FF302821FF302821FF302821FF302821FF00FFFFFF302821FF302821FF302821FF302821FF302821FF
310
302821FF302821FF302821FF302821FF302821FF302821FF302821FF302821FF302821FF302821FF302821FF302821FF302821FF302821FF302821FF302821FF302821FF302821FF302821FF302821FF302821FF302821FF302821FF302821FF302821FF302821FF00FFFFFF302821FF302821FF302821FF302821FF302821
310
FF302821FF302821FF302821FF302821FF302821FF302821FF302821FF302821FF302821FF302821FF302821FF302821FF302821FF302821FF302821FF302821FF302821FF302821FF302821FF302821FF302821FF302821FF302821FF302821FF302821FF302821FF00FFFFFF302821FF302821FF302821FF302821FF3028
310
21FF302821FF302821FF302821FF302821FF302821FF302821FF302821FF302821FF302821FF302821FF302821FF302821FF302821FF302821FF302821FF302821FF302821FF302821FF302821FF302821FF302821FF302821FF302821FF302821FF302821FF00FFFFFF302821FF302821FF302821FF302821FF302821FF30
310
2821FF302821FF302821FF302821FF302821FF302821FF302821FF302821FF302821FF302821FF302821FF302821FF302821FF302821FF302821FF302821FF302821FF302821FF302821FF302821FF302821FF302821FF302821FF302821FF302821FF302821FF00FFFFFF302821FF302821FF302821FF302821FF302821FF
310
302821FF302821FF302821FF302821FF302821FF302821FF302821FF302821FF302821FF302821FF302821FF302821FF302821FF302821FF302821FF302821FF302821FF302821FF302821FF302821FF302821FF302821FF302821FF302821FF302821FF00FFFFFF302821FF302821FF302821FF302821FF302821FF302821
310
FF302821FF302821FF302821FF302821FF302821FF302821FF302821FF302821FF302821FF302821FF302821FF302821FF302821FF302821FF302821FF302821FF302821FF302821FF302821FF302821FF302821FF302821FF302821FF302821FF302821FF00FFFFFF00FFFFFF00FFFFFF00FFFFFF00FFFFFF00FFFFFF00FF
310
FFFF00FFFFFF00FFFFFF00FFFFFF00FFFFFF00FFFFFF00FFFFFF00FFFFFF00FFFFFF00FFFFFF302821FF302821FF302821FF302821FF302821FF302821FF302821FF302821FF302821FF302821FF302821FF302821FF302821FF302821FF302821FF302821FF302821FF302821FF302821FF302821FF302821FF302821FF30
310
2821FF302821FF302821FF302821FF302821FF302821FF302821FF302821FF00FFFFFF00FFFFFF302821FF302821FF302821FF302821FF302821FF302821FF302821FF302821FF302821FF302821FF302821FF302821FF302821FF302821FF302821FF302821FF302821FF302821FF302821FF302821FF302821FF302821FF
310
302821FF302821FF302821FF302821FF302821FF302821FF302821FF302821FF302821FF302821FF302821FF302821FF302821FF302821FF302821FF302821FF302821FF302821FF
102
{BLKREFS
331
910
102
}
 70
     4
280
     1
281
     0
1001
AcDbDynamicBlockGUID
1000
{82B13152-C4D0-E641-848C-262D74DE892E}
  0
BLOCK_RECORD
  5
307
330
1
100
AcDbSymbolTableRecord
100
AcDbBlockTableRecord
  2
*D8
340
0
 70
     0
280
     1
281
     0
  0
BLOCK_RECORD
  5
314
330
1
100
AcDbSymbolTableRecord
100
AcDbBlockTableRecord
  2
*D9
340
0
 70
     0
280
     1
281
     0
  0
BLOCK_RECORD
  5
321
330
1
100
AcDbSymbolTableRecord
100
AcDbBlockTableRecord
  2
*D10
340
0
 70
     0
280
     1
281
     0
  0
BLOCK_RECORD
  5
32E
330
1
100
AcDbSymbolTableRecord
100
AcDbBlockTableRecord
  2
*D11
340
0
 70
     0
280
     1
281
     0
  0
BLOCK_RECORD
  5
33B
330
1
100
AcDbSymbolTableRecord
100
AcDbBlockTableRecord
  2
*D12
340
0
 70
     0
280
     1
281
     0
  0
BLOCK_RECORD
  5
348
330
1
100
AcDbSymbolTableRecord
100
AcDbBlockTableRecord
  2
*D13
340
0
 70
     0
280
     1
281
     0
  0
BLOCK_RECORD
  5
355
330
1
100
AcDbSymbolTableRecord
100
AcDbBlockTableRecord
  2
*D14
340
0
 70
     0
280
     1
281
     0
  0
BLOCK_RECORD
  5
362
330
1
100
AcDbSymbolTableRecord
100
AcDbBlockTableRecord
  2
*D15
340
0
 70
     0
280
     1
281
     0
  0
BLOCK_RECORD
  5
36F
330
1
100
AcDbSymbolTableRecord
100
AcDbBlockTableRecord
  2
*D16
340
0
 70
     0
280
     1
281
     0
  0
BLOCK_RECORD
  5
37C
330
1
100
AcDbSymbolTableRecord
100
AcDbBlockTableRecord
  2
*D17
340
0
 70
     0
280
     1
281
     0
  0
BLOCK_RECORD
  5
389
330
1
100
AcDbSymbolTableRecord
100
AcDbBlockTableRecord
  2
*D18
340
0
 70
     0
280
     1
281
     0
  0
BLOCK_RECORD
  5
396
330
1
100
AcDbSymbolTableRecord
100
AcDbBlockTableRecord
  2
*D19
340
0
 70
     0
280
     1
281
     0
  0
BLOCK_RECORD
  5
3A3
330
1
100
AcDbSymbolTableRecord
100
AcDbBlockTableRecord
  2
*D20
340
0
 70
     0
280
     1
281
     0
  0
BLOCK_RECORD
  5
3B0
330
1
100
AcDbSymbolTableRecord
100
AcDbBlockTableRecord
  2
*D21
340
0
 70
     0
280
     1
281
     0
  0
BLOCK_RECORD
  5
3BD
330
1
100
AcDbSymbolTableRecord
100
AcDbBlockTableRecord
  2
*D22
340
0
 70
     0
280
     1
281
     0
  0
BLOCK_RECORD
  5
3CA
330
1
100
AcDbSymbolTableRecord
100
AcDbBlockTableRecord
  2
*D23
340
0
 70
     0
280
     1
281
     0
  0
BLOCK_RECORD
  5
3D7
330
1
100
AcDbSymbolTableRecord
100
AcDbBlockTableRecord
  2
*D24
340
0
 70
     0
280
     1
281
     0
  0
BLOCK_RECORD
  5
3E4
330
1
100
AcDbSymbolTableRecord
100
AcDbBlockTableRecord
  2
*D25
340
0
 70
     0
280
     1
281
     0
  0
BLOCK_RECORD
  5
3F1
330
1
100
AcDbSymbolTableRecord
100
AcDbBlockTableRecord
  2
*D26
340
0
 70
     0
280
     1
281
     0
  0
BLOCK_RECORD
  5
3FE
330
1
100
AcDbSymbolTableRecord
100
AcDbBlockTableRecord
  2
*D27
340
0
 70
     0
280
     1
281
     0
  0
BLOCK_RECORD
  5
40B
330
1
100
AcDbSymbolTableRecord
100
AcDbBlockTableRecord
  2
*D28
340
0
 70
     0
280
     1
281
     0
  0
BLOCK_RECORD
  5
418
330
1
100
AcDbSymbolTableRecord
100
AcDbBlockTableRecord
  2
*D29
340
0
 70
     0
280
     1
281
     0
  0
BLOCK_RECORD
  5
425
330
1
100
AcDbSymbolTableRecord
100
AcDbBlockTableRecord
  2
*D30
340
0
 70
     0
280
     1
281
     0
  0
BLOCK_RECORD
  5
432
330
1
100
AcDbSymbolTableRecord
100
AcDbBlockTableRecord
  2
*D31
340
0
 70
     0
280
     1
281
     0
  0
BLOCK_RECORD
  5
43F
330
1
100
AcDbSymbolTableRecord
100
AcDbBlockTableRecord
  2
*D32
340
0
 70
     0
280
     1
281
     0
  0
BLOCK_RECORD
  5
44C
330
1
100
AcDbSymbolTableRecord
100
AcDbBlockTableRecord
  2
*D33
340
0
 70
     0
280
     1
281
     0
  0
BLOCK_RECORD
  5
459
330
1
100
AcDbSymbolTableRecord
100
AcDbBlockTableRecord
  2
*D34
340
0
 70
     0
280
     1
281
     0
  0
BLOCK_RECORD
  5
466
330
1
100
AcDbSymbolTableRecord
100
AcDbBlockTableRecord
  2
*D35
340
0
 70
     0
280
     1
281
     0
  0
BLOCK_RECORD
  5
473
330
1
100
AcDbSymbolTableRecord
100
AcDbBlockTableRecord
  2
*D36
340
0
 70
     0
280
     1
281
     0
  0
BLOCK_RECORD
  5
480
330
1
100
AcDbSymbolTableRecord
100
AcDbBlockTableRecord
  2
*D37
340
0
 70
     0
280
     1
281
     0
  0
BLOCK_RECORD
  5
48D
330
1
100
AcDbSymbolTableRecord
100
AcDbBlockTableRecord
  2
*D38
340
0
 70
     0
280
     1
281
     0
  0
BLOCK_RECORD
  5
49A
330
1
100
AcDbSymbolTableRecord
100
AcDbBlockTableRecord
  2
*D39
340
0
 70
     0
280
     1
281
     0
  0
BLOCK_RECORD
  5
4A7
330
1
100
AcDbSymbolTableRecord
100
AcDbBlockTableRecord
  2
*D40
340
0
 70
     0
280
     1
281
     0
  0
BLOCK_RECORD
  5
4B4
330
1
100
AcDbSymbolTableRecord
100
AcDbBlockTableRecord
  2
*D41
340
0
 70
     0
280
     1
281
     0
  0
BLOCK_RECORD
  5
AF6
330
1
100
AcDbSymbolTableRecord
100
AcDbBlockTableRecord
  2
*D43
340
0
 70
     0
280
     1
281
     0
  0
BLOCK_RECORD
  5
B03
330
1
100
AcDbSymbolTableRecord
100
AcDbBlockTableRecord
  2
*D44
340
0
 70
     0
280
     1
281
     0
  0
BLOCK_RECORD
  5
B10
330
1
100
AcDbSymbolTableRecord
100
AcDbBlockTableRecord
  2
*D45
340
0
 70
     0
280
     1
281
     0
  0
BLOCK_RECORD
  5
B1D
330
1
100
AcDbSymbolTableRecord
100
AcDbBlockTableRecord
  2
*D46
340
0
 70
     0
280
     1
281
     0
  0
BLOCK_RECORD
  5
B2A
330
1
100
AcDbSymbolTableRecord
100
AcDbBlockTableRecord
  2
*D47
340
0
 70
     0
280
     1
281
     0
  0
BLOCK_RECORD
  5
B37
330
1
100
AcDbSymbolTableRecord
100
AcDbBlockTableRecord
  2
*D48
340
0
 70
     0
280
     1
281
     0
  0
BLOCK_RECORD
  5
B44
330
1
100
AcDbSymbolTableRecord
100
AcDbBlockTableRecord
  2
*D49
340
0
 70
     0
280
     1
281
     0
  0
BLOCK_RECORD
  5
B51
330
1
100
AcDbSymbolTableRecord
100
AcDbBlockTableRecord
  2
*D50
340
0
 70
     0
280
     1
281
     0
  0
BLOCK_RECORD
  5
B5E
330
1
100
AcDbSymbolTableRecord
100
AcDbBlockTableRecord
  2
*D51
340
0
 70
     0
280
     1
281
     0
  0
BLOCK_RECORD
  5
B6B
330
1
100
AcDbSymbolTableRecord
100
AcDbBlockTableRecord
  2
*D52
340
0
 70
     0
280
     1
281
     0
  0
BLOCK_RECORD
  5
B78
330
1
100
AcDbSymbolTableRecord
100
AcDbBlockTableRecord
  2
*D53
340
0
 70
     0
280
     1
281
     0
  0
BLOCK_RECORD
  5
B85
330
1
100
AcDbSymbolTableRecord
100
AcDbBlockTableRecord
  2
*D54
340
0
 70
     0
280
     1
281
     0
  0
BLOCK_RECORD
  5
B92
330
1
100
AcDbSymbolTableRecord
100
AcDbBlockTableRecord
  2
*D55
340
0
 70
     0
280
     1
281
     0
  0
BLOCK_RECORD
  5
B9F
330
1
100
AcDbSymbolTableRecord
100
AcDbBlockTableRecord
  2
*D56
340
0
 70
     0
280
     1
281
     0
  0
BLOCK_RECORD
  5
BAC
330
1
100
AcDbSymbolTableRecord
100
AcDbBlockTableRecord
  2
*D57
340
0
 70
     0
280
     1
281
     0
  0
BLOCK_RECORD
  5
BB9
330
1
100
AcDbSymbolTableRecord
100
AcDbBlockTableRecord
  2
*D58
340
0
 70
     0
280
     1
281
     0
  0
BLOCK_RECORD
  5
BC6
330
1
100
AcDbSymbolTableRecord
100
AcDbBlockTableRecord
  2
*D59
340
0
 70
     0
280
     1
281
     0
  0
BLOCK_RECORD
  5
BD3
330
1
100
AcDbSymbolTableRecord
100
AcDbBlockTableRecord
  2
*D60
340
0
 70
     0
280
     1
281
     0
  0
BLOCK_RECORD
  5
BE0
330
1
100
AcDbSymbolTableRecord
100
AcDbBlockTableRecord
  2
*D61
340
0
 70
     0
280
     1
281
     0
  0
BLOCK_RECORD
  5
BED
330
1
100
AcDbSymbolTableRecord
100
AcDbBlockTableRecord
  2
*D62
340
0
 70
     0
280
     1
281
     0
  0
BLOCK_RECORD
  5
BFA
330
1
100
AcDbSymbolTableRecord
100
AcDbBlockTableRecord
  2
*D63
340
0
 70
     0
280
     1
281
     0
  0
BLOCK_RECORD
  5
C11
330
1
100
AcDbSymbolTableRecord
100
AcDbBlockTableRecord
  2
*D64
340
0
 70
     0
280
     1
281
     0
  0
BLOCK_RECORD
  5
C1E
330
1
100
AcDbSymbolTableRecord
100
AcDbBlockTableRecord
  2
*D65
340
0
 70
     0
280
     1
281
     0
  0
BLOCK_RECORD
  5
C2B
330
1
100
AcDbSymbolTableRecord
100
AcDbBlockTableRecord
  2
*D66
340
0
 70
     0
280
     1
281
     0
  0
BLOCK_RECORD
  5
C38
330
1
100
AcDbSymbolTableRecord
100
AcDbBlockTableRecord
  2
*D67
340
0
 70
     0
280
     1
281
     0
  0
BLOCK_RECORD
  5
C45
330
1
100
AcDbSymbolTableRecord
100
AcDbBlockTableRecord
  2
*D68
340
0
 70
     0
280
     1
281
     0
  0
BLOCK_RECORD
  5
C52
330
1
100
AcDbSymbolTableRecord
100
AcDbBlockTableRecord
  2
*D69
340
0
 70
     0
280
     1
281
     0
  0
BLOCK_RECORD
  5
C73
330
1
100
AcDbSymbolTableRecord
100
AcDbBlockTableRecord
  2
*D70
340
0
 70
     0
280
     1
281
     0
  0
BLOCK_RECORD
  5
C94
330
1
100
AcDbSymbolTableRecord
100
AcDbBlockTableRecord
  2
*D71
340
0
 70
     0
280
     1
281
     0
  0
BLOCK_RECORD
  5
CAB
330
1
100
AcDbSymbolTableRecord
100
AcDbBlockTableRecord
  2
*D72
340
0
 70
     0
280
     1
281
     0
  0
BLOCK_RECORD
  5
CB8
330
1
100
AcDbSymbolTableRecord
100
AcDbBlockTableRecord
  2
*D73
340
0
 70
     0
280
     1
281
     0
  0
BLOCK_RECORD
  5
CC5
330
1
100
AcDbSymbolTableRecord
100
AcDbBlockTableRecord
  2
*D74
340
0
 70
     0
280
     1
281
     0
  0
BLOCK_RECORD
  5
CDC
330
1
100
AcDbSymbolTableRecord
100
AcDbBlockTableRecord
  2
*D75
340
0
 70
     0
280
     1
281
     0
  0
BLOCK_RECORD
  5
CE9
330
1
100
AcDbSymbolTableRecord
100
AcDbBlockTableRecord
  2
*D76
340
0
 70
     0
280
     1
281
     0
  0
ENDTAB
  0
ENDSEC
  0
SECTION
  2
BLOCKS
  0
BLOCK
  5
71
330
70
100
AcDbEntity
  8
0
100
AcDbBlockBegin
  2
*Model_Space
 70
     0
 10
0.0
 20
0.0
 30
0.0
  3
*Model_Space
  1

  0
ENDBLK
  5
72
330
70
100
AcDbEntity
  8
0
100
AcDbBlockEnd
  0
BLOCK
  5
6D
330
6C
100
AcDbEntity
 67
     1
  8
0
100
AcDbBlockBegin
  2
*Paper_Space
 70
     0
 10
0.0
 20
0.0
 30
0.0
  3
*Paper_Space
  1

  0
ENDBLK
  5
6E
330
6C
100
AcDbEntity
 67
     1
  8
0
100
AcDbBlockEnd
  0
BLOCK
  5
75
330
74
100
AcDbEntity
 67
     1
  8
0
100
AcDbBlockBegin
  2
*Paper_Space0
 70
     0
 10
0.0
 20
0.0
 30
0.0
  3
*Paper_Space0
  1

  0
ENDBLK
  5
76
330
74
100
AcDbEntity
 67
     1
  8
0
100
AcDbBlockEnd
  0
BLOCK
  5
80
330
7F
100
AcDbEntity
  8
0
100
AcDbBlockBegin
  2
_DOT
 70
     0
 10
0.0
 20
0.0
 30
0.0
  3
_DOT
  1

  0
LWPOLYLINE
  5
81
330
7F
100
AcDbEntity
  8
0
  6
ByBlock
 62
     0
100
AcDbPolyline
 90
        2
 70
     1
 43
0.5
 10
-0.25
 20
0.0
 42
1.0
 10
0.25
 20
0.0
 42
1.0
  0
LINE
  5
82
330
7F
100
AcDbEntity
  8
0
  6
ByBlock
 62
     0
100
AcDbLine
 10
-0.5
 20
0.0
 30
0.0
 11
-1.0
 21
0.0
 31
0.0
  0
ENDBLK
  5
83
330
7F
100
AcDbEntity
  8
0
100
AcDbBlockEnd
  0
BLOCK
  5
85
330
84
100
AcDbEntity
  8
0
100
AcDbBlockBegin
  2
_ArchTick
 70
     0
 10
0.0
 20
0.0
 30
0.0
  3
_ArchTick
  1

  0
LWPOLYLINE
  5
86
330
84
100
AcDbEntity
  8
0
  6
ByBlock
 62
     0
100
AcDbPolyline
 90
        2
 70
     0
 43
0.15
 10
-0.5
 20
-0.5
 10
0.5
 20
0.5
  0
ENDBLK
  5
87
330
84
100
AcDbEntity
  8
0
100
AcDbBlockEnd
  0
BLOCK
  5
89
330
88
100
AcDbEntity
  8
0
100
AcDbBlockBegin
  2
ARB-P
 70
     0
 10
0.0
 20
0.0
 30
0.0
  3
ARB-P
  1

  0
LINE
  5
8A
330
88
100
AcDbEntity
  8
0
100
AcDbLine
 10
236.1546076039613
 20
96.40000264964616
 30
0.0
 11
232.9624939649173
 21
92.59101770475856
 31
0.0
  0
CIRCLE
  5
8B
330
88
100
AcDbEntity
  8
0
100
AcDbCircle
 10
234.4957467531646
 20
94.57514966703639
 30
0.0
 40
2.25
  0
CIRCLE
  5
8C
330
88
100
AcDbEntity
  8
0
100
AcDbCircle
 10
234.6464764484092
 20
94.38401486583853
 30
0.0
 40
2.25
  0
LINE
  5
8D
330
88
100
AcDbEntity
  8
0
100
AcDbLine
 10
232.6610343725759
 20
92.97328756311586
 30
0.0
 11
236.5766925776862
 21
96.06119182879274
 31
0.0
  0
ENDBLK
  5
8E
330
88
100
AcDbEntity
  8
0
100
AcDbBlockEnd
  0
BLOCK
  5
91
330
8F
100
AcDbEntity
  8
0
100
AcDbBlockBegin
  2
ARB
 70
     0
 10
0.0
 20
0.0
 30
0.0
  3
ARB
  1

  0
LINE
  5
92
330
8F
100
AcDbEntity
  8
0
100
AcDbLine
 10
0.2636694832608555
 20
-0.0455903368444979
 30
0.0
 11
0.3438250123081161
 21
-0.1136140169298869
 31
0.0
  0
LINE
  5
93
330
8F
100
AcDbEntity
  8
0
100
AcDbLine
 10
0.3438250123081161
 20
-0.1136140169298869
 30
0.0
 11
0.3195674243199846
 21
-0.0151967746148785
 31
0.0
  0
LINE
  5
94
330
8F
100
AcDbEntity
  8
0
100
AcDbLine
 10
0.3195674243199846
 20
-0.0151967746148785
 30
0.0
 11
0.2636694832608555
 21
-0.0455903368444979
 31
0.0
  0
LINE
  5
95
330
8F
100
AcDbEntity
  8
0
100
AcDbLine
 10
0.0316403400713625
 20
-0.2040710272563047
 30
0.0
 11
0.1117958561187606
 21
-0.2720947073419211
 31
0.0
  0
LINE
  5
96
330
8F
100
AcDbEntity
  8
0
100
AcDbLine
 10
0.1117958561187606
 20
-0.2720947073419211
 30
0.0
 11
0.0875382681306292
 21
-0.1736774780265478
 31
0.0
  0
LINE
  5
97
330
8F
100
AcDbEntity
  8
0
100
AcDbLine
 10
0.0875382681306292
 20
-0.1736774780265478
 30
0.0
 11
0.0316403400713625
 21
-0.2040710272563047
 31
0.0
  0
LINE
  5
98
330
8F
100
AcDbEntity
  8
0
100
AcDbLine
 10
-0.0316403400711352
 20
-0.3401183874273101
 30
0.0
 11
0.0485151889761255
 21
-0.4081420675126993
 31
0.0
  0
LINE
  5
99
330
8F
100
AcDbEntity
  8
0
100
AcDbLine
 10
0.0485151889761255
 20
-0.4081420675126993
 30
0.0
 11
0.0242575879881315
 21
-0.3097248251976907
 31
0.0
  0
LINE
  5
9A
330
8F
100
AcDbEntity
  8
0
100
AcDbLine
 10
0.0242575879881315
 20
-0.3097248251976907
 30
0.0
 11
-0.0316403400711352
 21
-0.3401183874273101
 31
0.0
  0
LINE
  5
9B
330
8F
100
AcDbEntity
  8
0
100
AcDbLine
 10
-0.2953098363318531
 20
0.5514259703099924
 30
0.0
 11
-0.2151543072845925
 21
0.4834023032244659
 31
0.0
  0
LINE
  5
9C
330
8F
100
AcDbEntity
  8
0
100
AcDbLine
 10
-0.2151543072845925
 20
0.4834023032244659
 30
0.0
 11
-0.239411895272724
 21
0.5818195325396119
 31
0.0
  0
LINE
  5
9D
330
8F
100
AcDbEntity
  8
0
100
AcDbLine
 10
-0.239411895272724
 20
0.5818195325396119
 30
0.0
 11
-0.2953098363318531
 21
0.5514259703099924
 31
0.0
  0
LINE
  5
9E
330
8F
100
AcDbEntity
  8
0
100
AcDbLine
 10
-0.5262843006523781
 20
0.2337409261235734
 30
0.0
 11
-0.44612878460498
 21
0.1657172590380469
 31
0.0
  0
LINE
  5
9F
330
8F
100
AcDbEntity
  8
0
100
AcDbLine
 10
-0.44612878460498
 20
0.1657172590380469
 30
0.0
 11
-0.4703863725928841
 21
0.2641344883531929
 31
0.0
  0
LINE
  5
A0
330
8F
100
AcDbEntity
  8
0
100
AcDbLine
 10
-0.4703863725928841
 20
0.2641344883531929
 30
0.0
 11
-0.5262843006523781
 21
0.2337409261235734
 31
0.0
  0
LINE
  5
A1
330
8F
100
AcDbEntity
  8
0
100
AcDbLine
 10
-0.2868724053794267
 20
-0.1136140169298869
 30
0.0
 11
-0.2067168763323934
 21
-0.181637697015276
 31
0.0
  0
LINE
  5
A2
330
8F
100
AcDbEntity
  8
0
100
AcDbLine
 10
-0.2067168763323934
 20
-0.181637697015276
 30
0.0
 11
-0.2309744773201601
 21
-0.0832204547002675
 31
0.0
  0
LINE
  5
A3
330
8F
100
AcDbEntity
  8
0
100
AcDbLine
 10
-0.2309744773201601
 20
-0.0832204547002675
 30
0.0
 11
-0.2868724053794267
 21
-0.1136140169298869
 31
0.0
  0
LINE
  5
A4
330
8F
100
AcDbEntity
  8
0
100
AcDbLine
 10
-0.3111300063674207
 20
-0.3024882695715405
 30
0.0
 11
-0.2309744773201601
 21
-0.3705119496569296
 31
0.0
  0
LINE
  5
A5
330
8F
100
AcDbEntity
  8
0
100
AcDbLine
 10
-0.2309744773201601
 20
-0.3705119496569296
 30
0.0
 11
-0.2552320653082916
 21
-0.2720947073419211
 31
0.0
  0
LINE
  5
A6
330
8F
100
AcDbEntity
  8
0
100
AcDbLine
 10
-0.2552320653082916
 20
-0.2720947073419211
 30
0.0
 11
-0.3111300063674207
 21
-0.3024882695715405
 31
0.0
  0
LINE
  5
A7
330
8F
100
AcDbEntity
  8
0
100
AcDbLine
 10
-0.2552320653082916
 20
-0.3777485052830798
 30
0.0
 11
-0.1750765492608934
 21
-0.4457721853684689
 31
0.0
  0
LINE
  5
A8
330
8F
100
AcDbEntity
  8
0
100
AcDbLine
 10
-0.1750765492608934
 20
-0.4457721853684689
 30
0.0
 11
-0.1993341372490249
 21
-0.3473549430534604
 31
0.0
  0
LINE
  5
A9
330
8F
100
AcDbEntity
  8
0
100
AcDbLine
 10
-0.1993341372490249
 20
-0.3473549430534604
 30
0.0
 11
-0.2552320653082916
 21
-0.3777485052830798
 31
0.0
  0
LINE
  5
AA
330
8F
100
AcDbEntity
  8
0
100
AcDbLine
 10
-0.2794896662960582
 20
-0.513795865453858
 30
0.0
 11
-0.1993341372490249
 21
-0.5818195325393845
 31
0.0
  0
LINE
  5
AB
330
8F
100
AcDbEntity
  8
0
100
AcDbLine
 10
-0.1993341372490249
 20
-0.5818195325393845
 30
0.0
 11
-0.223591725236929
 21
-0.4834023032242385
 31
0.0
  0
LINE
  5
AC
330
8F
100
AcDbEntity
  8
0
100
AcDbLine
 10
-0.223591725236929
 20
-0.4834023032242385
 30
0.0
 11
-0.2794896662960582
 21
-0.513795865453858
 31
0.0
  0
LINE
  5
AD
330
8F
100
AcDbEntity
  8
0
100
AcDbLine
 10
0.302692575415449
 20
0.3249215998125692
 30
0.0
 11
0.3828481044624823
 21
0.2568979327270426
 31
0.0
  0
LINE
  5
AE
330
8F
100
AcDbEntity
  8
0
100
AcDbLine
 10
0.3828481044624823
 20
0.2568979327270426
 30
0.0
 11
0.3585905034747157
 21
0.3553151620421886
 31
0.0
  0
LINE
  5
AF
330
8F
100
AcDbEntity
  8
0
100
AcDbLine
 10
0.3585905034747157
 20
0.3553151620421886
 30
0.0
 11
0.302692575415449
 21
0.3249215998125692
 31
0.0
  0
LINE
  5
B0
330
8F
100
AcDbEntity
  8
0
100
AcDbLine
 10
0.0875382681306292
 20
0.0832204547002675
 30
0.0
 11
0.1676937971778898
 21
0.0151967746148785
 31
0.0
  0
LINE
  5
B1
330
8F
100
AcDbEntity
  8
0
100
AcDbLine
 10
0.1676937971778898
 20
0.0151967746148785
 30
0.0
 11
0.1434361961898958
 21
0.1136140169298869
 31
0.0
  0
LINE
  5
B2
330
8F
100
AcDbEntity
  8
0
100
AcDbLine
 10
0.1434361961898958
 20
0.1136140169298869
 30
0.0
 11
0.0875382681306292
 21
0.0832204547002675
 31
0.0
  0
LINE
  5
B3
330
8F
100
AcDbEntity
  8
0
100
AcDbLine
 10
-0.0801555290470333
 20
0.0680236800853891
 30
0.0
 11
0.0
 21
0.0
 31
0.0
  0
LINE
  5
B4
330
8F
100
AcDbEntity
  8
0
100
AcDbLine
 10
0.0
 20
0.0
 30
0.0
 11
-0.0242576009877666
 21
0.098417229315146
 31
0.0
  0
LINE
  5
B5
330
8F
100
AcDbEntity
  8
0
100
AcDbLine
 10
-0.0242576009877666
 20
0.098417229315146
 30
0.0
 11
-0.0801555290470333
 21
0.0680236800853891
 31
0.0
  0
LINE
  5
B6
330
8F
100
AcDbEntity
  8
0
100
AcDbLine
 10
-0.0242576009877666
 20
0.1056537979413861
 30
0.0
 11
0.055897928059494
 21
0.0376301178557697
 31
0.0
  0
LINE
  5
B7
330
8F
100
AcDbEntity
  8
0
100
AcDbLine
 10
0.055897928059494
 20
0.0376301178557697
 30
0.0
 11
0.0316403400713625
 21
0.136047347171143
 31
0.0
  0
LINE
  5
B8
330
8F
100
AcDbEntity
  8
0
100
AcDbLine
 10
0.0316403400713625
 20
0.136047347171143
 30
0.0
 11
-0.0242576009877666
 21
0.1056537979413861
 31
0.0
  0
LINE
  5
B9
330
8F
100
AcDbEntity
  8
0
100
AcDbLine
 10
-0.1592563792253259
 20
0.6874733304807706
 30
0.0
 11
-0.0791008501780652
 21
0.6194496503953815
 31
0.0
  0
LINE
  5
BA
330
8F
100
AcDbEntity
  8
0
100
AcDbLine
 10
-0.0791008501780652
 20
0.6194496503953815
 30
0.0
 11
-0.1033584381661967
 21
0.7178668797105275
 31
0.0
  0
LINE
  5
BB
330
8F
100
AcDbEntity
  8
0
100
AcDbLine
 10
-0.1033584381661967
 20
0.7178668797105275
 30
0.0
 11
-0.1592563792253259
 21
0.6874733304807706
 31
0.0
  0
LINE
  5
BC
330
8F
100
AcDbEntity
  8
0
100
AcDbLine
 10
-0.1592563792253259
 20
0.7858905597959165
 30
0.0
 11
-0.0791008501780652
 21
0.7178668797105275
 31
0.0
  0
LINE
  5
BD
330
8F
100
AcDbEntity
  8
0
100
AcDbLine
 10
-0.0791008501780652
 20
0.7178668797105275
 30
0.0
 11
-0.1033584381661967
 21
0.8162841220257632
 31
0.0
  0
LINE
  5
BE
330
8F
100
AcDbEntity
  8
0
100
AcDbLine
 10
-0.1033584381661967
 20
0.8162841220257632
 30
0.0
 11
-0.1592563792253259
 21
0.7858905597959165
 31
0.0
  0
LINE
  5
BF
330
8F
100
AcDbEntity
  8
0
100
AcDbLine
 10
0.2309744773203874
 20
0.6570797682511511
 30
0.0
 11
0.3111299933677856
 21
0.5890560881657621
 31
0.0
  0
LINE
  5
C0
330
8F
100
AcDbEntity
  8
0
100
AcDbLine
 10
0.3111299933677856
 20
0.5890560881657621
 30
0.0
 11
0.2868724053796541
 21
0.6874733304807706
 31
0.0
  0
LINE
  5
C1
330
8F
100
AcDbEntity
  8
0
100
AcDbLine
 10
0.2868724053796541
 20
0.6874733304807706
 30
0.0
 11
0.2309744773203874
 21
0.6570797682511511
 31
0.0
  0
LINE
  5
C2
330
8F
100
AcDbEntity
  8
0
100
AcDbLine
 10
0.1835139672134573
 20
0.7403002229514187
 30
0.0
 11
0.2636694832608555
 21
0.6722765428660296
 31
0.0
  0
LINE
  5
C3
330
8F
100
AcDbEntity
  8
0
100
AcDbLine
 10
0.2636694832608555
 20
0.6722765428660296
 30
0.0
 11
0.239411895272724
 21
0.7706937851810381
 31
0.0
  0
LINE
  5
C4
330
8F
100
AcDbEntity
  8
0
100
AcDbLine
 10
0.239411895272724
 20
0.7706937851810381
 30
0.0
 11
0.1835139672134573
 21
0.7403002229514187
 31
0.0
  0
LINE
  5
C5
330
8F
100
AcDbEntity
  8
0
100
AcDbLine
 10
0.2868724053796541
 20
0.7178668797105275
 30
0.0
 11
0.3670279344269147
 21
0.6498432126250009
 31
0.0
  0
LINE
  5
C6
330
8F
100
AcDbEntity
  8
0
100
AcDbLine
 10
0.3670279344269147
 20
0.6498432126250009
 30
0.0
 11
0.3427703334391481
 21
0.7482604419401469
 31
0.0
  0
LINE
  5
C7
330
8F
100
AcDbEntity
  8
0
100
AcDbLine
 10
0.3427703334391481
 20
0.7482604419401469
 30
0.0
 11
0.2868724053796541
 21
0.7178668797105275
 31
0.0
  0
LINE
  5
C8
330
8F
100
AcDbEntity
  8
0
100
AcDbLine
 10
0.4387460325219763
 20
0.6274098693841097
 30
0.0
 11
0.5189015485691471
 21
0.5593861892987207
 31
0.0
  0
LINE
  5
C9
330
8F
100
AcDbEntity
  8
0
100
AcDbLine
 10
0.5189015485691471
 20
0.5593861892987207
 30
0.0
 11
0.494643960581243
 21
0.6578034316137292
 31
0.0
  0
LINE
  5
CA
330
8F
100
AcDbEntity
  8
0
100
AcDbLine
 10
0.494643960581243
 20
0.6578034316137292
 30
0.0
 11
0.4387460325219763
 21
0.6274098693841097
 31
0.0
  0
LINE
  5
CB
330
8F
100
AcDbEntity
  8
0
100
AcDbLine
 10
0.5906196596640712
 20
0.5137958524542228
 30
0.0
 11
0.6707751757114693
 21
0.4457721723688337
 31
0.0
  0
LINE
  5
CC
330
8F
100
AcDbEntity
  8
0
100
AcDbLine
 10
0.6707751757114693
 20
0.4457721723688337
 30
0.0
 11
0.6465175877233378
 21
0.5441894146838422
 31
0.0
  0
LINE
  5
CD
330
8F
100
AcDbEntity
  8
0
100
AcDbLine
 10
0.6465175877233378
 20
0.5441894146838422
 30
0.0
 11
0.5906196596640712
 21
0.5137958524542228
 31
0.0
  0
LINE
  5
CE
330
8F
100
AcDbEntity
  8
0
100
AcDbLine
 10
0.2552320653085189
 20
0.4834023032244659
 30
0.0
 11
0.3353875943557796
 21
0.4153786231388495
 31
0.0
  0
LINE
  5
CF
330
8F
100
AcDbEntity
  8
0
100
AcDbLine
 10
0.3353875943557796
 20
0.4153786231388495
 30
0.0
 11
0.3111299933677856
 21
0.5137958524542228
 31
0.0
  0
LINE
  5
D0
330
8F
100
AcDbEntity
  8
0
100
AcDbLine
 10
0.3111299933677856
 20
0.5137958524542228
 30
0.0
 11
0.2552320653085189
 21
0.4834023032244659
 31
0.0
  0
LINE
  5
D1
330
8F
100
AcDbEntity
  8
0
100
AcDbLine
 10
0.3111299933677856
 20
0.4305753977539553
 30
0.0
 11
0.3912855224150462
 21
0.3625517176683388
 31
0.0
  0
LINE
  5
D2
330
8F
100
AcDbEntity
  8
0
100
AcDbLine
 10
0.3912855224150462
 20
0.3625517176683388
 30
0.0
 11
0.3670279344269147
 21
0.4609689599835747
 31
0.0
  0
LINE
  5
D3
330
8F
100
AcDbEntity
  8
0
100
AcDbLine
 10
0.3670279344269147
 20
0.4609689599835747
 30
0.0
 11
0.3111299933677856
 21
0.4305753977539553
 31
0.0
  0
LINE
  5
D4
330
8F
100
AcDbEntity
  8
0
100
AcDbLine
 10
0.2151543072848199
 20
0.4001818355241085
 30
0.0
 11
0.295309823332218
 21
0.3321581684385819
 31
0.0
  0
LINE
  5
D5
330
8F
100
AcDbEntity
  8
0
100
AcDbLine
 10
0.295309823332218
 20
0.3321581684385819
 30
0.0
 11
0.2710522353440865
 21
0.4305753977539553
 31
0.0
  0
LINE
  5
D6
330
8F
100
AcDbEntity
  8
0
100
AcDbLine
 10
0.2710522353440865
 20
0.4305753977539553
 30
0.0
 11
0.2151543072848199
 21
0.4001818355241085
 31
0.0
  0
LINE
  5
D7
330
8F
100
AcDbEntity
  8
0
100
AcDbLine
 10
0.503081391533442
 20
0.4001818355241085
 30
0.0
 11
0.5832369075808402
 21
0.3321581684385819
 31
0.0
  0
LINE
  5
D8
330
8F
100
AcDbEntity
  8
0
100
AcDbLine
 10
0.5832369075808402
 20
0.3321581684385819
 30
0.0
 11
0.5589793195927087
 21
0.4305753977539553
 31
0.0
  0
LINE
  5
D9
330
8F
100
AcDbEntity
  8
0
100
AcDbLine
 10
0.5589793195927087
 20
0.4305753977539553
 30
0.0
 11
0.503081391533442
 21
0.4001818355241085
 31
0.0
  0
LINE
  5
DA
330
8F
100
AcDbEntity
  8
0
100
AcDbLine
 10
0.6064398296996388
 20
0.4001818355241085
 30
0.0
 11
0.6865953457470369
 21
0.3321581684385819
 31
0.0
  0
LINE
  5
DB
330
8F
100
AcDbEntity
  8
0
100
AcDbLine
 10
0.6865953457470369
 20
0.3321581684385819
 30
0.0
 11
0.6623377577589054
 21
0.4305753977539553
 31
0.0
  0
LINE
  5
DC
330
8F
100
AcDbEntity
  8
0
100
AcDbLine
 10
0.6623377577589054
 20
0.4305753977539553
 30
0.0
 11
0.6064398296996388
 21
0.4001818355241085
 31
0.0
  0
LINE
  5
DD
330
8F
100
AcDbEntity
  8
0
100
AcDbLine
 10
0.6306974176877703
 20
0.2489377137383144
 30
0.0
 11
0.7108529467350309
 21
0.1809140336529253
 31
0.0
  0
LINE
  5
DE
330
8F
100
AcDbEntity
  8
0
100
AcDbLine
 10
0.7108529467350309
 20
0.1809140336529253
 30
0.0
 11
0.6865953457470369
 21
0.2793312629680713
 31
0.0
  0
LINE
  5
DF
330
8F
100
AcDbEntity
  8
0
100
AcDbLine
 10
0.6865953457470369
 20
0.2793312629680713
 30
0.0
 11
0.6306974176877703
 21
0.2489377137383144
 31
0.0
  0
LINE
  5
E0
330
8F
100
AcDbEntity
  8
0
100
AcDbLine
 10
0.7024155157826045
 20
0.2720947073419211
 30
0.0
 11
0.7825710448298651
 21
0.204071027256532
 31
0.0
  0
LINE
  5
E1
330
8F
100
AcDbEntity
  8
0
100
AcDbLine
 10
0.7825710448298651
 20
0.204071027256532
 30
0.0
 11
0.7583134568417336
 21
0.3024882695715405
 31
0.0
  0
LINE
  5
E2
330
8F
100
AcDbEntity
  8
0
100
AcDbLine
 10
0.7583134568417336
 20
0.3024882695715405
 30
0.0
 11
0.7024155157826045
 21
0.2720947073419211
 31
0.0
  0
LINE
  5
E3
330
8F
100
AcDbEntity
  8
0
100
AcDbLine
 10
0.0242575879881315
 20
0.7482604419401469
 30
0.0
 11
0.1044131170353921
 21
0.6802367618547578
 31
0.0
  0
LINE
  5
E4
330
8F
100
AcDbEntity
  8
0
100
AcDbLine
 10
0.1044131170353921
 20
0.6802367618547578
 30
0.0
 11
0.0801555290472607
 21
0.7786540041697663
 31
0.0
  0
LINE
  5
E5
330
8F
100
AcDbEntity
  8
0
100
AcDbLine
 10
0.0801555290472607
 20
0.7786540041697663
 30
0.0
 11
0.0242575879881315
 21
0.7482604419401469
 31
0.0
  0
LINE
  5
E6
330
8F
100
AcDbEntity
  8
0
100
AcDbLine
 10
-0.4071056924503865
 20
0.6722765428660296
 30
0.0
 11
-0.3269501634031258
 21
0.6042528757805031
 31
0.0
  0
LINE
  5
E7
330
8F
100
AcDbEntity
  8
0
100
AcDbLine
 10
-0.3269501634031258
 20
0.6042528757805031
 30
0.0
 11
-0.3512077643911198
 21
0.702670105095649
 31
0.0
  0
LINE
  5
E8
330
8F
100
AcDbEntity
  8
0
100
AcDbLine
 10
-0.3512077643911198
 20
0.702670105095649
 30
0.0
 11
-0.4071056924503865
 21
0.6722765428660296
 31
0.0
  0
LINE
  5
E9
330
8F
100
AcDbEntity
  8
0
100
AcDbLine
 10
-0.3585905034744883
 20
0.7403002229514187
 30
0.0
 11
-0.2784349874270902
 21
0.6722765428660296
 31
0.0
  0
LINE
  5
EA
330
8F
100
AcDbEntity
  8
0
100
AcDbLine
 10
-0.2784349874270902
 20
0.6722765428660296
 30
0.0
 11
-0.3026925754152216
 21
0.7706937851810381
 31
0.0
  0
LINE
  5
EB
330
8F
100
AcDbEntity
  8
0
100
AcDbLine
 10
-0.3026925754152216
 20
0.7706937851810381
 30
0.0
 11
-0.3585905034744883
 21
0.7403002229514187
 31
0.0
  0
LINE
  5
EC
330
8F
100
AcDbEntity
  8
0
100
AcDbLine
 10
-0.1434362091897583
 20
0.204071027256532
 30
0.0
 11
-0.0632806801424977
 21
0.136047347171143
 31
0.0
  0
LINE
  5
ED
330
8F
100
AcDbEntity
  8
0
100
AcDbLine
 10
-0.0632806801424977
 20
0.136047347171143
 30
0.0
 11
-0.0875382681304018
 21
0.2344645894861514
 31
0.0
  0
LINE
  5
EE
330
8F
100
AcDbEntity
  8
0
100
AcDbLine
 10
-0.0875382681304018
 20
0.2344645894861514
 30
0.0
 11
-0.1434362091897583
 21
0.204071027256532
 31
0.0
  0
LINE
  5
EF
330
8F
100
AcDbEntity
  8
0
100
AcDbLine
 10
-0.1993341372490249
 20
0.1584806904120342
 30
0.0
 11
-0.1191786082017643
 21
0.0904570103266451
 31
0.0
  0
LINE
  5
F0
330
8F
100
AcDbEntity
  8
0
100
AcDbLine
 10
-0.1191786082017643
 20
0.0904570103266451
 30
0.0
 11
-0.1434362091897583
 21
0.1888742526416536
 31
0.0
  0
LINE
  5
F1
330
8F
100
AcDbEntity
  8
0
100
AcDbLine
 10
-0.1434362091897583
 20
0.1888742526416536
 30
0.0
 11
-0.1993341372490249
 21
0.1584806904120342
 31
0.0
  0
LINE
  5
F2
330
8F
100
AcDbEntity
  8
0
100
AcDbLine
 10
-0.5663620716757123
 20
0.4761657345984532
 30
0.0
 11
-0.4862065426286791
 21
0.4081420545128367
 31
0.0
  0
LINE
  5
F3
330
8F
100
AcDbEntity
  8
0
100
AcDbLine
 10
-0.4862065426286791
 20
0.4081420545128367
 30
0.0
 11
-0.5104641306165832
 21
0.5065592968280726
 31
0.0
  0
LINE
  5
F4
330
8F
100
AcDbEntity
  8
0
100
AcDbLine
 10
-0.5104641306165832
 20
0.5065592968280726
 30
0.0
 11
-0.5663620716757123
 21
0.4761657345984532
 31
0.0
  0
LINE
  5
F5
330
8F
100
AcDbEntity
  8
0
100
AcDbLine
 10
-0.6623377577589054
 20
0.2945280505828123
 30
0.0
 11
-0.5821822417115073
 21
0.2265043704974232
 31
0.0
  0
LINE
  5
F6
330
8F
100
AcDbEntity
  8
0
100
AcDbLine
 10
-0.5821822417115073
 20
0.2265043704974232
 30
0.0
 11
-0.6064398296994114
 21
0.3249215998125692
 31
0.0
  0
LINE
  5
F7
330
8F
100
AcDbEntity
  8
0
100
AcDbLine
 10
-0.6064398296994114
 20
0.3249215998125692
 30
0.0
 11
-0.6623377577589054
 21
0.2945280505828123
 31
0.0
  0
LINE
  5
F8
330
8F
100
AcDbEntity
  8
0
100
AcDbLine
 10
-0.685540679877704
 20
0.4233388421275777
 30
0.0
 11
-0.6053851508304433
 21
0.3553151620421886
 31
0.0
  0
LINE
  5
F9
330
8F
100
AcDbEntity
  8
0
100
AcDbLine
 10
-0.6053851508304433
 20
0.3553151620421886
 30
0.0
 11
-0.6296427388185748
 21
0.4537323913573346
 31
0.0
  0
LINE
  5
FA
330
8F
100
AcDbEntity
  8
0
100
AcDbLine
 10
-0.6296427388185748
 20
0.4537323913573346
 30
0.0
 11
-0.685540679877704
 21
0.4233388421275777
 31
0.0
  0
LINE
  5
FB
330
8F
100
AcDbEntity
  8
0
100
AcDbLine
 10
-0.7815163659606697
 20
0.2192678018714105
 30
0.0
 11
-0.7013608499132716
 21
0.1512441347858839
 31
0.0
  0
LINE
  5
FC
330
8F
100
AcDbEntity
  8
0
100
AcDbLine
 10
-0.7013608499132716
 20
0.1512441347858839
 30
0.0
 11
-0.7256184379014031
 21
0.2496613641010299
 31
0.0
  0
LINE
  5
FD
330
8F
100
AcDbEntity
  8
0
100
AcDbLine
 10
-0.7256184379014031
 20
0.2496613641010299
 30
0.0
 11
-0.7815163659606697
 21
0.2192678018714105
 31
0.0
  0
LINE
  5
FE
330
8F
100
AcDbEntity
  8
0
100
AcDbLine
 10
-0.8300315549365677
 20
0.0600634610966608
 30
0.0
 11
-0.7498760258893072
 21
-0.0079602189887282
 31
0.0
  0
LINE
  5
FF
330
8F
100
AcDbEntity
  8
0
100
AcDbLine
 10
-0.7498760258893072
 20
-0.0079602189887282
 30
0.0
 11
-0.7741336268773012
 21
0.0904570103266451
 31
0.0
  0
LINE
  5
100
330
8F
100
AcDbEntity
  8
0
100
AcDbLine
 10
-0.7741336268773012
 20
0.0904570103266451
 30
0.0
 11
-0.8300315549365677
 21
0.0600634610966608
 31
0.0
  0
LINE
  5
101
330
8F
100
AcDbEntity
  8
0
100
AcDbLine
 10
-0.4703863725928841
 20
-0.2417011581121642
 30
0.0
 11
-0.3902308435458508
 21
-0.3097248251976907
 31
0.0
  0
LINE
  5
102
330
8F
100
AcDbEntity
  8
0
100
AcDbLine
 10
-0.3902308435458508
 20
-0.3097248251976907
 30
0.0
 11
-0.4144884445336175
 21
-0.2113075958823174
 31
0.0
  0
LINE
  5
103
330
8F
100
AcDbEntity
  8
0
100
AcDbLine
 10
-0.4144884445336175
 20
-0.2113075958823174
 30
0.0
 11
-0.4703863725928841
 21
-0.2417011581121642
 31
0.0
  0
LINE
  5
104
330
8F
100
AcDbEntity
  8
0
100
AcDbLine
 10
-0.3670279344266873
 20
-0.385708724271808
 30
0.0
 11
-0.2868724053794267
 21
-0.4537324043571971
 31
0.0
  0
LINE
  5
105
330
8F
100
AcDbEntity
  8
0
100
AcDbLine
 10
-0.2868724053794267
 20
-0.4537324043571971
 30
0.0
 11
-0.3111300063674207
 21
-0.3553151620421886
 31
0.0
  0
LINE
  5
106
330
8F
100
AcDbEntity
  8
0
100
AcDbLine
 10
-0.3111300063674207
 20
-0.3553151620421886
 30
0.0
 11
-0.3670279344266873
 21
-0.385708724271808
 31
0.0
  0
LINE
  5
107
330
8F
100
AcDbEntity
  8
0
100
AcDbLine
 10
-0.478823790545448
 20
-0.4457721853684689
 30
0.0
 11
-0.3986682744980499
 21
-0.513795865453858
 31
0.0
  0
LINE
  5
108
330
8F
100
AcDbEntity
  8
0
100
AcDbLine
 10
-0.3986682744980499
 20
-0.513795865453858
 30
0.0
 11
-0.422925862485954
 21
-0.4153786231388495
 31
0.0
  0
LINE
  5
109
330
8F
100
AcDbEntity
  8
0
100
AcDbLine
 10
-0.422925862485954
 20
-0.4153786231388495
 30
0.0
 11
-0.478823790545448
 21
-0.4457721853684689
 31
0.0
  0
LINE
  5
10A
330
8F
100
AcDbEntity
  8
0
100
AcDbLine
 10
-0.5980023987472123
 20
-0.3777485052830798
 30
0.0
 11
-0.5178468826998142
 21
-0.4457721853684689
 31
0.0
  0
LINE
  5
10B
330
8F
100
AcDbEntity
  8
0
100
AcDbLine
 10
-0.5178468826998142
 20
-0.4457721853684689
 30
0.0
 11
-0.5421044706879457
 21
-0.3473549430534604
 31
0.0
  0
LINE
  5
10C
330
8F
100
AcDbEntity
  8
0
100
AcDbLine
 10
-0.5421044706879457
 20
-0.3473549430534604
 30
0.0
 11
-0.5980023987472123
 21
-0.3777485052830798
 31
0.0
  0
LINE
  5
10D
330
8F
100
AcDbEntity
  8
0
100
AcDbLine
 10
-0.7973365359962373
 20
-0.0455903368444979
 30
0.0
 11
-0.7171810199488391
 21
-0.1136140169298869
 31
0.0
  0
LINE
  5
10E
330
8F
100
AcDbEntity
  8
0
100
AcDbLine
 10
-0.7171810199488391
 20
-0.1136140169298869
 30
0.0
 11
-0.7414386079369706
 21
-0.0151967746148785
 31
0.0
  0
LINE
  5
10F
330
8F
100
AcDbEntity
  8
0
100
AcDbLine
 10
-0.7414386079369706
 20
-0.0151967746148785
 30
0.0
 11
-0.7973365359962373
 21
-0.0455903368444979
 31
0.0
  0
LINE
  5
110
330
8F
100
AcDbEntity
  8
0
100
AcDbLine
 10
-0.8215941369842312
 20
-0.1208505725560371
 30
0.0
 11
-0.7414386079369706
 21
-0.1888742526414262
 31
0.0
  0
LINE
  5
111
330
8F
100
AcDbEntity
  8
0
100
AcDbLine
 10
-0.7414386079369706
 20
-0.1888742526414262
 30
0.0
 11
-0.7656961959251021
 21
-0.0904570233262803
 31
0.0
  0
LINE
  5
112
330
8F
100
AcDbEntity
  8
0
100
AcDbLine
 10
-0.7656961959251021
 20
-0.0904570233262803
 30
0.0
 11
-0.8215941369842312
 21
-0.1208505725560371
 31
0.0
  0
LINE
  5
113
330
8F
100
AcDbEntity
  8
0
100
AcDbLine
 10
-0.8374143070197987
 20
-0.2120312462450329
 30
0.0
 11
-0.7572587779725382
 21
-0.2800549263304219
 31
0.0
  0
LINE
  5
114
330
8F
100
AcDbEntity
  8
0
100
AcDbLine
 10
-0.7572587779725382
 20
-0.2800549263304219
 30
0.0
 11
-0.7815163659606697
 21
-0.181637697015276
 31
0.0
  0
LINE
  5
115
330
8F
100
AcDbEntity
  8
0
100
AcDbLine
 10
-0.7815163659606697
 20
-0.181637697015276
 30
0.0
 11
-0.8374143070197987
 21
-0.2120312462450329
 31
0.0
  0
LINE
  5
116
330
8F
100
AcDbEntity
  8
0
100
AcDbLine
 10
-0.7340558558537396
 20
-0.166440909400535
 30
0.0
 11
-0.6539003398063415
 21
-0.2344645894859241
 31
0.0
  0
LINE
  5
117
330
8F
100
AcDbEntity
  8
0
100
AcDbLine
 10
-0.6539003398063415
 20
-0.2344645894859241
 30
0.0
 11
-0.678157927794473
 21
-0.1360473601707781
 31
0.0
  0
LINE
  5
118
330
8F
100
AcDbEntity
  8
0
100
AcDbLine
 10
-0.678157927794473
 20
-0.1360473601707781
 30
0.0
 11
-0.7340558558537396
 21
-0.166440909400535
 31
0.0
  0
LINE
  5
119
330
8F
100
AcDbEntity
  8
0
100
AcDbLine
 10
-0.7340558558537396
 20
-0.3097248251976907
 30
0.0
 11
-0.6539003398063415
 21
-0.3777485052830798
 31
0.0
  0
LINE
  5
11A
330
8F
100
AcDbEntity
  8
0
100
AcDbLine
 10
-0.6539003398063415
 20
-0.3777485052830798
 30
0.0
 11
-0.678157927794473
 21
-0.2793312759679338
 31
0.0
  0
LINE
  5
11B
330
8F
100
AcDbEntity
  8
0
100
AcDbLine
 10
-0.678157927794473
 20
-0.2793312759679338
 30
0.0
 11
-0.7340558558537396
 21
-0.3097248251976907
 31
0.0
  0
LINE
  5
11C
330
8F
100
AcDbEntity
  8
0
100
AcDbLine
 10
-0.7815163659606697
 20
-0.3777485052830798
 30
0.0
 11
-0.7013608499132716
 21
-0.4457721853684689
 31
0.0
  0
LINE
  5
11D
330
8F
100
AcDbEntity
  8
0
100
AcDbLine
 10
-0.7013608499132716
 20
-0.4457721853684689
 30
0.0
 11
-0.7256184379014031
 21
-0.3473549430534604
 31
0.0
  0
LINE
  5
11E
330
8F
100
AcDbEntity
  8
0
100
AcDbLine
 10
-0.7256184379014031
 20
-0.3473549430534604
 30
0.0
 11
-0.7815163659606697
 21
-0.3777485052830798
 31
0.0
  0
LINE
  5
11F
330
8F
100
AcDbEntity
  8
0
100
AcDbLine
 10
-0.678157927794473
 20
-0.4233388421275777
 30
0.0
 11
-0.5980023987472123
 21
-0.4913625222129668
 31
0.0
  0
LINE
  5
120
330
8F
100
AcDbEntity
  8
0
100
AcDbLine
 10
-0.5980023987472123
 20
-0.4913625222129668
 30
0.0
 11
-0.6222599997352063
 21
-0.3929452798979582
 31
0.0
  0
LINE
  5
121
330
8F
100
AcDbEntity
  8
0
100
AcDbLine
 10
-0.6222599997352063
 20
-0.3929452798979582
 30
0.0
 11
-0.678157927794473
 21
-0.4233388421275777
 31
0.0
  0
LINE
  5
122
330
8F
100
AcDbEntity
  8
0
100
AcDbLine
 10
-0.7024155287822396
 20
-0.513795865453858
 30
0.0
 11
-0.6222599997352063
 21
-0.5818195325393845
 31
0.0
  0
LINE
  5
123
330
8F
100
AcDbEntity
  8
0
100
AcDbLine
 10
-0.6222599997352063
 20
-0.5818195325393845
 30
0.0
 11
-0.6465175877231104
 21
-0.4834023032242385
 31
0.0
  0
LINE
  5
124
330
8F
100
AcDbEntity
  8
0
100
AcDbLine
 10
-0.6465175877231104
 20
-0.4834023032242385
 30
0.0
 11
-0.7024155287822396
 21
-0.513795865453858
 31
0.0
  0
LINE
  5
125
330
8F
100
AcDbEntity
  8
0
100
AcDbLine
 10
-0.5579246407235133
 20
-0.513795865453858
 30
0.0
 11
-0.4777691116762526
 21
-0.5818195325393845
 31
0.0
  0
LINE
  5
126
330
8F
100
AcDbEntity
  8
0
100
AcDbLine
 10
-0.4777691116762526
 20
-0.5818195325393845
 30
0.0
 11
-0.5020267126642466
 21
-0.4834023032242385
 31
0.0
  0
LINE
  5
127
330
8F
100
AcDbEntity
  8
0
100
AcDbLine
 10
-0.5020267126642466
 20
-0.4834023032242385
 30
0.0
 11
-0.5579246407235133
 21
-0.513795865453858
 31
0.0
  0
LINE
  5
128
330
8F
100
AcDbEntity
  8
0
100
AcDbLine
 10
-0.5663620716757123
 20
-0.6201733137577321
 30
0.0
 11
-0.4862065426286791
 21
-0.6881969938433486
 31
0.0
  0
LINE
  5
129
330
8F
100
AcDbEntity
  8
0
100
AcDbLine
 10
-0.4862065426286791
 20
-0.6881969938433486
 30
0.0
 11
-0.5104641306165832
 21
-0.5897797515281127
 31
0.0
  0
LINE
  5
12A
330
8F
100
AcDbEntity
  8
0
100
AcDbLine
 10
-0.5104641306165832
 20
-0.5897797515281127
 30
0.0
 11
-0.5663620716757123
 21
-0.6201733137577321
 31
0.0
  0
LINE
  5
12B
330
8F
100
AcDbEntity
  8
0
100
AcDbLine
 10
0.1993341372492523
 20
-0.2720947073419211
 30
0.0
 11
0.2794896532964231
 21
-0.3401183874273101
 31
0.0
  0
LINE
  5
12C
330
8F
100
AcDbEntity
  8
0
100
AcDbLine
 10
0.2794896532964231
 20
-0.3401183874273101
 30
0.0
 11
0.2552320653085189
 21
-0.2417011581121642
 31
0.0
  0
LINE
  5
12D
330
8F
100
AcDbEntity
  8
0
100
AcDbLine
 10
0.2552320653085189
 20
-0.2417011581121642
 30
0.0
 11
0.1993341372492523
 21
-0.2720947073419211
 31
0.0
  0
LINE
  5
12E
330
8F
100
AcDbEntity
  8
0
100
AcDbLine
 10
-0.0801555290470333
 20
-0.5593862022983558
 30
0.0
 11
0.0
 21
-0.6274098693841097
 31
0.0
  0
LINE
  5
12F
330
8F
100
AcDbEntity
  8
0
100
AcDbLine
 10
0.0
 20
-0.6274098693841097
 30
0.0
 11
-0.0242576009877666
 21
-0.5289926400687364
 31
0.0
  0
LINE
  5
130
330
8F
100
AcDbEntity
  8
0
100
AcDbLine
 10
-0.0242576009877666
 20
-0.5289926400687364
 30
0.0
 11
-0.0801555290470333
 21
-0.5593862022983558
 31
0.0
  0
LINE
  5
131
330
8F
100
AcDbEntity
  8
0
100
AcDbLine
 10
-0.1434362091897583
 20
-0.6353700883726106
 30
0.0
 11
-0.0632806801424977
 21
-0.703393768458227
 31
0.0
  0
LINE
  5
132
330
8F
100
AcDbEntity
  8
0
100
AcDbLine
 10
-0.0632806801424977
 20
-0.703393768458227
 30
0.0
 11
-0.0875382681304018
 21
-0.6049765261429912
 31
0.0
  0
LINE
  5
133
330
8F
100
AcDbEntity
  8
0
100
AcDbLine
 10
-0.0875382681304018
 20
-0.6049765261429912
 30
0.0
 11
-0.1434362091897583
 21
-0.6353700883726106
 31
0.0
  0
LINE
  5
134
330
8F
100
AcDbEntity
  8
0
100
AcDbLine
 10
-0.1276160391539634
 20
-0.7634572295548879
 30
0.0
 11
-0.0474605101067027
 21
-0.8314809096402768
 31
0.0
  0
LINE
  5
135
330
8F
100
AcDbEntity
  8
0
100
AcDbLine
 10
-0.0474605101067027
 20
-0.8314809096402768
 30
0.0
 11
-0.0717180980948342
 21
-0.7330636673252684
 31
0.0
  0
LINE
  5
136
330
8F
100
AcDbEntity
  8
0
100
AcDbLine
 10
-0.0717180980948342
 20
-0.7330636673252684
 30
0.0
 11
-0.1276160391539634
 21
-0.7634572295548879
 31
0.0
  0
LINE
  5
137
330
8F
100
AcDbEntity
  8
0
100
AcDbLine
 10
-0.0558979280592666
 20
-0.703393768458227
 30
0.0
 11
0.0242575879881315
 21
-0.7714174485436161
 31
0.0
  0
LINE
  5
138
330
8F
100
AcDbEntity
  8
0
100
AcDbLine
 10
0.0242575879881315
 20
-0.7714174485436161
 30
0.0
 11
0.0
 21
-0.6730002062286076
 31
0.0
  0
LINE
  5
139
330
8F
100
AcDbEntity
  8
0
100
AcDbLine
 10
0.0
 20
-0.6730002062286076
 30
0.0
 11
-0.0558979280592666
 21
-0.703393768458227
 31
0.0
  0
LINE
  5
13A
330
8F
100
AcDbEntity
  8
0
100
AcDbLine
 10
-0.0158201700355676
 20
-0.8090475663993856
 30
0.0
 11
0.0643353590116931
 21
-0.8770712464847747
 31
0.0
  0
LINE
  5
13B
330
8F
100
AcDbEntity
  8
0
100
AcDbLine
 10
0.0643353590116931
 20
-0.8770712464847747
 30
0.0
 11
0.0400777580236991
 21
-0.7786540041697663
 31
0.0
  0
LINE
  5
13C
330
8F
100
AcDbEntity
  8
0
100
AcDbLine
 10
0.0400777580236991
 20
-0.7786540041697663
 30
0.0
 11
-0.0158201700355676
 21
-0.8090475663993856
 31
0.0
  0
LINE
  5
13D
330
8F
100
AcDbEntity
  8
0
100
AcDbLine
 10
0.5189015485691471
 20
0.0680236800853891
 30
0.0
 11
0.5990570776164077
 21
0.0
 31
0.0
  0
LINE
  5
13E
330
8F
100
AcDbEntity
  8
0
100
AcDbLine
 10
0.5990570776164077
 20
0.0
 30
0.0
 11
0.5747994896285036
 21
0.098417229315146
 31
0.0
  0
LINE
  5
13F
330
8F
100
AcDbEntity
  8
0
100
AcDbLine
 10
0.5747994896285036
 20
0.098417229315146
 30
0.0
 11
0.5189015485691471
 21
0.0680236800853891
 31
0.0
  0
LINE
  5
140
330
8F
100
AcDbEntity
  8
0
100
AcDbLine
 10
0.5189015485691471
 20
-0.0455903368444979
 30
0.0
 11
0.5990570776164077
 21
-0.1136140169298869
 31
0.0
  0
LINE
  5
141
330
8F
100
AcDbEntity
  8
0
100
AcDbLine
 10
0.5990570776164077
 20
-0.1136140169298869
 30
0.0
 11
0.5747994896285036
 21
-0.0151967746148785
 31
0.0
  0
LINE
  5
142
330
8F
100
AcDbEntity
  8
0
100
AcDbLine
 10
0.5747994896285036
 20
-0.0151967746148785
 30
0.0
 11
0.5189015485691471
 21
-0.0455903368444979
 31
0.0
  0
LINE
  5
143
330
8F
100
AcDbEntity
  8
0
100
AcDbLine
 10
0.5747994896285036
 20
-0.0383537812183477
 30
0.0
 11
0.6549550056756744
 21
-0.1063774483038742
 31
0.0
  0
LINE
  5
144
330
8F
100
AcDbEntity
  8
0
100
AcDbLine
 10
0.6549550056756744
 20
-0.1063774483038742
 30
0.0
 11
0.6306974176877703
 21
-0.0079602189887282
 31
0.0
  0
LINE
  5
145
330
8F
100
AcDbEntity
  8
0
100
AcDbLine
 10
0.6306974176877703
 20
-0.0079602189887282
 30
0.0
 11
0.5747994896285036
 21
-0.0383537812183477
 31
0.0
  0
LINE
  5
146
330
8F
100
AcDbEntity
  8
0
100
AcDbLine
 10
0.4862065426289064
 20
-0.1888742526414262
 30
0.0
 11
0.5663620586760772
 21
-0.2568979327270426
 31
0.0
  0
LINE
  5
147
330
8F
100
AcDbEntity
  8
0
100
AcDbLine
 10
0.5663620586760772
 20
-0.2568979327270426
 30
0.0
 11
0.5421044706881731
 21
-0.1584806904118068
 31
0.0
  0
LINE
  5
148
330
8F
100
AcDbEntity
  8
0
100
AcDbLine
 10
0.5421044706881731
 20
-0.1584806904118068
 30
0.0
 11
0.4862065426289064
 21
-0.1888742526414262
 31
0.0
  0
LINE
  5
149
330
8F
100
AcDbEntity
  8
0
100
AcDbLine
 10
0.7583134568417336
 20
0.1512441347858839
 30
0.0
 11
0.8384689728891316
 21
0.0832204547002675
 31
0.0
  0
LINE
  5
14A
330
8F
100
AcDbEntity
  8
0
100
AcDbLine
 10
0.8384689728891316
 20
0.0832204547002675
 30
0.0
 11
0.8142113849012275
 21
0.1816376840156408
 31
0.0
  0
LINE
  5
14B
330
8F
100
AcDbEntity
  8
0
100
AcDbLine
 10
0.8142113849012275
 20
0.1816376840156408
 30
0.0
 11
0.7583134568417336
 21
0.1512441347858839
 31
0.0
  0
LINE
  5
14C
330
8F
100
AcDbEntity
  8
0
100
AcDbLine
 10
0.7656961959251021
 20
-0.0383537812183477
 30
0.0
 11
0.8458517249723627
 21
-0.1063774483038742
 31
0.0
  0
LINE
  5
14D
330
8F
100
AcDbEntity
  8
0
100
AcDbLine
 10
0.8458517249723627
 20
-0.1063774483038742
 30
0.0
 11
0.821594123984596
 21
-0.0079602189887282
 31
0.0
  0
LINE
  5
14E
330
8F
100
AcDbEntity
  8
0
100
AcDbLine
 10
0.821594123984596
 20
-0.0079602189887282
 30
0.0
 11
0.7656961959251021
 21
-0.0383537812183477
 31
0.0
  0
LINE
  5
14F
330
8F
100
AcDbEntity
  8
0
100
AcDbLine
 10
0.7656961959251021
 20
-0.1736774780265478
 30
0.0
 11
0.8458517249723627
 21
-0.2417011581121642
 31
0.0
  0
LINE
  5
150
330
8F
100
AcDbEntity
  8
0
100
AcDbLine
 10
0.8458517249723627
 20
-0.2417011581121642
 30
0.0
 11
0.821594123984596
 21
-0.1432839157969283
 31
0.0
  0
LINE
  5
151
330
8F
100
AcDbEntity
  8
0
100
AcDbLine
 10
0.821594123984596
 20
-0.1432839157969283
 30
0.0
 11
0.7656961959251021
 21
-0.1736774780265478
 31
0.0
  0
LINE
  5
152
330
8F
100
AcDbEntity
  8
0
100
AcDbLine
 10
0.6865953457470369
 20
-0.1592043537743848
 30
0.0
 11
0.7667508747942975
 21
-0.2272280338597739
 31
0.0
  0
LINE
  5
153
330
8F
100
AcDbEntity
  8
0
100
AcDbLine
 10
0.7667508747942975
 20
-0.2272280338597739
 30
0.0
 11
0.742493286806166
 21
-0.1288107915447654
 31
0.0
  0
LINE
  5
154
330
8F
100
AcDbEntity
  8
0
100
AcDbLine
 10
0.742493286806166
 20
-0.1288107915447654
 30
0.0
 11
0.6865953457470369
 21
-0.1592043537743848
 31
0.0
  0
LINE
  5
155
330
8F
100
AcDbEntity
  8
0
100
AcDbLine
 10
0.6380801697710013
 20
-0.2272280338597739
 30
0.0
 11
0.7182356858183994
 21
-0.2952517009453004
 31
0.0
  0
LINE
  5
156
330
8F
100
AcDbEntity
  8
0
100
AcDbLine
 10
0.7182356858183994
 20
-0.2952517009453004
 30
0.0
 11
0.6939780978302679
 21
-0.1968344716301544
 31
0.0
  0
LINE
  5
157
330
8F
100
AcDbEntity
  8
0
100
AcDbLine
 10
0.6939780978302679
 20
-0.1968344716301544
 30
0.0
 11
0.6380801697710013
 21
-0.2272280338597739
 31
0.0
  0
LINE
  5
158
330
8F
100
AcDbEntity
  8
0
100
AcDbLine
 10
0.7182356858183994
 20
-0.2648581517155435
 30
0.0
 11
0.7983912148654327
 21
-0.3328818188012974
 31
0.0
  0
LINE
  5
159
330
8F
100
AcDbEntity
  8
0
100
AcDbLine
 10
0.7983912148654327
 20
-0.3328818188012974
 30
0.0
 11
0.7741336268775286
 21
-0.2344645894859241
 31
0.0
  0
LINE
  5
15A
330
8F
100
AcDbEntity
  8
0
100
AcDbLine
 10
0.7741336268775286
 20
-0.2344645894859241
 30
0.0
 11
0.7182356858183994
 21
-0.2648581517155435
 31
0.0
  0
LINE
  5
15B
330
8F
100
AcDbEntity
  8
0
100
AcDbLine
 10
0.6781579277947003
 20
-0.3705119496569296
 30
0.0
 11
0.7583134568417336
 21
-0.4385356167424562
 31
0.0
  0
LINE
  5
15C
330
8F
100
AcDbEntity
  8
0
100
AcDbLine
 10
0.7583134568417336
 20
-0.4385356167424562
 30
0.0
 11
0.734055855853967
 21
-0.3401183874273101
 31
0.0
  0
LINE
  5
15D
330
8F
100
AcDbEntity
  8
0
100
AcDbLine
 10
0.734055855853967
 20
-0.3401183874273101
 30
0.0
 11
0.6781579277947003
 21
-0.3705119496569296
 31
0.0
  0
LINE
  5
15E
330
8F
100
AcDbEntity
  8
0
100
AcDbLine
 10
0.239411895272724
 20
-0.385708724271808
 30
0.0
 11
0.3195674243199846
 21
-0.4537324043571971
 31
0.0
  0
LINE
  5
15F
330
8F
100
AcDbEntity
  8
0
100
AcDbLine
 10
0.3195674243199846
 20
-0.4537324043571971
 30
0.0
 11
0.295309823332218
 21
-0.3553151620421886
 31
0.0
  0
LINE
  5
160
330
8F
100
AcDbEntity
  8
0
100
AcDbLine
 10
0.295309823332218
 20
-0.3553151620421886
 30
0.0
 11
0.239411895272724
 21
-0.385708724271808
 31
0.0
  0
LINE
  5
161
330
8F
100
AcDbEntity
  8
0
100
AcDbLine
 10
0.2151543072848199
 20
-0.5289926400687364
 30
0.0
 11
0.295309823332218
 21
-0.5970163201541255
 31
0.0
  0
LINE
  5
162
330
8F
100
AcDbEntity
  8
0
100
AcDbLine
 10
0.295309823332218
 20
-0.5970163201541255
 30
0.0
 11
0.2710522353440865
 21
-0.498599077839117
 31
0.0
  0
LINE
  5
163
330
8F
100
AcDbEntity
  8
0
100
AcDbLine
 10
0.2710522353440865
 20
-0.498599077839117
 30
0.0
 11
0.2151543072848199
 21
-0.5289926400687364
 31
0.0
  0
LINE
  5
164
330
8F
100
AcDbEntity
  8
0
100
AcDbLine
 10
0.1360534571065273
 20
-0.4913625222129668
 30
0.0
 11
0.2162089861537879
 21
-0.5593862022983558
 31
0.0
  0
LINE
  5
165
330
8F
100
AcDbEntity
  8
0
100
AcDbLine
 10
0.2162089861537879
 20
-0.5593862022983558
 30
0.0
 11
0.1919513851660213
 21
-0.4609689599833473
 31
0.0
  0
LINE
  5
166
330
8F
100
AcDbEntity
  8
0
100
AcDbLine
 10
0.1919513851660213
 20
-0.4609689599833473
 30
0.0
 11
0.1360534571065273
 21
-0.4913625222129668
 31
0.0
  0
LINE
  5
167
330
8F
100
AcDbEntity
  8
0
100
AcDbLine
 10
0.0717180980950616
 20
-0.6353700883726106
 30
0.0
 11
0.1518736271423222
 21
-0.703393768458227
 31
0.0
  0
LINE
  5
168
330
8F
100
AcDbEntity
  8
0
100
AcDbLine
 10
0.1518736271423222
 20
-0.703393768458227
 30
0.0
 11
0.1276160261543282
 21
-0.6049765261429912
 31
0.0
  0
LINE
  5
169
330
8F
100
AcDbEntity
  8
0
100
AcDbLine
 10
0.1276160261543282
 20
-0.6049765261429912
 30
0.0
 11
0.0717180980950616
 21
-0.6353700883726106
 31
0.0
  0
LINE
  5
16A
330
8F
100
AcDbEntity
  8
0
100
AcDbLine
 10
0.0242575879881315
 20
-0.6650399872398794
 30
0.0
 11
0.1044131170353921
 21
-0.7330636673252684
 31
0.0
  0
LINE
  5
16B
330
8F
100
AcDbEntity
  8
0
100
AcDbLine
 10
0.1044131170353921
 20
-0.7330636673252684
 30
0.0
 11
0.0801555290472607
 21
-0.6346464380101225
 31
0.0
  0
LINE
  5
16C
330
8F
100
AcDbEntity
  8
0
100
AcDbLine
 10
0.0801555290472607
 20
-0.6346464380101225
 30
0.0
 11
0.0242575879881315
 21
-0.6650399872398794
 31
0.0
  0
LINE
  5
16D
330
8F
100
AcDbEntity
  8
0
100
AcDbLine
 10
0.0959756990830556
 20
-0.838717465266427
 30
0.0
 11
0.1761312151302263
 21
-0.9067411453518161
 31
0.0
  0
LINE
  5
16E
330
8F
100
AcDbEntity
  8
0
100
AcDbLine
 10
0.1761312151302263
 20
-0.9067411453518161
 30
0.0
 11
0.1518736271423222
 21
-0.8083239030368076
 31
0.0
  0
LINE
  5
16F
330
8F
100
AcDbEntity
  8
0
100
AcDbLine
 10
0.1518736271423222
 20
-0.8083239030368076
 30
0.0
 11
0.0959756990830556
 21
-0.838717465266427
 31
0.0
  0
LINE
  5
170
330
8F
100
AcDbEntity
  8
0
100
AcDbLine
 10
0.0959756990830556
 20
-0.7786540041697663
 30
0.0
 11
0.1761312151302263
 21
-0.8466776842551553
 31
0.0
  0
LINE
  5
171
330
8F
100
AcDbEntity
  8
0
100
AcDbLine
 10
0.1761312151302263
 20
-0.8466776842551553
 30
0.0
 11
0.1518736271423222
 21
-0.7482604419401469
 31
0.0
  0
LINE
  5
172
330
8F
100
AcDbEntity
  8
0
100
AcDbLine
 10
0.1518736271423222
 20
-0.7482604419401469
 30
0.0
 11
0.0959756990830556
 21
-0.7786540041697663
 31
0.0
  0
LINE
  5
173
330
8F
100
AcDbEntity
  8
0
100
AcDbLine
 10
0.1676937971778898
 20
-0.6730002062286076
 30
0.0
 11
0.2478493132252879
 21
-0.7410238863139967
 31
0.0
  0
LINE
  5
174
330
8F
100
AcDbEntity
  8
0
100
AcDbLine
 10
0.2478493132252879
 20
-0.7410238863139967
 30
0.0
 11
0.2235917252371564
 21
-0.6426066569988507
 31
0.0
  0
LINE
  5
175
330
8F
100
AcDbEntity
  8
0
100
AcDbLine
 10
0.2235917252371564
 20
-0.6426066569988507
 30
0.0
 11
0.1676937971778898
 21
-0.6730002062286076
 31
0.0
  0
LINE
  5
176
330
8F
100
AcDbEntity
  8
0
100
AcDbLine
 10
0.1919513851660213
 20
-0.785890572795779
 30
0.0
 11
0.2721069142130545
 21
-0.8539142398813055
 31
0.0
  0
LINE
  5
177
330
8F
100
AcDbEntity
  8
0
100
AcDbLine
 10
0.2721069142130545
 20
-0.8539142398813055
 30
0.0
 11
0.2478493132252879
 21
-0.7554970105661596
 31
0.0
  0
LINE
  5
178
330
8F
100
AcDbEntity
  8
0
100
AcDbLine
 10
0.2478493132252879
 20
-0.7554970105661596
 30
0.0
 11
0.1919513851660213
 21
-0.785890572795779
 31
0.0
  0
LINE
  5
179
330
8F
100
AcDbEntity
  8
0
100
AcDbLine
 10
0.2552320653085189
 20
-0.6426066569988507
 30
0.0
 11
0.3353875943557796
 21
-0.7106303240843772
 31
0.0
  0
LINE
  5
17A
330
8F
100
AcDbEntity
  8
0
100
AcDbLine
 10
0.3353875943557796
 20
-0.7106303240843772
 30
0.0
 11
0.3111299933677856
 21
-0.6122130947692313
 31
0.0
  0
LINE
  5
17B
330
8F
100
AcDbEntity
  8
0
100
AcDbLine
 10
0.3111299933677856
 20
-0.6122130947692313
 30
0.0
 11
0.2552320653085189
 21
-0.6426066569988507
 31
0.0
  0
LINE
  5
17C
330
8F
100
AcDbEntity
  8
0
100
AcDbLine
 10
0.2794896532964231
 20
-0.7562206609288751
 30
0.0
 11
0.3596451823436837
 21
-0.8242443410142641
 31
0.0
  0
LINE
  5
17D
330
8F
100
AcDbEntity
  8
0
100
AcDbLine
 10
0.3596451823436837
 20
-0.8242443410142641
 30
0.0
 11
0.3353875943557796
 21
-0.7258271116991182
 31
0.0
  0
LINE
  5
17E
330
8F
100
AcDbEntity
  8
0
100
AcDbLine
 10
0.3353875943557796
 20
-0.7258271116991182
 30
0.0
 11
0.2794896532964231
 21
-0.7562206609288751
 31
0.0
  0
LINE
  5
17F
330
8F
100
AcDbEntity
  8
0
100
AcDbLine
 10
0.2868724053796541
 20
-0.513795865453858
 30
0.0
 11
0.3670279344269147
 21
-0.5818195325393845
 31
0.0
  0
LINE
  5
180
330
8F
100
AcDbEntity
  8
0
100
AcDbLine
 10
0.3670279344269147
 20
-0.5818195325393845
 30
0.0
 11
0.3427703334391481
 21
-0.4834023032242385
 31
0.0
  0
LINE
  5
181
330
8F
100
AcDbEntity
  8
0
100
AcDbLine
 10
0.3427703334391481
 20
-0.4834023032242385
 30
0.0
 11
0.2868724053796541
 21
-0.513795865453858
 31
0.0
  0
LINE
  5
182
330
8F
100
AcDbEntity
  8
0
100
AcDbLine
 10
0.3353875943557796
 20
-0.4537324043571971
 30
0.0
 11
0.4155431104029504
 21
-0.5217560714427237
 31
0.0
  0
LINE
  5
183
330
8F
100
AcDbEntity
  8
0
100
AcDbLine
 10
0.4155431104029504
 20
-0.5217560714427237
 30
0.0
 11
0.3912855224150462
 21
-0.4233388421275777
 31
0.0
  0
LINE
  5
184
330
8F
100
AcDbEntity
  8
0
100
AcDbLine
 10
0.3912855224150462
 20
-0.4233388421275777
 30
0.0
 11
0.3353875943557796
 21
-0.4537324043571971
 31
0.0
  0
LINE
  5
185
330
8F
100
AcDbEntity
  8
0
100
AcDbLine
 10
0.3195674243199846
 20
-0.4009054988866865
 30
0.0
 11
0.3997229403673827
 21
-0.4689291789720756
 31
0.0
  0
LINE
  5
186
330
8F
100
AcDbEntity
  8
0
100
AcDbLine
 10
0.3997229403673827
 20
-0.4689291789720756
 30
0.0
 11
0.3754653523792513
 21
-0.3705119496569296
 31
0.0
  0
LINE
  5
187
330
8F
100
AcDbEntity
  8
0
100
AcDbLine
 10
0.3754653523792513
 20
-0.3705119496569296
 30
0.0
 11
0.3195674243199846
 21
-0.4009054988866865
 31
0.0
  0
LINE
  5
188
330
8F
100
AcDbEntity
  8
0
100
AcDbLine
 10
0.4071056924506138
 20
-0.3553151620421886
 30
0.0
 11
0.4872612214978745
 21
-0.4233388421275777
 31
0.0
  0
LINE
  5
189
330
8F
100
AcDbEntity
  8
0
100
AcDbLine
 10
0.4872612214978745
 20
-0.4233388421275777
 30
0.0
 11
0.4630036205098805
 21
-0.3249216128124317
 31
0.0
  0
LINE
  5
18A
330
8F
100
AcDbEntity
  8
0
100
AcDbLine
 10
0.4630036205098805
 20
-0.3249216128124317
 30
0.0
 11
0.4071056924506138
 21
-0.3553151620421886
 31
0.0
  0
LINE
  5
18B
330
8F
100
AcDbEntity
  8
0
100
AcDbLine
 10
0.5747994896285036
 20
-0.3328818188012974
 30
0.0
 11
0.6549550056756744
 21
-0.4009054988866865
 31
0.0
  0
LINE
  5
18C
330
8F
100
AcDbEntity
  8
0
100
AcDbLine
 10
0.6549550056756744
 20
-0.4009054988866865
 30
0.0
 11
0.6306974176877703
 21
-0.3024882695715405
 31
0.0
  0
LINE
  5
18D
330
8F
100
AcDbEntity
  8
0
100
AcDbLine
 10
0.6306974176877703
 20
-0.3024882695715405
 30
0.0
 11
0.5747994896285036
 21
-0.3328818188012974
 31
0.0
  0
LINE
  5
18E
330
8F
100
AcDbEntity
  8
0
100
AcDbLine
 10
0.6306974176877703
 20
-0.4312990611163059
 30
0.0
 11
0.7108529467350309
 21
-0.499322741201695
 31
0.0
  0
LINE
  5
18F
330
8F
100
AcDbEntity
  8
0
100
AcDbLine
 10
0.7108529467350309
 20
-0.499322741201695
 30
0.0
 11
0.6865953457470369
 21
-0.4009054988866865
 31
0.0
  0
LINE
  5
190
330
8F
100
AcDbEntity
  8
0
100
AcDbLine
 10
0.6865953457470369
 20
-0.4009054988866865
 30
0.0
 11
0.6306974176877703
 21
-0.4312990611163059
 31
0.0
  0
LINE
  5
191
330
8F
100
AcDbEntity
  8
0
100
AcDbLine
 10
0.6064398296996388
 20
-0.5289926400687364
 30
0.0
 11
0.6865953457470369
 21
-0.5970163201541255
 31
0.0
  0
LINE
  5
192
330
8F
100
AcDbEntity
  8
0
100
AcDbLine
 10
0.6865953457470369
 20
-0.5970163201541255
 30
0.0
 11
0.6623377577589054
 21
-0.498599077839117
 31
0.0
  0
LINE
  5
193
330
8F
100
AcDbEntity
  8
0
100
AcDbLine
 10
0.6623377577589054
 20
-0.498599077839117
 30
0.0
 11
0.6064398296996388
 21
-0.5289926400687364
 31
0.0
  0
LINE
  5
194
330
8F
100
AcDbEntity
  8
0
100
AcDbLine
 10
0.5262843006523781
 20
-0.4457721853684689
 30
0.0
 11
0.6064398296996388
 21
-0.513795865453858
 31
0.0
  0
LINE
  5
195
330
8F
100
AcDbEntity
  8
0
100
AcDbLine
 10
0.6064398296996388
 20
-0.513795865453858
 30
0.0
 11
0.5821822287118721
 21
-0.4153786231388495
 31
0.0
  0
LINE
  5
196
330
8F
100
AcDbEntity
  8
0
100
AcDbLine
 10
0.5821822287118721
 20
-0.4153786231388495
 30
0.0
 11
0.5262843006523781
 21
-0.4457721853684689
 31
0.0
  0
LINE
  5
197
330
8F
100
AcDbEntity
  8
0
100
AcDbLine
 10
0.4387460325219763
 20
-0.5065592968278452
 30
0.0
 11
0.5189015485691471
 21
-0.5745829769132343
 31
0.0
  0
LINE
  5
198
330
8F
100
AcDbEntity
  8
0
100
AcDbLine
 10
0.5189015485691471
 20
-0.5745829769132343
 30
0.0
 11
0.494643960581243
 21
-0.4761657345982258
 31
0.0
  0
LINE
  5
199
330
8F
100
AcDbEntity
  8
0
100
AcDbLine
 10
0.494643960581243
 20
-0.4761657345982258
 30
0.0
 11
0.4387460325219763
 21
-0.5065592968278452
 31
0.0
  0
LINE
  5
19A
330
8F
100
AcDbEntity
  8
0
100
AcDbLine
 10
0.5262843006523781
 20
-0.5745829769132343
 30
0.0
 11
0.6064398296996388
 21
-0.6426066569988507
 31
0.0
  0
LINE
  5
19B
330
8F
100
AcDbEntity
  8
0
100
AcDbLine
 10
0.6064398296996388
 20
-0.6426066569988507
 30
0.0
 11
0.5821822287118721
 21
-0.5441894146836149
 31
0.0
  0
LINE
  5
19C
330
8F
100
AcDbEntity
  8
0
100
AcDbLine
 10
0.5821822287118721
 20
-0.5441894146836149
 30
0.0
 11
0.5262843006523781
 21
-0.5745829769132343
 31
0.0
  0
LINE
  5
19D
330
8F
100
AcDbEntity
  8
0
100
AcDbLine
 10
0.4862065426289064
 20
-0.6274098693841097
 30
0.0
 11
0.5663620586760772
 21
-0.6954335494694988
 31
0.0
  0
LINE
  5
19E
330
8F
100
AcDbEntity
  8
0
100
AcDbLine
 10
0.5663620586760772
 20
-0.6954335494694988
 30
0.0
 11
0.5421044706881731
 21
-0.5970163201541255
 31
0.0
  0
LINE
  5
19F
330
8F
100
AcDbEntity
  8
0
100
AcDbLine
 10
0.5421044706881731
 20
-0.5970163201541255
 30
0.0
 11
0.4862065426289064
 21
-0.6274098693841097
 31
0.0
  0
LINE
  5
1A0
330
8F
100
AcDbEntity
  8
0
100
AcDbLine
 10
0.3195674243199846
 20
-0.6201733137577321
 30
0.0
 11
0.3997229403673827
 21
-0.6881969938433486
 31
0.0
  0
LINE
  5
1A1
330
8F
100
AcDbEntity
  8
0
100
AcDbLine
 10
0.3997229403673827
 20
-0.6881969938433486
 30
0.0
 11
0.3754653523792513
 21
-0.5897797515281127
 31
0.0
  0
LINE
  5
1A2
330
8F
100
AcDbEntity
  8
0
100
AcDbLine
 10
0.3754653523792513
 20
-0.5897797515281127
 30
0.0
 11
0.3195674243199846
 21
-0.6201733137577321
 31
0.0
  0
LINE
  5
1A3
330
8F
100
AcDbEntity
  8
0
100
AcDbLine
 10
0.4071056924506138
 20
-0.6201733137577321
 30
0.0
 11
0.4872612214978745
 21
-0.6881969938433486
 31
0.0
  0
LINE
  5
1A4
330
8F
100
AcDbEntity
  8
0
100
AcDbLine
 10
0.4872612214978745
 20
-0.6881969938433486
 30
0.0
 11
0.4630036205098805
 21
-0.5897797515281127
 31
0.0
  0
LINE
  5
1A5
330
8F
100
AcDbEntity
  8
0
100
AcDbLine
 10
0.4630036205098805
 20
-0.5897797515281127
 30
0.0
 11
0.4071056924506138
 21
-0.6201733137577321
 31
0.0
  0
LINE
  5
1A6
330
8F
100
AcDbEntity
  8
0
100
AcDbLine
 10
0.3512077643913471
 20
-0.7106303240843772
 30
0.0
 11
0.4313632804387453
 21
-0.7786540041697663
 31
0.0
  0
LINE
  5
1A7
330
8F
100
AcDbEntity
  8
0
100
AcDbLine
 10
0.4313632804387453
 20
-0.7786540041697663
 30
0.0
 11
0.4071056924506138
 21
-0.6802367748546203
 31
0.0
  0
LINE
  5
1A8
330
8F
100
AcDbEntity
  8
0
100
AcDbLine
 10
0.4071056924506138
 20
-0.6802367748546203
 30
0.0
 11
0.3512077643913471
 21
-0.7106303240843772
 31
0.0
  0
LINE
  5
1A9
330
8F
100
AcDbEntity
  8
0
100
AcDbLine
 10
-0.3269501634031258
 20
-0.6353700883726106
 30
0.0
 11
-0.246794647355955
 21
-0.703393768458227
 31
0.0
  0
LINE
  5
1AA
330
8F
100
AcDbEntity
  8
0
100
AcDbLine
 10
-0.246794647355955
 20
-0.703393768458227
 30
0.0
 11
-0.2710522353438591
 21
-0.6049765261429912
 31
0.0
  0
LINE
  5
1AB
330
8F
100
AcDbEntity
  8
0
100
AcDbLine
 10
-0.2710522353438591
 20
-0.6049765261429912
 30
0.0
 11
-0.3269501634031258
 21
-0.6353700883726106
 31
0.0
  0
LINE
  5
1AC
330
8F
100
AcDbEntity
  8
0
100
AcDbLine
 10
-0.4545662025573165
 20
-0.6122130947692313
 30
0.0
 11
-0.3744106735100559
 21
-0.6802367748546203
 31
0.0
  0
LINE
  5
1AD
330
8F
100
AcDbEntity
  8
0
100
AcDbLine
 10
-0.3744106735100559
 20
-0.6802367748546203
 30
0.0
 11
-0.3986682744980499
 21
-0.5818195325393845
 31
0.0
  0
LINE
  5
1AE
330
8F
100
AcDbEntity
  8
0
100
AcDbLine
 10
-0.3986682744980499
 20
-0.5818195325393845
 30
0.0
 11
-0.4545662025573165
 21
-0.6122130947692313
 31
0.0
  0
LINE
  5
1AF
330
8F
100
AcDbEntity
  8
0
100
AcDbLine
 10
-0.4862065426286791
 20
-0.7106303240843772
 30
0.0
 11
-0.4060510135814184
 21
-0.7786540041697663
 31
0.0
  0
LINE
  5
1B0
330
8F
100
AcDbEntity
  8
0
100
AcDbLine
 10
-0.4060510135814184
 20
-0.7786540041697663
 30
0.0
 11
-0.430308614569185
 21
-0.6802367748546203
 31
0.0
  0
LINE
  5
1B1
330
8F
100
AcDbEntity
  8
0
100
AcDbLine
 10
-0.430308614569185
 20
-0.6802367748546203
 30
0.0
 11
-0.4862065426286791
 21
-0.7106303240843772
 31
0.0
  0
LINE
  5
1B2
330
8F
100
AcDbEntity
  8
0
100
AcDbLine
 10
-0.3828481044624823
 20
-0.703393768458227
 30
0.0
 11
-0.3026925754152216
 21
-0.7714174485436161
 31
0.0
  0
LINE
  5
1B3
330
8F
100
AcDbEntity
  8
0
100
AcDbLine
 10
-0.3026925754152216
 20
-0.7714174485436161
 30
0.0
 11
-0.3269501634031258
 21
-0.6730002062286076
 31
0.0
  0
LINE
  5
1B4
330
8F
100
AcDbEntity
  8
0
100
AcDbLine
 10
-0.3269501634031258
 20
-0.6730002062286076
 30
0.0
 11
-0.3828481044624823
 21
-0.703393768458227
 31
0.0
  0
LINE
  5
1B5
330
8F
100
AcDbEntity
  8
0
100
AcDbLine
 10
-0.239411895272724
 20
-0.703393768458227
 30
0.0
 11
-0.1592563792253259
 21
-0.7714174485436161
 31
0.0
  0
LINE
  5
1B6
330
8F
100
AcDbEntity
  8
0
100
AcDbLine
 10
-0.1592563792253259
 20
-0.7714174485436161
 30
0.0
 11
-0.18351396721323
 21
-0.6730002062286076
 31
0.0
  0
LINE
  5
1B7
330
8F
100
AcDbEntity
  8
0
100
AcDbLine
 10
-0.18351396721323
 20
-0.6730002062286076
 30
0.0
 11
-0.239411895272724
 21
-0.703393768458227
 31
0.0
  0
LINE
  5
1B8
330
8F
100
AcDbEntity
  8
0
100
AcDbLine
 10
-0.2953098363318531
 20
-0.7634572295548879
 30
0.0
 11
-0.2151543072845925
 21
-0.8314809096402768
 31
0.0
  0
LINE
  5
1B9
330
8F
100
AcDbEntity
  8
0
100
AcDbLine
 10
-0.2151543072845925
 20
-0.8314809096402768
 30
0.0
 11
-0.239411895272724
 21
-0.7330636673252684
 31
0.0
  0
LINE
  5
1BA
330
8F
100
AcDbEntity
  8
0
100
AcDbLine
 10
-0.239411895272724
 20
-0.7330636673252684
 30
0.0
 11
-0.2953098363318531
 21
-0.7634572295548879
 31
0.0
  0
LINE
  5
1BB
330
8F
100
AcDbEntity
  8
0
100
AcDbLine
 10
-0.223591725236929
 20
-0.8162841220255359
 30
0.0
 11
-0.1434362091897583
 21
-0.8843078021109249
 31
0.0
  0
LINE
  5
1BC
330
8F
100
AcDbEntity
  8
0
100
AcDbLine
 10
-0.1434362091897583
 20
-0.8843078021109249
 30
0.0
 11
-0.1676937971776624
 21
-0.785890572795779
 31
0.0
  0
LINE
  5
1BD
330
8F
100
AcDbEntity
  8
0
100
AcDbLine
 10
-0.1676937971776624
 20
-0.785890572795779
 30
0.0
 11
-0.223591725236929
 21
-0.8162841220255359
 31
0.0
  0
LINE
  5
1BE
330
8F
100
AcDbEntity
  8
0
100
AcDbLine
 10
0.1592563662256907
 20
-0.5369528590574646
 30
0.0
 11
0.1033584381664241
 21
-0.5673464082872215
 31
0.0
  0
LINE
  5
1BF
330
8F
100
AcDbEntity
  8
0
100
AcDbLine
 10
0.1835139672134573
 20
-0.6353700883726106
 30
0.0
 11
0.1592563662256907
 21
-0.5369528590574646
 31
0.0
  0
LINE
  5
1C0
330
8F
100
AcDbEntity
  8
0
100
AcDbLine
 10
0.1033584381664241
 20
-0.5673464082872215
 30
0.0
 11
0.1835139672134573
 21
-0.6353700883726106
 31
0.0
  0
ENDBLK
  5
1C1
330
8F
100
AcDbEntity
  8
0
100
AcDbBlockEnd
  0
BLOCK
  5
1C4
330
1C2
100
AcDbEntity
  8
0
100
AcDbBlockBegin
  2
ARB2
 70
     0
 10
0.0
 20
0.0
 30
0.0
  3
ARB2
  1

  0
LINE
  5
1C5
330
1C2
100
AcDbEntity
  8
0
100
AcDbLine
 10
0.180612075630961
 20
-0.0312291178499891
 30
0.0
 11
0.2355181508257829
 21
-0.077824946462215
 31
0.0
  0
LINE
  5
1C6
330
1C2
100
AcDbEntity
  8
0
100
AcDbLine
 10
0.2355181508257829
 20
-0.077824946462215
 30
0.0
 11
0.2189018429310181
 21
-0.0104097029818604
 31
0.0
  0
LINE
  5
1C7
330
1C2
100
AcDbEntity
  8
0
100
AcDbLine
 10
0.2189018429310181
 20
-0.0104097029818604
 30
0.0
 11
0.180612075630961
 21
-0.0312291178499891
 31
0.0
  0
LINE
  5
1C8
330
1C2
100
AcDbEntity
  8
0
100
AcDbLine
 10
0.0216734505004297
 20
-0.139787476931815
 30
0.0
 11
0.0765795167906163
 21
-0.1863833055440409
 31
0.0
  0
LINE
  5
1C9
330
1C2
100
AcDbEntity
  8
0
100
AcDbLine
 10
0.0765795167906163
 20
-0.1863833055440409
 30
0.0
 11
0.0599632088958515
 21
-0.1189680709683216
 31
0.0
  0
LINE
  5
1CA
330
1C2
100
AcDbEntity
  8
0
100
AcDbLine
 10
0.0599632088958515
 20
-0.1189680709683216
 30
0.0
 11
0.0216734505004297
 21
-0.139787476931815
 31
0.0
  0
LINE
  5
1CB
330
1C2
100
AcDbEntity
  8
0
100
AcDbLine
 10
-0.0216734505004297
 20
-0.2329791341560394
 30
0.0
 11
0.0332326246943922
 21
-0.2795749627682653
 31
0.0
  0
LINE
  5
1CC
330
1C2
100
AcDbEntity
  8
0
100
AcDbLine
 10
0.0332326246943922
 20
-0.2795749627682653
 30
0.0
 11
0.0166163078947648
 21
-0.2121597192879108
 31
0.0
  0
LINE
  5
1CD
330
1C2
100
AcDbEntity
  8
0
100
AcDbLine
 10
0.0166163078947648
 20
-0.2121597192879108
 30
0.0
 11
-0.0216734505004297
 21
-0.2329791341560394
 31
0.0
  0
LINE
  5
1CE
330
1C2
100
AcDbEntity
  8
0
100
AcDbLine
 10
-0.2022855350362533
 20
0.3777236099633683
 30
0.0
 11
-0.1473794598412041
 21
0.331127790256005
 31
0.0
  0
LINE
  5
1CF
330
1C2
100
AcDbEntity
  8
0
100
AcDbLine
 10
-0.1473794598412041
 20
0.331127790256005
 30
0.0
 11
-0.1639957677359689
 21
0.3985430248314969
 31
0.0
  0
LINE
  5
1D0
330
1C2
100
AcDbEntity
  8
0
100
AcDbLine
 10
-0.1639957677359689
 20
0.3985430248314969
 30
0.0
 11
-0.2022855350362533
 21
0.3777236099633683
 31
0.0
  0
LINE
  5
1D1
330
1C2
100
AcDbEntity
  8
0
100
AcDbLine
 10
-0.3605017112229234
 20
0.1601111865693383
 30
0.0
 11
-0.3055956449327368
 21
0.113515366861975
 31
0.0
  0
LINE
  5
1D2
330
1C2
100
AcDbEntity
  8
0
100
AcDbLine
 10
-0.3055956449327368
 20
0.113515366861975
 30
0.0
 11
-0.3222119528275016
 21
0.1809306014376943
 31
0.0
  0
LINE
  5
1D3
330
1C2
100
AcDbEntity
  8
0
100
AcDbLine
 10
-0.3222119528275016
 20
0.1809306014376943
 30
0.0
 11
-0.3605017112229234
 21
0.1601111865693383
 31
0.0
  0
LINE
  5
1D4
330
1C2
100
AcDbEntity
  8
0
100
AcDbLine
 10
-0.1965059434867271
 20
-0.077824946462215
 30
0.0
 11
-0.1415998682919053
 21
-0.1244207750744408
 31
0.0
  0
LINE
  5
1D5
330
1C2
100
AcDbEntity
  8
0
100
AcDbLine
 10
-0.1415998682919053
 20
-0.1244207750744408
 30
0.0
 11
-0.1582161850915327
 21
-0.0570055315938589
 31
0.0
  0
LINE
  5
1D6
330
1C2
100
AcDbEntity
  8
0
100
AcDbLine
 10
-0.1582161850915327
 20
-0.0570055315938589
 30
0.0
 11
-0.1965059434867271
 21
-0.077824946462215
 31
0.0
  0
LINE
  5
1D7
330
1C2
100
AcDbEntity
  8
0
100
AcDbLine
 10
-0.2131222602863545
 20
-0.2072027204121696
 30
0.0
 11
-0.1582161850915327
 21
-0.2537985490243955
 31
0.0
  0
LINE
  5
1D8
330
1C2
100
AcDbEntity
  8
0
100
AcDbLine
 10
-0.1582161850915327
 20
-0.2537985490243955
 30
0.0
 11
-0.1748324929862974
 21
-0.1863833055440409
 31
0.0
  0
LINE
  5
1D9
330
1C2
100
AcDbEntity
  8
0
100
AcDbLine
 10
-0.1748324929862974
 20
-0.1863833055440409
 30
0.0
 11
-0.2131222602863545
 21
-0.2072027204121696
 31
0.0
  0
LINE
  5
1DA
330
1C2
100
AcDbEntity
  8
0
100
AcDbLine
 10
-0.1748324929862974
 20
-0.2587555478999093
 30
0.0
 11
-0.1199264266963382
 21
-0.3053513765121352
 31
0.0
  0
LINE
  5
1DB
330
1C2
100
AcDbEntity
  8
0
100
AcDbLine
 10
-0.1199264266963382
 20
-0.3053513765121352
 30
0.0
 11
-0.136542734591103
 21
-0.2379361330317806
 31
0.0
  0
LINE
  5
1DC
330
1C2
100
AcDbEntity
  8
0
100
AcDbLine
 10
-0.136542734591103
 20
-0.2379361330317806
 30
0.0
 11
-0.1748324929862974
 21
-0.2587555478999093
 31
0.0
  0
LINE
  5
1DD
330
1C2
100
AcDbEntity
  8
0
100
AcDbLine
 10
-0.1914488097859248
 20
-0.3519472051243611
 30
0.0
 11
-0.136542734591103
 21
-0.3985430248317243
 31
0.0
  0
LINE
  5
1DE
330
1C2
100
AcDbEntity
  8
0
100
AcDbLine
 10
-0.136542734591103
 20
-0.3985430248317243
 30
0.0
 11
-0.1531590424858678
 21
-0.331127790256005
 31
0.0
  0
LINE
  5
1DF
330
1C2
100
AcDbEntity
  8
0
100
AcDbLine
 10
-0.1531590424858678
 20
-0.331127790256005
 30
0.0
 11
-0.1914488097859248
 21
-0.3519472051243611
 31
0.0
  0
LINE
  5
1E0
330
1C2
100
AcDbEntity
  8
0
100
AcDbLine
 10
0.2073426687370556
 20
0.2225694222693164
 30
0.0
 11
0.2622487439318775
 21
0.1759736025621805
 31
0.0
  0
LINE
  5
1E1
330
1C2
100
AcDbEntity
  8
0
100
AcDbLine
 10
0.2622487439318775
 20
0.1759736025621805
 30
0.0
 11
0.2456324271322501
 21
0.2433888371376724
 31
0.0
  0
LINE
  5
1E2
330
1C2
100
AcDbEntity
  8
0
100
AcDbLine
 10
0.2456324271322501
 20
0.2433888371376724
 30
0.0
 11
0.2073426687370556
 21
0.2225694222693164
 31
0.0
  0
LINE
  5
1E3
330
1C2
100
AcDbEntity
  8
0
100
AcDbLine
 10
0.0599632088958515
 20
0.0570055315938589
 30
0.0
 11
0.1148692840906733
 21
0.010409702981633
 31
0.0
  0
LINE
  5
1E4
330
1C2
100
AcDbEntity
  8
0
100
AcDbLine
 10
0.1148692840906733
 20
0.010409702981633
 30
0.0
 11
0.098252967291046
 21
0.0778249464619876
 31
0.0
  0
LINE
  5
1E5
330
1C2
100
AcDbEntity
  8
0
100
AcDbLine
 10
0.098252967291046
 20
0.0778249464619876
 30
0.0
 11
0.0599632088958515
 21
0.0570055315938589
 31
0.0
  0
LINE
  5
1E6
330
1C2
100
AcDbEntity
  8
0
100
AcDbLine
 10
-0.0549060751948218
 20
0.0465958286119985
 30
0.0
 11
0.0
 21
0.0
 31
0.0
  0
LINE
  5
1E7
330
1C2
100
AcDbEntity
  8
0
100
AcDbLine
 10
0.0
 20
0.0
 30
0.0
 11
-0.0166163167996274
 21
0.0674152345754919
 31
0.0
  0
LINE
  5
1E8
330
1C2
100
AcDbEntity
  8
0
100
AcDbLine
 10
-0.0166163167996274
 20
0.0674152345754919
 30
0.0
 11
-0.0549060751948218
 21
0.0465958286119985
 31
0.0
  0
LINE
  5
1E9
330
1C2
100
AcDbEntity
  8
0
100
AcDbLine
 10
-0.0166163167996274
 20
0.0723722423560958
 30
0.0
 11
0.0382897583951945
 21
0.0257764137438699
 31
0.0
  0
LINE
  5
1EA
330
1C2
100
AcDbEntity
  8
0
100
AcDbLine
 10
0.0382897583951945
 20
0.0257764137438699
 30
0.0
 11
0.0216734505004297
 21
0.0931916483193618
 31
0.0
  0
LINE
  5
1EB
330
1C2
100
AcDbEntity
  8
0
100
AcDbLine
 10
0.0216734505004297
 20
0.0931916483193618
 30
0.0
 11
-0.0166163167996274
 21
0.0723722423560958
 31
0.0
  0
LINE
  5
1EC
330
1C2
100
AcDbEntity
  8
0
100
AcDbLine
 10
-0.1090897014460097
 20
0.4709152671875927
 30
0.0
 11
-0.0541836262511879
 21
0.4243194385753668
 31
0.0
  0
LINE
  5
1ED
330
1C2
100
AcDbEntity
  8
0
100
AcDbLine
 10
-0.0541836262511879
 20
0.4243194385753668
 30
0.0
 11
-0.0707999341459527
 21
0.4917346731510861
 31
0.0
  0
LINE
  5
1EE
330
1C2
100
AcDbEntity
  8
0
100
AcDbLine
 10
-0.0707999341459527
 20
0.4917346731510861
 30
0.0
 11
-0.1090897014460097
 21
0.4709152671875927
 31
0.0
  0
LINE
  5
1EF
330
1C2
100
AcDbEntity
  8
0
100
AcDbLine
 10
-0.1090897014460097
 20
0.538330501763312
 30
0.0
 11
-0.0541836262511879
 21
0.4917346731510861
 31
0.0
  0
LINE
  5
1F0
330
1C2
100
AcDbEntity
  8
0
100
AcDbLine
 10
-0.0541836262511879
 20
0.4917346731510861
 30
0.0
 11
-0.0707999341459527
 21
0.5591499166314407
 31
0.0
  0
LINE
  5
1F1
330
1C2
100
AcDbEntity
  8
0
100
AcDbLine
 10
-0.0707999341459527
 20
0.5591499166314407
 30
0.0
 11
-0.1090897014460097
 21
0.538330501763312
 31
0.0
  0
LINE
  5
1F2
330
1C2
100
AcDbEntity
  8
0
100
AcDbLine
 10
0.1582161850915327
 20
0.4500958523194641
 30
0.0
 11
0.2131222513814919
 21
0.4035000237072382
 31
0.0
  0
LINE
  5
1F3
330
1C2
100
AcDbEntity
  8
0
100
AcDbLine
 10
0.2131222513814919
 20
0.4035000237072382
 30
0.0
 11
0.1965059434867271
 21
0.4709152671875927
 31
0.0
  0
LINE
  5
1F4
330
1C2
100
AcDbEntity
  8
0
100
AcDbLine
 10
0.1965059434867271
 20
0.4709152671875927
 30
0.0
 11
0.1582161850915327
 21
0.4500958523194641
 31
0.0
  0
LINE
  5
1F5
330
1C2
100
AcDbEntity
  8
0
100
AcDbLine
 10
0.1257060093407745
 20
0.507101383913323
 30
0.0
 11
0.180612075630961
 21
0.4605055553010971
 31
0.0
  0
LINE
  5
1F6
330
1C2
100
AcDbEntity
  8
0
100
AcDbLine
 10
0.180612075630961
 20
0.4605055553010971
 30
0.0
 11
0.1639957677361963
 21
0.5279207987814516
 31
0.0
  0
LINE
  5
1F7
330
1C2
100
AcDbEntity
  8
0
100
AcDbLine
 10
0.1639957677361963
 20
0.5279207987814516
 30
0.0
 11
0.1257060093407745
 21
0.507101383913323
 31
0.0
  0
LINE
  5
1F8
330
1C2
100
AcDbEntity
  8
0
100
AcDbLine
 10
0.1965059434867271
 20
0.4917346731510861
 30
0.0
 11
0.2514120186817763
 21
0.4451388534437229
 31
0.0
  0
LINE
  5
1F9
330
1C2
100
AcDbEntity
  8
0
100
AcDbLine
 10
0.2514120186817763
 20
0.4451388534437229
 30
0.0
 11
0.2347957018821489
 21
0.5125540880194422
 31
0.0
  0
LINE
  5
1FA
330
1C2
100
AcDbEntity
  8
0
100
AcDbLine
 10
0.2347957018821489
 20
0.5125540880194422
 30
0.0
 11
0.1965059434867271
 21
0.4917346731510861
 31
0.0
  0
LINE
  5
1FB
330
1C2
100
AcDbEntity
  8
0
100
AcDbLine
 10
0.3005385023270719
 20
0.429772142681486
 30
0.0
 11
0.3554445686172585
 21
0.3831763140694875
 31
0.0
  0
LINE
  5
1FC
330
1C2
100
AcDbEntity
  8
0
100
AcDbLine
 10
0.3554445686172585
 20
0.3831763140694875
 30
0.0
 11
0.3388282607224937
 21
0.4505915575498421
 31
0.0
  0
LINE
  5
1FD
330
1C2
100
AcDbEntity
  8
0
100
AcDbLine
 10
0.3388282607224937
 20
0.4505915575498421
 30
0.0
 11
0.3005385023270719
 21
0.429772142681486
 31
0.0
  0
LINE
  5
1FE
330
1C2
100
AcDbEntity
  8
0
100
AcDbLine
 10
0.4045710611674167
 20
0.3519471962194984
 30
0.0
 11
0.4594771274576033
 21
0.3053513676072725
 31
0.0
  0
LINE
  5
1FF
330
1C2
100
AcDbEntity
  8
0
100
AcDbLine
 10
0.4594771274576033
 20
0.3053513676072725
 30
0.0
 11
0.4428608195628386
 21
0.3727666110876271
 31
0.0
  0
LINE
  5
200
330
1C2
100
AcDbEntity
  8
0
100
AcDbLine
 10
0.4428608195628386
 20
0.3727666110876271
 30
0.0
 11
0.4045710611674167
 21
0.3519471962194984
 31
0.0
  0
LINE
  5
201
330
1C2
100
AcDbEntity
  8
0
100
AcDbLine
 10
0.1748324929862974
 20
0.331127790256005
 30
0.0
 11
0.2297385681811193
 21
0.2845319616437791
 31
0.0
  0
LINE
  5
202
330
1C2
100
AcDbEntity
  8
0
100
AcDbLine
 10
0.2297385681811193
 20
0.2845319616437791
 30
0.0
 11
0.2131222513814919
 21
0.3519471962194984
 31
0.0
  0
LINE
  5
203
330
1C2
100
AcDbEntity
  8
0
100
AcDbLine
 10
0.2131222513814919
 20
0.3519471962194984
 30
0.0
 11
0.1748324929862974
 21
0.331127790256005
 31
0.0
  0
LINE
  5
204
330
1C2
100
AcDbEntity
  8
0
100
AcDbLine
 10
0.2131222513814919
 20
0.2949416646254121
 30
0.0
 11
0.2680283265765411
 21
0.2483458360134136
 31
0.0
  0
LINE
  5
205
330
1C2
100
AcDbEntity
  8
0
100
AcDbLine
 10
0.2680283265765411
 20
0.2483458360134136
 30
0.0
 11
0.2514120186817763
 21
0.3157610794937682
 31
0.0
  0
LINE
  5
206
330
1C2
100
AcDbEntity
  8
0
100
AcDbLine
 10
0.2514120186817763
 20
0.3157610794937682
 30
0.0
 11
0.2131222513814919
 21
0.2949416646254121
 31
0.0
  0
LINE
  5
207
330
1C2
100
AcDbEntity
  8
0
100
AcDbLine
 10
0.1473794598414315
 20
0.2741222497572835
 30
0.0
 11
0.2022855261313907
 21
0.2275264300499202
 31
0.0
  0
LINE
  5
208
330
1C2
100
AcDbEntity
  8
0
100
AcDbLine
 10
0.2022855261313907
 20
0.2275264300499202
 30
0.0
 11
0.185669218236626
 21
0.2949416646254121
 31
0.0
  0
LINE
  5
209
330
1C2
100
AcDbEntity
  8
0
100
AcDbLine
 10
0.185669218236626
 20
0.2949416646254121
 30
0.0
 11
0.1473794598414315
 21
0.2741222497572835
 31
0.0
  0
LINE
  5
20A
330
1C2
100
AcDbEntity
  8
0
100
AcDbLine
 10
0.3446078522717926
 20
0.2741222497572835
 30
0.0
 11
0.3995139185617518
 21
0.2275264300499202
 31
0.0
  0
LINE
  5
20B
330
1C2
100
AcDbEntity
  8
0
100
AcDbLine
 10
0.3995139185617518
 20
0.2275264300499202
 30
0.0
 11
0.382897610666987
 21
0.2949416646254121
 31
0.0
  0
LINE
  5
20C
330
1C2
100
AcDbEntity
  8
0
100
AcDbLine
 10
0.382897610666987
 20
0.2949416646254121
 30
0.0
 11
0.3446078522717926
 21
0.2741222497572835
 31
0.0
  0
LINE
  5
20D
330
1C2
100
AcDbEntity
  8
0
100
AcDbLine
 10
0.4154077864177453
 20
0.2741222497572835
 30
0.0
 11
0.4703138527077045
 21
0.2275264300499202
 31
0.0
  0
LINE
  5
20E
330
1C2
100
AcDbEntity
  8
0
100
AcDbLine
 10
0.4703138527077045
 20
0.2275264300499202
 30
0.0
 11
0.4536975448129397
 21
0.2949416646254121
 31
0.0
  0
LINE
  5
20F
330
1C2
100
AcDbEntity
  8
0
100
AcDbLine
 10
0.4536975448129397
 20
0.2949416646254121
 30
0.0
 11
0.4154077864177453
 21
0.2741222497572835
 31
0.0
  0
LINE
  5
210
330
1C2
100
AcDbEntity
  8
0
100
AcDbLine
 10
0.43202409431251
 20
0.1705208984560613
 30
0.0
 11
0.4869301695073319
 21
0.1239250698438354
 31
0.0
  0
LINE
  5
211
330
1C2
100
AcDbEntity
  8
0
100
AcDbLine
 10
0.4869301695073319
 20
0.1239250698438354
 30
0.0
 11
0.4703138527077045
 21
0.1913403044193274
 31
0.0
  0
LINE
  5
212
330
1C2
100
AcDbEntity
  8
0
100
AcDbLine
 10
0.4703138527077045
 20
0.1913403044193274
 30
0.0
 11
0.43202409431251
 21
0.1705208984560613
 31
0.0
  0
LINE
  5
213
330
1C2
100
AcDbEntity
  8
0
100
AcDbLine
 10
0.481150577958033
 20
0.1863833055438135
 30
0.0
 11
0.5360566531528548
 21
0.1397874769315877
 31
0.0
  0
LINE
  5
214
330
1C2
100
AcDbEntity
  8
0
100
AcDbLine
 10
0.5360566531528548
 20
0.1397874769315877
 30
0.0
 11
0.5194403452580901
 21
0.2072027204121696
 31
0.0
  0
LINE
  5
215
330
1C2
100
AcDbEntity
  8
0
100
AcDbLine
 10
0.5194403452580901
 20
0.2072027204121696
 30
0.0
 11
0.481150577958033
 21
0.1863833055438135
 31
0.0
  0
LINE
  5
216
330
1C2
100
AcDbEntity
  8
0
100
AcDbLine
 10
0.0166163078947648
 20
0.5125540880194422
 30
0.0
 11
0.0715223830895866
 21
0.4659582594072163
 31
0.0
  0
LINE
  5
217
330
1C2
100
AcDbEntity
  8
0
100
AcDbLine
 10
0.0715223830895866
 20
0.4659582594072163
 30
0.0
 11
0.0549060751948218
 21
0.5333735028875708
 31
0.0
  0
LINE
  5
218
330
1C2
100
AcDbEntity
  8
0
100
AcDbLine
 10
0.0549060751948218
 20
0.5333735028875708
 30
0.0
 11
0.0166163078947648
 21
0.5125540880194422
 31
0.0
  0
LINE
  5
219
330
1C2
100
AcDbEntity
  8
0
100
AcDbLine
 10
-0.2788650518266422
 20
0.4605055553010971
 30
0.0
 11
-0.2239589766318204
 21
0.4139097355937338
 31
0.0
  0
LINE
  5
21A
330
1C2
100
AcDbEntity
  8
0
100
AcDbLine
 10
-0.2239589766318204
 20
0.4139097355937338
 30
0.0
 11
-0.2405752934314478
 21
0.4813249701694531
 31
0.0
  0
LINE
  5
21B
330
1C2
100
AcDbEntity
  8
0
100
AcDbLine
 10
-0.2405752934314478
 20
0.4813249701694531
 30
0.0
 11
-0.2788650518266422
 21
0.4605055553010971
 31
0.0
  0
LINE
  5
21C
330
1C2
100
AcDbEntity
  8
0
100
AcDbLine
 10
-0.2456324271322501
 20
0.507101383913323
 30
0.0
 11
-0.1907263608422909
 21
0.4605055553010971
 31
0.0
  0
LINE
  5
21D
330
1C2
100
AcDbEntity
  8
0
100
AcDbLine
 10
-0.1907263608422909
 20
0.4605055553010971
 30
0.0
 11
-0.2073426687370556
 21
0.5279207987814516
 31
0.0
  0
LINE
  5
21E
330
1C2
100
AcDbEntity
  8
0
100
AcDbLine
 10
-0.2073426687370556
 20
0.5279207987814516
 30
0.0
 11
-0.2456324271322501
 21
0.507101383913323
 31
0.0
  0
LINE
  5
21F
330
1C2
100
AcDbEntity
  8
0
100
AcDbLine
 10
-0.0982529761956812
 20
0.1397874769315877
 30
0.0
 11
-0.0433469010008594
 21
0.0931916483193618
 31
0.0
  0
LINE
  5
220
330
1C2
100
AcDbEntity
  8
0
100
AcDbLine
 10
-0.0433469010008594
 20
0.0931916483193618
 30
0.0
 11
-0.0599632088956241
 21
0.1606068917999437
 31
0.0
  0
LINE
  5
221
330
1C2
100
AcDbEntity
  8
0
100
AcDbLine
 10
-0.0599632088956241
 20
0.1606068917999437
 30
0.0
 11
-0.0982529761956812
 21
0.1397874769315877
 31
0.0
  0
LINE
  5
222
330
1C2
100
AcDbEntity
  8
0
100
AcDbLine
 10
-0.136542734591103
 20
0.1085583590815986
 30
0.0
 11
-0.0816366593962812
 21
0.0619625304693727
 31
0.0
  0
LINE
  5
223
330
1C2
100
AcDbEntity
  8
0
100
AcDbLine
 10
-0.0816366593962812
 20
0.0619625304693727
 30
0.0
 11
-0.0982529761956812
 21
0.1293777739499546
 31
0.0
  0
LINE
  5
224
330
1C2
100
AcDbEntity
  8
0
100
AcDbLine
 10
-0.0982529761956812
 20
0.1293777739499546
 30
0.0
 11
-0.136542734591103
 21
0.1085583590815986
 31
0.0
  0
LINE
  5
225
330
1C2
100
AcDbEntity
  8
0
100
AcDbLine
 10
-0.3879547532726519
 20
0.3261707824754012
 30
0.0
 11
-0.3330486780778301
 21
0.2795749538634027
 31
0.0
  0
LINE
  5
226
330
1C2
100
AcDbEntity
  8
0
100
AcDbLine
 10
-0.3330486780778301
 20
0.2795749538634027
 30
0.0
 11
-0.3496649859725949
 21
0.3469901973437572
 31
0.0
  0
LINE
  5
227
330
1C2
100
AcDbEntity
  8
0
100
AcDbLine
 10
-0.3496649859725949
 20
0.3469901973437572
 30
0.0
 11
-0.3879547532726519
 21
0.3261707824754012
 31
0.0
  0
LINE
  5
228
330
1C2
100
AcDbEntity
  8
0
100
AcDbLine
 10
-0.4536975448129397
 20
0.2017500163060504
 30
0.0
 11
-0.3987914785229805
 21
0.1551541876938245
 31
0.0
  0
LINE
  5
229
330
1C2
100
AcDbEntity
  8
0
100
AcDbLine
 10
-0.3987914785229805
 20
0.1551541876938245
 30
0.0
 11
-0.4154077864177453
 21
0.2225694222693164
 31
0.0
  0
LINE
  5
22A
330
1C2
100
AcDbEntity
  8
0
100
AcDbLine
 10
-0.4154077864177453
 20
0.2225694222693164
 30
0.0
 11
-0.4536975448129397
 21
0.2017500163060504
 31
0.0
  0
LINE
  5
22B
330
1C2
100
AcDbEntity
  8
0
100
AcDbLine
 10
-0.4695914126689332
 20
0.2899846657498983
 30
0.0
 11
-0.4146853374741113
 21
0.2433888371376724
 31
0.0
  0
LINE
  5
22C
330
1C2
100
AcDbEntity
  8
0
100
AcDbLine
 10
-0.4146853374741113
 20
0.2433888371376724
 30
0.0
 11
-0.4313016453688761
 21
0.3108040717133917
 31
0.0
  0
LINE
  5
22D
330
1C2
100
AcDbEntity
  8
0
100
AcDbLine
 10
-0.4313016453688761
 20
0.3108040717133917
 30
0.0
 11
-0.4695914126689332
 21
0.2899846657498983
 31
0.0
  0
LINE
  5
22E
330
1C2
100
AcDbEntity
  8
0
100
AcDbLine
 10
-0.5353342042092209
 20
0.150197179913448
 30
0.0
 11
-0.4804281379190343
 21
0.1036013602060848
 31
0.0
  0
LINE
  5
22F
330
1C2
100
AcDbEntity
  8
0
100
AcDbLine
 10
-0.4804281379190343
 20
0.1036013602060848
 30
0.0
 11
-0.4970444458140264
 21
0.1710165947815767
 31
0.0
  0
LINE
  5
230
330
1C2
100
AcDbEntity
  8
0
100
AcDbLine
 10
-0.4970444458140264
 20
0.1710165947815767
 30
0.0
 11
-0.5353342042092209
 21
0.150197179913448
 31
0.0
  0
LINE
  5
231
330
1C2
100
AcDbEntity
  8
0
100
AcDbLine
 10
-0.568566828903613
 20
0.0411431245061067
 30
0.0
 11
-0.5136607537087912
 21
-0.0054527041061192
 31
0.0
  0
LINE
  5
232
330
1C2
100
AcDbEntity
  8
0
100
AcDbLine
 10
-0.5136607537087912
 20
-0.0054527041061192
 30
0.0
 11
-0.5302770705084186
 21
0.0619625304693727
 31
0.0
  0
LINE
  5
233
330
1C2
100
AcDbEntity
  8
0
100
AcDbLine
 10
-0.5302770705084186
 20
0.0619625304693727
 30
0.0
 11
-0.568566828903613
 21
0.0411431245061067
 31
0.0
  0
LINE
  5
234
330
1C2
100
AcDbEntity
  8
0
100
AcDbLine
 10
-0.3222119528275016
 20
-0.1655638995805475
 30
0.0
 11
-0.2673058776326798
 21
-0.2121597192879108
 31
0.0
  0
LINE
  5
235
330
1C2
100
AcDbEntity
  8
0
100
AcDbLine
 10
-0.2673058776326798
 20
-0.2121597192879108
 30
0.0
 11
-0.2839221944323071
 21
-0.1447444847121915
 31
0.0
  0
LINE
  5
236
330
1C2
100
AcDbEntity
  8
0
100
AcDbLine
 10
-0.2839221944323071
 20
-0.1447444847121915
 30
0.0
 11
-0.3222119528275016
 21
-0.1655638995805475
 31
0.0
  0
LINE
  5
237
330
1C2
100
AcDbEntity
  8
0
100
AcDbLine
 10
-0.2514120186815489
 20
-0.2642082520060285
 30
0.0
 11
-0.1965059434867271
 21
-0.3108040806182544
 31
0.0
  0
LINE
  5
238
330
1C2
100
AcDbEntity
  8
0
100
AcDbLine
 10
-0.1965059434867271
 20
-0.3108040806182544
 30
0.0
 11
-0.2131222602863545
 21
-0.2433888371378998
 31
0.0
  0
LINE
  5
239
330
1C2
100
AcDbEntity
  8
0
100
AcDbLine
 10
-0.2131222602863545
 20
-0.2433888371378998
 30
0.0
 11
-0.2514120186815489
 21
-0.2642082520060285
 31
0.0
  0
LINE
  5
23A
330
1C2
100
AcDbEntity
  8
0
100
AcDbLine
 10
-0.3279915354721652
 20
-0.3053513765121352
 30
0.0
 11
-0.273085469182206
 21
-0.3519472051243611
 31
0.0
  0
LINE
  5
23B
330
1C2
100
AcDbEntity
  8
0
100
AcDbLine
 10
-0.273085469182206
 20
-0.3519472051243611
 30
0.0
 11
-0.2897017770769707
 21
-0.2845319616440065
 31
0.0
  0
LINE
  5
23C
330
1C2
100
AcDbEntity
  8
0
100
AcDbLine
 10
-0.2897017770769707
 20
-0.2845319616440065
 30
0.0
 11
-0.3279915354721652
 21
-0.3053513765121352
 31
0.0
  0
LINE
  5
23D
330
1C2
100
AcDbEntity
  8
0
100
AcDbLine
 10
-0.4096281948684464
 20
-0.2587555478999093
 30
0.0
 11
-0.3547221285782598
 21
-0.3053513765121352
 31
0.0
  0
LINE
  5
23E
330
1C2
100
AcDbEntity
  8
0
100
AcDbLine
 10
-0.3547221285782598
 20
-0.3053513765121352
 30
0.0
 11
-0.3713384364730246
 21
-0.2379361330317806
 31
0.0
  0
LINE
  5
23F
330
1C2
100
AcDbEntity
  8
0
100
AcDbLine
 10
-0.3713384364730246
 20
-0.2379361330317806
 30
0.0
 11
-0.4096281948684464
 21
-0.2587555478999093
 31
0.0
  0
LINE
  5
240
330
1C2
100
AcDbEntity
  8
0
100
AcDbLine
 10
-0.546170929459322
 20
-0.0312291178499891
 30
0.0
 11
-0.4912648631693628
 21
-0.077824946462215
 31
0.0
  0
LINE
  5
241
330
1C2
100
AcDbEntity
  8
0
100
AcDbLine
 10
-0.4912648631693628
 20
-0.077824946462215
 30
0.0
 11
-0.5078811710641276
 21
-0.0104097029818604
 31
0.0
  0
LINE
  5
242
330
1C2
100
AcDbEntity
  8
0
100
AcDbLine
 10
-0.5078811710641276
 20
-0.0104097029818604
 30
0.0
 11
-0.546170929459322
 21
-0.0312291178499891
 31
0.0
  0
LINE
  5
243
330
1C2
100
AcDbEntity
  8
0
100
AcDbLine
 10
-0.5627872462589494
 20
-0.0827819453379562
 30
0.0
 11
-0.5078811710641276
 21
-0.1293777739499546
 31
0.0
  0
LINE
  5
244
330
1C2
100
AcDbEntity
  8
0
100
AcDbLine
 10
-0.5078811710641276
 20
-0.1293777739499546
 30
0.0
 11
-0.5244974789588924
 21
-0.0619625393744627
 31
0.0
  0
LINE
  5
245
330
1C2
100
AcDbEntity
  8
0
100
AcDbLine
 10
-0.5244974789588924
 20
-0.0619625393744627
 30
0.0
 11
-0.5627872462589494
 21
-0.0827819453379562
 31
0.0
  0
LINE
  5
246
330
1C2
100
AcDbEntity
  8
0
100
AcDbLine
 10
-0.5736239715092779
 20
-0.1452401810379342
 30
0.0
 11
-0.5187178963144561
 21
-0.1918360096499327
 31
0.0
  0
LINE
  5
247
330
1C2
100
AcDbEntity
  8
0
100
AcDbLine
 10
-0.5187178963144561
 20
-0.1918360096499327
 30
0.0
 11
-0.5353342042092209
 21
-0.1244207750744408
 31
0.0
  0
LINE
  5
248
330
1C2
100
AcDbEntity
  8
0
100
AcDbLine
 10
-0.5353342042092209
 20
-0.1244207750744408
 30
0.0
 11
-0.5736239715092779
 21
-0.1452401810379342
 31
0.0
  0
LINE
  5
249
330
1C2
100
AcDbEntity
  8
0
100
AcDbLine
 10
-0.5028240284584627
 20
-0.1140110631879452
 30
0.0
 11
-0.4479179621685035
 21
-0.1606068917999437
 31
0.0
  0
LINE
  5
24A
330
1C2
100
AcDbEntity
  8
0
100
AcDbLine
 10
-0.4479179621685035
 20
-0.1606068917999437
 30
0.0
 11
-0.4645342700632682
 21
-0.0931916572244518
 31
0.0
  0
LINE
  5
24B
330
1C2
100
AcDbEntity
  8
0
100
AcDbLine
 10
-0.4645342700632682
 20
-0.0931916572244518
 30
0.0
 11
-0.5028240284584627
 21
-0.1140110631879452
 31
0.0
  0
LINE
  5
24C
330
1C2
100
AcDbEntity
  8
0
100
AcDbLine
 10
-0.5028240284584627
 20
-0.2121597192879108
 30
0.0
 11
-0.4479179621685035
 21
-0.2587555478999093
 31
0.0
  0
LINE
  5
24D
330
1C2
100
AcDbEntity
  8
0
100
AcDbLine
 10
-0.4479179621685035
 20
-0.2587555478999093
 30
0.0
 11
-0.4645342700632682
 21
-0.1913403133244174
 31
0.0
  0
LINE
  5
24E
330
1C2
100
AcDbEntity
  8
0
100
AcDbLine
 10
-0.4645342700632682
 20
-0.1913403133244174
 30
0.0
 11
-0.5028240284584627
 21
-0.2121597192879108
 31
0.0
  0
LINE
  5
24F
330
1C2
100
AcDbEntity
  8
0
100
AcDbLine
 10
-0.5353342042092209
 20
-0.2587555478999093
 30
0.0
 11
-0.4804281379190343
 21
-0.3053513765121352
 31
0.0
  0
LINE
  5
250
330
1C2
100
AcDbEntity
  8
0
100
AcDbLine
 10
-0.4804281379190343
 20
-0.3053513765121352
 30
0.0
 11
-0.4970444458140264
 21
-0.2379361330317806
 31
0.0
  0
LINE
  5
251
330
1C2
100
AcDbEntity
  8
0
100
AcDbLine
 10
-0.4970444458140264
 20
-0.2379361330317806
 30
0.0
 11
-0.5353342042092209
 21
-0.2587555478999093
 31
0.0
  0
LINE
  5
252
330
1C2
100
AcDbEntity
  8
0
100
AcDbLine
 10
-0.4645342700632682
 20
-0.2899846657498983
 30
0.0
 11
-0.4096281948684464
 21
-0.3365804943621242
 31
0.0
  0
LINE
  5
253
330
1C2
100
AcDbEntity
  8
0
100
AcDbLine
 10
-0.4096281948684464
 20
-0.3365804943621242
 30
0.0
 11
-0.4262445116678464
 21
-0.2691652508817697
 31
0.0
  0
LINE
  5
254
330
1C2
100
AcDbEntity
  8
0
100
AcDbLine
 10
-0.4262445116678464
 20
-0.2691652508817697
 30
0.0
 11
-0.4645342700632682
 21
-0.2899846657498983
 31
0.0
  0
LINE
  5
255
330
1C2
100
AcDbEntity
  8
0
100
AcDbLine
 10
-0.4811505868628956
 20
-0.3519472051243611
 30
0.0
 11
-0.4262445116678464
 21
-0.3985430248317243
 31
0.0
  0
LINE
  5
256
330
1C2
100
AcDbEntity
  8
0
100
AcDbLine
 10
-0.4262445116678464
 20
-0.3985430248317243
 30
0.0
 11
-0.4428608195628386
 21
-0.331127790256005
 31
0.0
  0
LINE
  5
257
330
1C2
100
AcDbEntity
  8
0
100
AcDbLine
 10
-0.4428608195628386
 20
-0.331127790256005
 30
0.0
 11
-0.4811505868628956
 21
-0.3519472051243611
 31
0.0
  0
LINE
  5
258
330
1C2
100
AcDbEntity
  8
0
100
AcDbLine
 10
-0.3821751617233531
 20
-0.3519472051243611
 30
0.0
 11
-0.3272690865285313
 21
-0.3985430248317243
 31
0.0
  0
LINE
  5
259
330
1C2
100
AcDbEntity
  8
0
100
AcDbLine
 10
-0.3272690865285313
 20
-0.3985430248317243
 30
0.0
 11
-0.3438854033281586
 21
-0.331127790256005
 31
0.0
  0
LINE
  5
25A
330
1C2
100
AcDbEntity
  8
0
100
AcDbLine
 10
-0.3438854033281586
 20
-0.331127790256005
 30
0.0
 11
-0.3821751617233531
 21
-0.3519472051243611
 31
0.0
  0
LINE
  5
25B
330
1C2
100
AcDbEntity
  8
0
100
AcDbLine
 10
-0.3879547532726519
 20
-0.4248151438059722
 30
0.0
 11
-0.3330486780778301
 21
-0.4714109724181981
 31
0.0
  0
LINE
  5
25C
330
1C2
100
AcDbEntity
  8
0
100
AcDbLine
 10
-0.3330486780778301
 20
-0.4714109724181981
 30
0.0
 11
-0.3496649859725949
 21
-0.4039957289378436
 31
0.0
  0
LINE
  5
25D
330
1C2
100
AcDbEntity
  8
0
100
AcDbLine
 10
-0.3496649859725949
 20
-0.4039957289378436
 30
0.0
 11
-0.3879547532726519
 21
-0.4248151438059722
 31
0.0
  0
LINE
  5
25E
330
1C2
100
AcDbEntity
  8
0
100
AcDbLine
 10
0.136542734591103
 20
-0.1863833055440409
 30
0.0
 11
0.1914488008810622
 21
-0.2329791341560394
 31
0.0
  0
LINE
  5
25F
330
1C2
100
AcDbEntity
  8
0
100
AcDbLine
 10
0.1914488008810622
 20
-0.2329791341560394
 30
0.0
 11
0.1748324929862974
 21
-0.1655638995805475
 31
0.0
  0
LINE
  5
260
330
1C2
100
AcDbEntity
  8
0
100
AcDbLine
 10
0.1748324929862974
 20
-0.1655638995805475
 30
0.0
 11
0.136542734591103
 21
-0.1863833055440409
 31
0.0
  0
LINE
  5
261
330
1C2
100
AcDbEntity
  8
0
100
AcDbLine
 10
-0.0549060751948218
 20
-0.3831763229743501
 30
0.0
 11
0.0
 21
-0.4297721426817134
 31
0.0
  0
LINE
  5
262
330
1C2
100
AcDbEntity
  8
0
100
AcDbLine
 10
0.0
 20
-0.4297721426817134
 30
0.0
 11
-0.0166163167996274
 21
-0.3623569081059941
 31
0.0
  0
LINE
  5
263
330
1C2
100
AcDbEntity
  8
0
100
AcDbLine
 10
-0.0166163167996274
 20
-0.3623569081059941
 30
0.0
 11
-0.0549060751948218
 21
-0.3831763229743501
 31
0.0
  0
LINE
  5
264
330
1C2
100
AcDbEntity
  8
0
100
AcDbLine
 10
-0.0982529761956812
 20
-0.4352248467878326
 30
0.0
 11
-0.0433469010008594
 21
-0.4818206754000585
 31
0.0
  0
LINE
  5
265
330
1C2
100
AcDbEntity
  8
0
100
AcDbLine
 10
-0.0433469010008594
 20
-0.4818206754000585
 30
0.0
 11
-0.0599632088956241
 21
-0.4144054319194766
 31
0.0
  0
LINE
  5
266
330
1C2
100
AcDbEntity
  8
0
100
AcDbLine
 10
-0.0599632088956241
 20
-0.4144054319194766
 30
0.0
 11
-0.0982529761956812
 21
-0.4352248467878326
 31
0.0
  0
LINE
  5
267
330
1C2
100
AcDbEntity
  8
0
100
AcDbLine
 10
-0.0874162509455801
 20
-0.5229637999059378
 30
0.0
 11
-0.0325101757507582
 21
-0.5695596285181637
 31
0.0
  0
LINE
  5
268
330
1C2
100
AcDbEntity
  8
0
100
AcDbLine
 10
-0.0325101757507582
 20
-0.5695596285181637
 30
0.0
 11
-0.049126483645523
 21
-0.5021443850378092
 31
0.0
  0
LINE
  5
269
330
1C2
100
AcDbEntity
  8
0
100
AcDbLine
 10
-0.049126483645523
 20
-0.5021443850378092
 30
0.0
 11
-0.0874162509455801
 21
-0.5229637999059378
 31
0.0
  0
LINE
  5
26A
330
1C2
100
AcDbEntity
  8
0
100
AcDbLine
 10
-0.0382897583951945
 20
-0.4818206754000585
 30
0.0
 11
0.0166163078947648
 21
-0.528416504012057
 31
0.0
  0
LINE
  5
26B
330
1C2
100
AcDbEntity
  8
0
100
AcDbLine
 10
0.0166163078947648
 20
-0.528416504012057
 30
0.0
 11
0.0
 21
-0.4610012605317025
 31
0.0
  0
LINE
  5
26C
330
1C2
100
AcDbEntity
  8
0
100
AcDbLine
 10
0.0
 20
-0.4610012605317025
 30
0.0
 11
-0.0382897583951945
 21
-0.4818206754000585
 31
0.0
  0
LINE
  5
26D
330
1C2
100
AcDbEntity
  8
0
100
AcDbLine
 10
-0.0108367252503285
 20
-0.5541929177561542
 30
0.0
 11
0.0440693499447207
 21
-0.6007887463681528
 31
0.0
  0
LINE
  5
26E
330
1C2
100
AcDbEntity
  8
0
100
AcDbLine
 10
0.0440693499447207
 20
-0.6007887463681528
 30
0.0
 11
0.0274530331450933
 21
-0.5333735028877982
 31
0.0
  0
LINE
  5
26F
330
1C2
100
AcDbEntity
  8
0
100
AcDbLine
 10
0.0274530331450933
 20
-0.5333735028877982
 30
0.0
 11
-0.0108367252503285
 21
-0.5541929177561542
 31
0.0
  0
LINE
  5
270
330
1C2
100
AcDbEntity
  8
0
100
AcDbLine
 10
0.3554445686172585
 20
0.0465958286119985
 30
0.0
 11
0.4103506438120803
 21
0.0
 31
0.0
  0
LINE
  5
271
330
1C2
100
AcDbEntity
  8
0
100
AcDbLine
 10
0.4103506438120803
 20
0.0
 30
0.0
 11
0.3937343359173155
 21
0.0674152345754919
 31
0.0
  0
LINE
  5
272
330
1C2
100
AcDbEntity
  8
0
100
AcDbLine
 10
0.3937343359173155
 20
0.0674152345754919
 30
0.0
 11
0.3554445686172585
 21
0.0465958286119985
 31
0.0
  0
LINE
  5
273
330
1C2
100
AcDbEntity
  8
0
100
AcDbLine
 10
0.3554445686172585
 20
-0.0312291178499891
 30
0.0
 11
0.4103506438120803
 21
-0.077824946462215
 31
0.0
  0
LINE
  5
274
330
1C2
100
AcDbEntity
  8
0
100
AcDbLine
 10
0.4103506438120803
 20
-0.077824946462215
 30
0.0
 11
0.3937343359173155
 21
-0.0104097029818604
 31
0.0
  0
LINE
  5
275
330
1C2
100
AcDbEntity
  8
0
100
AcDbLine
 10
0.3937343359173155
 20
-0.0104097029818604
 30
0.0
 11
0.3554445686172585
 21
-0.0312291178499891
 31
0.0
  0
LINE
  5
276
330
1C2
100
AcDbEntity
  8
0
100
AcDbLine
 10
0.3937343359173155
 20
-0.0262721189744752
 30
0.0
 11
0.4486404022072748
 21
-0.0728679386818385
 31
0.0
  0
LINE
  5
277
330
1C2
100
AcDbEntity
  8
0
100
AcDbLine
 10
0.4486404022072748
 20
-0.0728679386818385
 30
0.0
 11
0.43202409431251
 21
-0.0054527041061192
 31
0.0
  0
LINE
  5
278
330
1C2
100
AcDbEntity
  8
0
100
AcDbLine
 10
0.43202409431251
 20
-0.0054527041061192
 30
0.0
 11
0.3937343359173155
 21
-0.0262721189744752
 31
0.0
  0
LINE
  5
279
330
1C2
100
AcDbEntity
  8
0
100
AcDbLine
 10
0.3330486780778301
 20
-0.1293777739499546
 30
0.0
 11
0.3879547443680167
 21
-0.1759736025621805
 31
0.0
  0
LINE
  5
27A
330
1C2
100
AcDbEntity
  8
0
100
AcDbLine
 10
0.3879547443680167
 20
-0.1759736025621805
 30
0.0
 11
0.3713384364730246
 21
-0.108558359081826
 31
0.0
  0
LINE
  5
27B
330
1C2
100
AcDbEntity
  8
0
100
AcDbLine
 10
0.3713384364730246
 20
-0.108558359081826
 30
0.0
 11
0.3330486780778301
 21
-0.1293777739499546
 31
0.0
  0
LINE
  5
27C
330
1C2
100
AcDbEntity
  8
0
100
AcDbLine
 10
0.5194403452580901
 20
0.1036013602060848
 30
0.0
 11
0.5743464115480493
 21
0.0570055315938589
 31
0.0
  0
LINE
  5
27D
330
1C2
100
AcDbEntity
  8
0
100
AcDbLine
 10
0.5743464115480493
 20
0.0570055315938589
 30
0.0
 11
0.5577301036532845
 21
0.1244207661693508
 31
0.0
  0
LINE
  5
27E
330
1C2
100
AcDbEntity
  8
0
100
AcDbLine
 10
0.5577301036532845
 20
0.1244207661693508
 30
0.0
 11
0.5194403452580901
 21
0.1036013602060848
 31
0.0
  0
LINE
  5
27F
330
1C2
100
AcDbEntity
  8
0
100
AcDbLine
 10
0.5244974789588924
 20
-0.0262721189744752
 30
0.0
 11
0.5794035541539416
 21
-0.0728679386818385
 31
0.0
  0
LINE
  5
280
330
1C2
100
AcDbEntity
  8
0
100
AcDbLine
 10
0.5794035541539416
 20
-0.0728679386818385
 30
0.0
 11
0.5627872373543142
 21
-0.0054527041061192
 31
0.0
  0
LINE
  5
281
330
1C2
100
AcDbEntity
  8
0
100
AcDbLine
 10
0.5627872373543142
 20
-0.0054527041061192
 30
0.0
 11
0.5244974789588924
 21
-0.0262721189744752
 31
0.0
  0
LINE
  5
282
330
1C2
100
AcDbEntity
  8
0
100
AcDbLine
 10
0.5244974789588924
 20
-0.1189680709683216
 30
0.0
 11
0.5794035541539416
 21
-0.1655638995805475
 31
0.0
  0
LINE
  5
283
330
1C2
100
AcDbEntity
  8
0
100
AcDbLine
 10
0.5794035541539416
 20
-0.1655638995805475
 30
0.0
 11
0.5627872373543142
 21
-0.0981486560999656
 31
0.0
  0
LINE
  5
284
330
1C2
100
AcDbEntity
  8
0
100
AcDbLine
 10
0.5627872373543142
 20
-0.0981486560999656
 30
0.0
 11
0.5244974789588924
 21
-0.1189680709683216
 31
0.0
  0
LINE
  5
285
330
1C2
100
AcDbEntity
  8
0
100
AcDbLine
 10
0.4703138527077045
 20
-0.109054064312204
 30
0.0
 11
0.5252199279027537
 21
-0.1556498929244299
 31
0.0
  0
LINE
  5
286
330
1C2
100
AcDbEntity
  8
0
100
AcDbLine
 10
0.5252199279027537
 20
-0.1556498929244299
 30
0.0
 11
0.5086036200077615
 21
-0.088234649443848
 31
0.0
  0
LINE
  5
287
330
1C2
100
AcDbEntity
  8
0
100
AcDbLine
 10
0.5086036200077615
 20
-0.088234649443848
 30
0.0
 11
0.4703138527077045
 21
-0.109054064312204
 31
0.0
  0
LINE
  5
288
330
1C2
100
AcDbEntity
  8
0
100
AcDbLine
 10
0.4370812369181749
 20
-0.1556498929244299
 30
0.0
 11
0.4919873032083615
 21
-0.2022457126317931
 31
0.0
  0
LINE
  5
289
330
1C2
100
AcDbEntity
  8
0
100
AcDbLine
 10
0.4919873032083615
 20
-0.2022457126317931
 30
0.0
 11
0.4753709953135968
 21
-0.1348304780560738
 31
0.0
  0
LINE
  5
28A
330
1C2
100
AcDbEntity
  8
0
100
AcDbLine
 10
0.4753709953135968
 20
-0.1348304780560738
 30
0.0
 11
0.4370812369181749
 21
-0.1556498929244299
 31
0.0
  0
LINE
  5
28B
330
1C2
100
AcDbEntity
  8
0
100
AcDbLine
 10
0.4919873032083615
 20
-0.1814263066682997
 30
0.0
 11
0.5468933784031833
 21
-0.228022126375663
 31
0.0
  0
LINE
  5
28C
330
1C2
100
AcDbEntity
  8
0
100
AcDbLine
 10
0.5468933784031833
 20
-0.228022126375663
 30
0.0
 11
0.5302770705084186
 21
-0.1606068917999437
 31
0.0
  0
LINE
  5
28D
330
1C2
100
AcDbEntity
  8
0
100
AcDbLine
 10
0.5302770705084186
 20
-0.1606068917999437
 30
0.0
 11
0.4919873032083615
 21
-0.1814263066682997
 31
0.0
  0
LINE
  5
28E
330
1C2
100
AcDbEntity
  8
0
100
AcDbLine
 10
0.4645342700632682
 20
-0.2537985490243955
 30
0.0
 11
0.5194403452580901
 21
-0.3003943687317587
 31
0.0
  0
LINE
  5
28F
330
1C2
100
AcDbEntity
  8
0
100
AcDbLine
 10
0.5194403452580901
 20
-0.3003943687317587
 30
0.0
 11
0.5028240284584627
 21
-0.2329791341560394
 31
0.0
  0
LINE
  5
290
330
1C2
100
AcDbEntity
  8
0
100
AcDbLine
 10
0.5028240284584627
 20
-0.2329791341560394
 30
0.0
 11
0.4645342700632682
 21
-0.2537985490243955
 31
0.0
  0
LINE
  5
291
330
1C2
100
AcDbEntity
  8
0
100
AcDbLine
 10
0.1639957677361963
 20
-0.2642082520060285
 30
0.0
 11
0.2189018429310181
 21
-0.3108040806182544
 31
0.0
  0
LINE
  5
292
330
1C2
100
AcDbEntity
  8
0
100
AcDbLine
 10
0.2189018429310181
 20
-0.3108040806182544
 30
0.0
 11
0.2022855261313907
 21
-0.2433888371378998
 31
0.0
  0
LINE
  5
293
330
1C2
100
AcDbEntity
  8
0
100
AcDbLine
 10
0.2022855261313907
 20
-0.2433888371378998
 30
0.0
 11
0.1639957677361963
 21
-0.2642082520060285
 31
0.0
  0
LINE
  5
294
330
1C2
100
AcDbEntity
  8
0
100
AcDbLine
 10
0.1473794598414315
 20
-0.3623569081059941
 30
0.0
 11
0.2022855261313907
 21
-0.40895273671822
 31
0.0
  0
LINE
  5
295
330
1C2
100
AcDbEntity
  8
0
100
AcDbLine
 10
0.2022855261313907
 20
-0.40895273671822
 30
0.0
 11
0.185669218236626
 21
-0.3415374932378654
 31
0.0
  0
LINE
  5
296
330
1C2
100
AcDbEntity
  8
0
100
AcDbLine
 10
0.185669218236626
 20
-0.3415374932378654
 30
0.0
 11
0.1473794598414315
 21
-0.3623569081059941
 31
0.0
  0
LINE
  5
297
330
1C2
100
AcDbEntity
  8
0
100
AcDbLine
 10
0.0931958335902437
 20
-0.3365804943621242
 30
0.0
 11
0.1481019087850655
 21
-0.3831763229743501
 31
0.0
  0
LINE
  5
298
330
1C2
100
AcDbEntity
  8
0
100
AcDbLine
 10
0.1481019087850655
 20
-0.3831763229743501
 30
0.0
 11
0.1314855919854381
 21
-0.3157610794939956
 31
0.0
  0
LINE
  5
299
330
1C2
100
AcDbEntity
  8
0
100
AcDbLine
 10
0.1314855919854381
 20
-0.3157610794939956
 30
0.0
 11
0.0931958335902437
 21
-0.3365804943621242
 31
0.0
  0
LINE
  5
29A
330
1C2
100
AcDbEntity
  8
0
100
AcDbLine
 10
0.049126483645523
 20
-0.4352248467878326
 30
0.0
 11
0.1040325588403448
 21
-0.4818206754000585
 31
0.0
  0
LINE
  5
29B
330
1C2
100
AcDbEntity
  8
0
100
AcDbLine
 10
0.1040325588403448
 20
-0.4818206754000585
 30
0.0
 11
0.0874162420407174
 21
-0.4144054319194766
 31
0.0
  0
LINE
  5
29C
330
1C2
100
AcDbEntity
  8
0
100
AcDbLine
 10
0.0874162420407174
 20
-0.4144054319194766
 30
0.0
 11
0.049126483645523
 21
-0.4352248467878326
 31
0.0
  0
LINE
  5
29D
330
1C2
100
AcDbEntity
  8
0
100
AcDbLine
 10
0.0166163078947648
 20
-0.4555485564255833
 30
0.0
 11
0.0715223830895866
 21
-0.5021443850378092
 31
0.0
  0
LINE
  5
29E
330
1C2
100
AcDbEntity
  8
0
100
AcDbLine
 10
0.0715223830895866
 20
-0.5021443850378092
 30
0.0
 11
0.0549060751948218
 21
-0.4347291504620899
 31
0.0
  0
LINE
  5
29F
330
1C2
100
AcDbEntity
  8
0
100
AcDbLine
 10
0.0549060751948218
 20
-0.4347291504620899
 30
0.0
 11
0.0166163078947648
 21
-0.4555485564255833
 31
0.0
  0
LINE
  5
2A0
330
1C2
100
AcDbEntity
  8
0
100
AcDbLine
 10
0.0657428004451504
 20
-0.5745166273939049
 30
0.0
 11
0.1206488667351095
 21
-0.6211124560061308
 31
0.0
  0
LINE
  5
2A1
330
1C2
100
AcDbEntity
  8
0
100
AcDbLine
 10
0.1206488667351095
 20
-0.6211124560061308
 30
0.0
 11
0.1040325588403448
 21
-0.5536972125255489
 31
0.0
  0
LINE
  5
2A2
330
1C2
100
AcDbEntity
  8
0
100
AcDbLine
 10
0.1040325588403448
 20
-0.5536972125255489
 30
0.0
 11
0.0657428004451504
 21
-0.5745166273939049
 31
0.0
  0
LINE
  5
2A3
330
1C2
100
AcDbEntity
  8
0
100
AcDbLine
 10
0.0657428004451504
 20
-0.5333735028877982
 30
0.0
 11
0.1206488667351095
 21
-0.5799693315000241
 31
0.0
  0
LINE
  5
2A4
330
1C2
100
AcDbEntity
  8
0
100
AcDbLine
 10
0.1206488667351095
 20
-0.5799693315000241
 30
0.0
 11
0.1040325588403448
 21
-0.5125540880194422
 31
0.0
  0
LINE
  5
2A5
330
1C2
100
AcDbEntity
  8
0
100
AcDbLine
 10
0.1040325588403448
 20
-0.5125540880194422
 30
0.0
 11
0.0657428004451504
 21
-0.5333735028877982
 31
0.0
  0
LINE
  5
2A6
330
1C2
100
AcDbEntity
  8
0
100
AcDbLine
 10
0.1148692840906733
 20
-0.4610012605317025
 30
0.0
 11
0.1697753503806325
 21
-0.5075970891439284
 31
0.0
  0
LINE
  5
2A7
330
1C2
100
AcDbEntity
  8
0
100
AcDbLine
 10
0.1697753503806325
 20
-0.5075970891439284
 30
0.0
 11
0.1531590424858678
 21
-0.4401818545682091
 31
0.0
  0
LINE
  5
2A8
330
1C2
100
AcDbEntity
  8
0
100
AcDbLine
 10
0.1531590424858678
 20
-0.4401818545682091
 30
0.0
 11
0.1148692840906733
 21
-0.4610012605317025
 31
0.0
  0
LINE
  5
2A9
330
1C2
100
AcDbEntity
  8
0
100
AcDbLine
 10
0.1314855919854381
 20
-0.5383305106681746
 30
0.0
 11
0.1863916671802599
 21
-0.5849263303755379
 31
0.0
  0
LINE
  5
2AA
330
1C2
100
AcDbEntity
  8
0
100
AcDbLine
 10
0.1863916671802599
 20
-0.5849263303755379
 30
0.0
 11
0.1697753503806325
 21
-0.517511095800046
 31
0.0
  0
LINE
  5
2AB
330
1C2
100
AcDbEntity
  8
0
100
AcDbLine
 10
0.1697753503806325
 20
-0.517511095800046
 30
0.0
 11
0.1314855919854381
 21
-0.5383305106681746
 31
0.0
  0
LINE
  5
2AC
330
1C2
100
AcDbEntity
  8
0
100
AcDbLine
 10
0.1748324929862974
 20
-0.4401818545682091
 30
0.0
 11
0.2297385681811193
 21
-0.4867776742755723
 31
0.0
  0
LINE
  5
2AD
330
1C2
100
AcDbEntity
  8
0
100
AcDbLine
 10
0.2297385681811193
 20
-0.4867776742755723
 30
0.0
 11
0.2131222513814919
 21
-0.4193624397000804
 31
0.0
  0
LINE
  5
2AE
330
1C2
100
AcDbEntity
  8
0
100
AcDbLine
 10
0.2131222513814919
 20
-0.4193624397000804
 30
0.0
 11
0.1748324929862974
 21
-0.4401818545682091
 31
0.0
  0
LINE
  5
2AF
330
1C2
100
AcDbEntity
  8
0
100
AcDbLine
 10
0.1914488008810622
 20
-0.5180067921255614
 30
0.0
 11
0.246354876075884
 21
-0.5646026207377873
 31
0.0
  0
LINE
  5
2B0
330
1C2
100
AcDbEntity
  8
0
100
AcDbLine
 10
0.246354876075884
 20
-0.5646026207377873
 30
0.0
 11
0.2297385681811193
 21
-0.497187386162068
 31
0.0
  0
LINE
  5
2B1
330
1C2
100
AcDbEntity
  8
0
100
AcDbLine
 10
0.2297385681811193
 20
-0.497187386162068
 30
0.0
 11
0.1914488008810622
 21
-0.5180067921255614
 31
0.0
  0
LINE
  5
2B2
330
1C2
100
AcDbEntity
  8
0
100
AcDbLine
 10
0.1965059434867271
 20
-0.3519472051243611
 30
0.0
 11
0.2514120186817763
 21
-0.3985430248317243
 31
0.0
  0
LINE
  5
2B3
330
1C2
100
AcDbEntity
  8
0
100
AcDbLine
 10
0.2514120186817763
 20
-0.3985430248317243
 30
0.0
 11
0.2347957018821489
 21
-0.331127790256005
 31
0.0
  0
LINE
  5
2B4
330
1C2
100
AcDbEntity
  8
0
100
AcDbLine
 10
0.2347957018821489
 20
-0.331127790256005
 30
0.0
 11
0.1965059434867271
 21
-0.3519472051243611
 31
0.0
  0
LINE
  5
2B5
330
1C2
100
AcDbEntity
  8
0
100
AcDbLine
 10
0.2297385681811193
 20
-0.3108040806182544
 30
0.0
 11
0.2846446344713058
 21
-0.3573999003256176
 31
0.0
  0
LINE
  5
2B6
330
1C2
100
AcDbEntity
  8
0
100
AcDbLine
 10
0.2846446344713058
 20
-0.3573999003256176
 30
0.0
 11
0.2680283265765411
 21
-0.2899846657498983
 31
0.0
  0
LINE
  5
2B7
330
1C2
100
AcDbEntity
  8
0
100
AcDbLine
 10
0.2680283265765411
 20
-0.2899846657498983
 30
0.0
 11
0.2297385681811193
 21
-0.3108040806182544
 31
0.0
  0
LINE
  5
2B8
330
1C2
100
AcDbEntity
  8
0
100
AcDbLine
 10
0.2189018429310181
 20
-0.2746179549878889
 30
0.0
 11
0.2738079092209773
 21
-0.3212137836001148
 31
0.0
  0
LINE
  5
2B9
330
1C2
100
AcDbEntity
  8
0
100
AcDbLine
 10
0.2738079092209773
 20
-0.3212137836001148
 30
0.0
 11
0.2571916013262125
 21
-0.2537985490243955
 31
0.0
  0
LINE
  5
2BA
330
1C2
100
AcDbEntity
  8
0
100
AcDbLine
 10
0.2571916013262125
 20
-0.2537985490243955
 30
0.0
 11
0.2189018429310181
 21
-0.2746179549878889
 31
0.0
  0
LINE
  5
2BB
330
1C2
100
AcDbEntity
  8
0
100
AcDbLine
 10
0.2788650518266422
 20
-0.2433888371378998
 30
0.0
 11
0.333771127021464
 21
-0.2899846657498983
 31
0.0
  0
LINE
  5
2BC
330
1C2
100
AcDbEntity
  8
0
100
AcDbLine
 10
0.333771127021464
 20
-0.2899846657498983
 30
0.0
 11
0.3171548102218367
 21
-0.2225694311744064
 31
0.0
  0
LINE
  5
2BD
330
1C2
100
AcDbEntity
  8
0
100
AcDbLine
 10
0.3171548102218367
 20
-0.2225694311744064
 30
0.0
 11
0.2788650518266422
 21
-0.2433888371378998
 31
0.0
  0
LINE
  5
2BE
330
1C2
100
AcDbEntity
  8
0
100
AcDbLine
 10
0.3937343359173155
 20
-0.228022126375663
 30
0.0
 11
0.4486404022072748
 21
-0.2746179549878889
 31
0.0
  0
LINE
  5
2BF
330
1C2
100
AcDbEntity
  8
0
100
AcDbLine
 10
0.4486404022072748
 20
-0.2746179549878889
 30
0.0
 11
0.43202409431251
 21
-0.2072027204121696
 31
0.0
  0
LINE
  5
2C0
330
1C2
100
AcDbEntity
  8
0
100
AcDbLine
 10
0.43202409431251
 20
-0.2072027204121696
 30
0.0
 11
0.3937343359173155
 21
-0.228022126375663
 31
0.0
  0
LINE
  5
2C1
330
1C2
100
AcDbEntity
  8
0
100
AcDbLine
 10
0.43202409431251
 20
-0.2954373698560175
 30
0.0
 11
0.4869301695073319
 21
-0.3420331984682434
 31
0.0
  0
LINE
  5
2C2
330
1C2
100
AcDbEntity
  8
0
100
AcDbLine
 10
0.4869301695073319
 20
-0.3420331984682434
 30
0.0
 11
0.4703138527077045
 21
-0.2746179549878889
 31
0.0
  0
LINE
  5
2C3
330
1C2
100
AcDbEntity
  8
0
100
AcDbLine
 10
0.4703138527077045
 20
-0.2746179549878889
 30
0.0
 11
0.43202409431251
 21
-0.2954373698560175
 31
0.0
  0
LINE
  5
2C4
330
1C2
100
AcDbEntity
  8
0
100
AcDbLine
 10
0.4154077864177453
 20
-0.3623569081059941
 30
0.0
 11
0.4703138527077045
 21
-0.40895273671822
 31
0.0
  0
LINE
  5
2C5
330
1C2
100
AcDbEntity
  8
0
100
AcDbLine
 10
0.4703138527077045
 20
-0.40895273671822
 30
0.0
 11
0.4536975448129397
 21
-0.3415374932378654
 31
0.0
  0
LINE
  5
2C6
330
1C2
100
AcDbEntity
  8
0
100
AcDbLine
 10
0.4536975448129397
 20
-0.3415374932378654
 30
0.0
 11
0.4154077864177453
 21
-0.3623569081059941
 31
0.0
  0
LINE
  5
2C7
330
1C2
100
AcDbEntity
  8
0
100
AcDbLine
 10
0.3605017112229234
 20
-0.3053513765121352
 30
0.0
 11
0.4154077864177453
 21
-0.3519472051243611
 31
0.0
  0
LINE
  5
2C8
330
1C2
100
AcDbEntity
  8
0
100
AcDbLine
 10
0.4154077864177453
 20
-0.3519472051243611
 30
0.0
 11
0.3987914696181178
 21
-0.2845319616440065
 31
0.0
  0
LINE
  5
2C9
330
1C2
100
AcDbEntity
  8
0
100
AcDbLine
 10
0.3987914696181178
 20
-0.2845319616440065
 30
0.0
 11
0.3605017112229234
 21
-0.3053513765121352
 31
0.0
  0
LINE
  5
2CA
330
1C2
100
AcDbEntity
  8
0
100
AcDbLine
 10
0.3005385023270719
 20
-0.3469901973439846
 30
0.0
 11
0.3554445686172585
 21
-0.3935860259559831
 31
0.0
  0
LINE
  5
2CB
330
1C2
100
AcDbEntity
  8
0
100
AcDbLine
 10
0.3554445686172585
 20
-0.3935860259559831
 30
0.0
 11
0.3388282607224937
 21
-0.3261707824756286
 31
0.0
  0
LINE
  5
2CC
330
1C2
100
AcDbEntity
  8
0
100
AcDbLine
 10
0.3388282607224937
 20
-0.3261707824756286
 30
0.0
 11
0.3005385023270719
 21
-0.3469901973439846
 31
0.0
  0
LINE
  5
2CD
330
1C2
100
AcDbEntity
  8
0
100
AcDbLine
 10
0.3605017112229234
 20
-0.3935860259559831
 30
0.0
 11
0.4154077864177453
 21
-0.4401818545682091
 31
0.0
  0
LINE
  5
2CE
330
1C2
100
AcDbEntity
  8
0
100
AcDbLine
 10
0.4154077864177453
 20
-0.4401818545682091
 30
0.0
 11
0.3987914696181178
 21
-0.3727666110878545
 31
0.0
  0
LINE
  5
2CF
330
1C2
100
AcDbEntity
  8
0
100
AcDbLine
 10
0.3987914696181178
 20
-0.3727666110878545
 30
0.0
 11
0.3605017112229234
 21
-0.3935860259559831
 31
0.0
  0
LINE
  5
2D0
330
1C2
100
AcDbEntity
  8
0
100
AcDbLine
 10
0.3330486780778301
 20
-0.4297721426817134
 30
0.0
 11
0.3879547443680167
 21
-0.4763679712939393
 31
0.0
  0
LINE
  5
2D1
330
1C2
100
AcDbEntity
  8
0
100
AcDbLine
 10
0.3879547443680167
 20
-0.4763679712939393
 30
0.0
 11
0.3713384364730246
 21
-0.40895273671822
 31
0.0
  0
LINE
  5
2D2
330
1C2
100
AcDbEntity
  8
0
100
AcDbLine
 10
0.3713384364730246
 20
-0.40895273671822
 30
0.0
 11
0.3330486780778301
 21
-0.4297721426817134
 31
0.0
  0
LINE
  5
2D3
330
1C2
100
AcDbEntity
  8
0
100
AcDbLine
 10
0.2189018429310181
 20
-0.4248151438059722
 30
0.0
 11
0.2738079092209773
 21
-0.4714109724181981
 31
0.0
  0
LINE
  5
2D4
330
1C2
100
AcDbEntity
  8
0
100
AcDbLine
 10
0.2738079092209773
 20
-0.4714109724181981
 30
0.0
 11
0.2571916013262125
 21
-0.4039957289378436
 31
0.0
  0
LINE
  5
2D5
330
1C2
100
AcDbEntity
  8
0
100
AcDbLine
 10
0.2571916013262125
 20
-0.4039957289378436
 30
0.0
 11
0.2189018429310181
 21
-0.4248151438059722
 31
0.0
  0
LINE
  5
2D6
330
1C2
100
AcDbEntity
  8
0
100
AcDbLine
 10
0.2788650518266422
 20
-0.4248151438059722
 30
0.0
 11
0.333771127021464
 21
-0.4714109724181981
 31
0.0
  0
LINE
  5
2D7
330
1C2
100
AcDbEntity
  8
0
100
AcDbLine
 10
0.333771127021464
 20
-0.4714109724181981
 30
0.0
 11
0.3171548102218367
 21
-0.4039957289378436
 31
0.0
  0
LINE
  5
2D8
330
1C2
100
AcDbEntity
  8
0
100
AcDbLine
 10
0.3171548102218367
 20
-0.4039957289378436
 30
0.0
 11
0.2788650518266422
 21
-0.4248151438059722
 31
0.0
  0
LINE
  5
2D9
330
1C2
100
AcDbEntity
  8
0
100
AcDbLine
 10
0.2405752934314478
 20
-0.4867776742755723
 30
0.0
 11
0.295481359721407
 21
-0.5333735028877982
 31
0.0
  0
LINE
  5
2DA
330
1C2
100
AcDbEntity
  8
0
100
AcDbLine
 10
0.295481359721407
 20
-0.5333735028877982
 30
0.0
 11
0.2788650518266422
 21
-0.4659582683120789
 31
0.0
  0
LINE
  5
2DB
330
1C2
100
AcDbEntity
  8
0
100
AcDbLine
 10
0.2788650518266422
 20
-0.4659582683120789
 30
0.0
 11
0.2405752934314478
 21
-0.4867776742755723
 31
0.0
  0
LINE
  5
2DC
330
1C2
100
AcDbEntity
  8
0
100
AcDbLine
 10
-0.2239589766318204
 20
-0.4352248467878326
 30
0.0
 11
-0.1690529103418612
 21
-0.4818206754000585
 31
0.0
  0
LINE
  5
2DD
330
1C2
100
AcDbEntity
  8
0
100
AcDbLine
 10
-0.1690529103418612
 20
-0.4818206754000585
 30
0.0
 11
-0.185669218236626
 21
-0.4144054319194766
 31
0.0
  0
LINE
  5
2DE
330
1C2
100
AcDbEntity
  8
0
100
AcDbLine
 10
-0.185669218236626
 20
-0.4144054319194766
 30
0.0
 11
-0.2239589766318204
 21
-0.4352248467878326
 31
0.0
  0
LINE
  5
2DF
330
1C2
100
AcDbEntity
  8
0
100
AcDbLine
 10
-0.3113752275774004
 20
-0.4193624397000804
 30
0.0
 11
-0.2564691523825786
 21
-0.4659582683120789
 31
0.0
  0
LINE
  5
2E0
330
1C2
100
AcDbEntity
  8
0
100
AcDbLine
 10
-0.2564691523825786
 20
-0.4659582683120789
 30
0.0
 11
-0.273085469182206
 21
-0.3985430248317243
 31
0.0
  0
LINE
  5
2E1
330
1C2
100
AcDbEntity
  8
0
100
AcDbLine
 10
-0.273085469182206
 20
-0.3985430248317243
 30
0.0
 11
-0.3113752275774004
 21
-0.4193624397000804
 31
0.0
  0
LINE
  5
2E2
330
1C2
100
AcDbEntity
  8
0
100
AcDbLine
 10
-0.3330486780778301
 20
-0.4867776742755723
 30
0.0
 11
-0.2781426028830083
 21
-0.5333735028877982
 31
0.0
  0
LINE
  5
2E3
330
1C2
100
AcDbEntity
  8
0
100
AcDbLine
 10
-0.2781426028830083
 20
-0.5333735028877982
 30
0.0
 11
-0.2947589196826357
 21
-0.4659582683120789
 31
0.0
  0
LINE
  5
2E4
330
1C2
100
AcDbEntity
  8
0
100
AcDbLine
 10
-0.2947589196826357
 20
-0.4659582683120789
 30
0.0
 11
-0.3330486780778301
 21
-0.4867776742755723
 31
0.0
  0
LINE
  5
2E5
330
1C2
100
AcDbEntity
  8
0
100
AcDbLine
 10
-0.2622487439318775
 20
-0.4818206754000585
 30
0.0
 11
-0.2073426687370556
 21
-0.528416504012057
 31
0.0
  0
LINE
  5
2E6
330
1C2
100
AcDbEntity
  8
0
100
AcDbLine
 10
-0.2073426687370556
 20
-0.528416504012057
 30
0.0
 11
-0.2239589766318204
 21
-0.4610012605317025
 31
0.0
  0
LINE
  5
2E7
330
1C2
100
AcDbEntity
  8
0
100
AcDbLine
 10
-0.2239589766318204
 20
-0.4610012605317025
 30
0.0
 11
-0.2622487439318775
 21
-0.4818206754000585
 31
0.0
  0
LINE
  5
2E8
330
1C2
100
AcDbEntity
  8
0
100
AcDbLine
 10
-0.1639957677359689
 20
-0.4818206754000585
 30
0.0
 11
-0.1090897014460097
 21
-0.528416504012057
 31
0.0
  0
LINE
  5
2E9
330
1C2
100
AcDbEntity
  8
0
100
AcDbLine
 10
-0.1090897014460097
 20
-0.528416504012057
 30
0.0
 11
-0.1257060093407745
 21
-0.4610012605317025
 31
0.0
  0
LINE
  5
2EA
330
1C2
100
AcDbEntity
  8
0
100
AcDbLine
 10
-0.1257060093407745
 20
-0.4610012605317025
 30
0.0
 11
-0.1639957677359689
 21
-0.4818206754000585
 31
0.0
  0
LINE
  5
2EB
330
1C2
100
AcDbEntity
  8
0
100
AcDbLine
 10
-0.2022855350362533
 20
-0.5229637999059378
 30
0.0
 11
-0.1473794598412041
 21
-0.5695596285181637
 31
0.0
  0
LINE
  5
2EC
330
1C2
100
AcDbEntity
  8
0
100
AcDbLine
 10
-0.1473794598412041
 20
-0.5695596285181637
 30
0.0
 11
-0.1639957677359689
 21
-0.5021443850378092
 31
0.0
  0
LINE
  5
2ED
330
1C2
100
AcDbEntity
  8
0
100
AcDbLine
 10
-0.1639957677359689
 20
-0.5021443850378092
 30
0.0
 11
-0.2022855350362533
 21
-0.5229637999059378
 31
0.0
  0
LINE
  5
2EE
330
1C2
100
AcDbEntity
  8
0
100
AcDbLine
 10
-0.1531590424858678
 20
-0.5591499166316681
 30
0.0
 11
-0.0982529761956812
 21
-0.6057457452438939
 31
0.0
  0
LINE
  5
2EF
330
1C2
100
AcDbEntity
  8
0
100
AcDbLine
 10
-0.0982529761956812
 20
-0.6057457452438939
 30
0.0
 11
-0.1148692840906733
 21
-0.5383305106681746
 31
0.0
  0
LINE
  5
2F0
330
1C2
100
AcDbEntity
  8
0
100
AcDbLine
 10
-0.1148692840906733
 20
-0.5383305106681746
 30
0.0
 11
-0.1531590424858678
 21
-0.5591499166316681
 31
0.0
  0
LINE
  5
2F1
330
1C2
100
AcDbEntity
  8
0
100
AcDbLine
 10
0.1090896925411471
 20
-0.3678096122121133
 30
0.0
 11
0.0707999341459527
 21
-0.3886290181756067
 31
0.0
  0
LINE
  5
2F2
330
1C2
100
AcDbEntity
  8
0
100
AcDbLine
 10
0.1257060093407745
 20
-0.4352248467878326
 30
0.0
 11
0.1090896925411471
 21
-0.3678096122121133
 31
0.0
  0
LINE
  5
2F3
330
1C2
100
AcDbEntity
  8
0
100
AcDbLine
 10
0.0707999341459527
 20
-0.3886290181756067
 30
0.0
 11
0.1257060093407745
 21
-0.4352248467878326
 31
0.0
  0
ENDBLK
  5
2F4
330
1C2
100
AcDbEntity
  8
0
100
AcDbBlockEnd
  0
BLOCK
  5
2F7
330
2F5
100
AcDbEntity
  8
0
100
AcDbBlockBegin
  2
nivel
 70
     0
 10
0.0
 20
0.0
 30
0.0
  3
nivel
  1

  0
HATCH
  5
2F8
330
2F5
100
AcDbEntity
  8
0
100
AcDbHatch
 10
0.0
 20
0.0
 30
0.0
210
0.0
220
0.0
230
1.0
  2
SOLID
 70
     1
 71
     1
 91
        2
 92
        7
 72
     1
 73
     1
 93
        3
 10
0.0
 20
0.0
 42
0.0
 10
0.2340428867697882
 20
0.0
 42
0.4142135623730951
 10
0.0
 20
0.2340428867697882
 42
0.0
 97
        3
330
2FB
330
2FA
330
2F9
 92
        7
 72
     1
 73
     1
 93
        3
 10
-0.2340428867697881
 20
0.0
 42
0.4142135623730951
 10
0.0
 20
-0.2340428867697881
 42
0.0
 10
0.0
 20
0.0
 42
0.0
 97
        3
330
2FA
330
2F9
330
2FB
 75
     0
 76
     1
 47
0.003161773655235
 98
        2
 10
0.0646927659643097
 20
0.141592729831018
 10
-0.0618826626582632
 20
-0.0544372325905442
450
        0
451
        0
460
0.0
461
0.0
452
        0
462
0.0
453
        0
470

1001
ACAD
1010
0.0
1020
0.0
1030
0.0
  0
CIRCLE
  5
2F9
102
{ACAD_REACTORS
330
2F8
102
}
330
2F5
100
AcDbEntity
  8
0
100
AcDbCircle
 10
0.0
 20
0.0
 30
0.0
 40
0.2340428867697882
  0
LINE
  5
2FA
102
{ACAD_REACTORS
330
2F8
102
}
330
2F5
100
AcDbEntity
  8
0
100
AcDbLine
 10
0.4212773081999331
 20
0.0
 30
0.0
 11
-1.100001815850191
 21
0.0
 31
0.0
  0
LINE
  5
2FB
102
{ACAD_REACTORS
330
2F8
102
}
330
2F5
100
AcDbEntity
  8
0
100
AcDbLine
 10
0.0
 20
0.3508308500761359
 30
0.0
 11
0.0
 21
-0.3742195927388821
 31
0.0
  0
ENDBLK
  5
2FC
330
2F5
100
AcDbEntity
  8
0
100
AcDbBlockEnd
  0
BLOCK
  5
2FF
330
2FD
100
AcDbEntity
  8
0
100
AcDbBlockBegin
  2
BN
 70
     0
 10
0.0
 20
0.0
 30
0.0
  3
BN
  1

  0
LWPOLYLINE
  5
300
330
2FD
100
AcDbEntity
  8
0
 48
0.2
100
AcDbPolyline
 90
        4
 70
     0
 43
0.0
 10
1661.603715934778
 20
1187.663287629645
 10
1661.603715934778
 20
1187.623287629645
 10
1661.703715934778
 20
1187.623287629645
 10
1661.703715934778
 20
1187.663287629645
  0
LWPOLYLINE
  5
301
330
2FD
100
AcDbEntity
  8
0
 48
0.2
100
AcDbPolyline
 90
        4
 70
     0
 43
0.0
 10
1661.603715934778
 20
1184.363287629646
 10
1661.603715934778
 20
1184.403287629645
 10
1661.703715934778
 20
1184.403287629645
 10
1661.703715934778
 20
1184.363287629645
  0
LWPOLYLINE
  5
302
330
2FD
100
AcDbEntity
  8
0
 48
0.2
100
AcDbPolyline
 90
        4
 70
     1
 43
0.0
 10
1659.993715934778
 20
1184.443287629646
 10
1661.603715934778
 20
1184.443287629646
 10
1661.603715934778
 20
1184.403287629645
 10
1659.993715934778
 20
1184.403287629645
  0
ARC
  5
303
330
2FD
100
AcDbEntity
  8
0
100
AcDbCircle
 10
1661.686359033607
 20
1184.315950241751
 30
0.0
 40
1.697426131047218
100
AcDbArc
 50
89.41411617563456
 51
175.6977477094099
  0
LWPOLYLINE
  5
304
330
2FD
100
AcDbEntity
  8
0
 48
0.2
100
AcDbPolyline
 90
        4
 70
     1
 43
0.0
 10
1659.993715934778
 20
1187.583287629645
 10
1661.603715934778
 20
1187.583287629645
 10
1661.603715934778
 20
1187.623287629645
 10
1659.993715934778
 20
1187.623287629645
  0
ARC
  5
305
330
2FD
100
AcDbEntity
  8
0
100
AcDbCircle
 10
1661.708336678091
 20
1187.73456245198
 30
0.0
 40
1.721281024490329
100
AcDbArc
 50
185.041945635186
 51
269.8461904800823
  0
ENDBLK
  5
306
330
2FD
100
AcDbEntity
  8
0
100
AcDbBlockEnd
  0
BLOCK
  5
308
330
307
100
AcDbEntity
  8
0
100
AcDbBlockBegin
  2
*D8
 70
     1
 10
0.0
 20
0.0
 30
0.0
  3
*D8
  1

  0
LINE
  5
309
330
307
100
AcDbEntity
  8
COTAS
440
 16777216
370
    -2
100
AcDbLine
 10
57.80415850613576
 20
86.13379424945607
 30
0.0
 11
56.72782612036955
 21
86.13379424945607
 31
0.0
  0
LINE
  5
30A
330
307
100
AcDbEntity
  8
COTAS
440
 16777216
370
    -2
100
AcDbLine
 10
57.80060599163389
 20
79.53314732625094
 30
0.0
 11
56.72782612036956
 21
79.53314732625094
 31
0.0
  0
LINE
  5
30B
330
307
100
AcDbEntity
  8
COTAS
440
 16777216
370
    -2
100
AcDbLine
 10
56.82782612036955
 20
86.28379424945608
 30
0.0
 11
56.82782612036955
 21
83.12844009208271
 31
0.0
  0
LINE
  5
30C
330
307
100
AcDbEntity
  8
COTAS
440
 16777216
370
    -2
100
AcDbLine
 10
56.82782612036956
 20
79.38314732625094
 30
0.0
 11
56.82782612036955
 21
82.53850148362431
 31
0.0
  0
INSERT
  5
30D
330
307
100
AcDbEntity
  8
COTAS
440
 16777216
370
    -2
100
AcDbBlockReference
  2
_ArchTick
 10
56.82782612036955
 20
86.13379424945607
 30
0.0
 41
0.1
 42
0.1
 43
0.1
 50
90.0
  0
INSERT
  5
30E
330
307
100
AcDbEntity
  8
COTAS
440
 16777216
370
    -2
100
AcDbBlockReference
  2
_ArchTick
 10
56.82782612036956
 20
79.53314732625094
 30
0.0
 41
0.1
 42
0.1
 43
0.1
 50
270.0
  0
MTEXT
  5
30F
330
307
100
AcDbEntity
  8
COTAS
440
 16777216
100
AcDbMText
 10
56.82782612036957
 20
82.83347078785348
 30
0.0
 40
0.15
 41
0.0
 46
0.0
 71
     5
 72
     1
  1
\A1;6.60
 11
0.0000000000000001
 21
1.0
 31
0.0
 73
     1
 44
1.0
  0
POINT
  5
310
330
307
100
AcDbEntity
  8
Defpoints
 62
     0
440
 16777216
100
AcDbPoint
 10
58.00415850613577
 20
86.13379424945607
 30
0.0
  0
POINT
  5
311
330
307
100
AcDbEntity
  8
Defpoints
 62
     0
440
 16777216
100
AcDbPoint
 10
58.0006059916339
 20
79.53314732625094
 30
0.0
  0
POINT
  5
312
330
307
100
AcDbEntity
  8
Defpoints
 62
     0
440
 16777216
100
AcDbPoint
 10
56.82782612036956
 20
79.53314732625094
 30
0.0
  0
ENDBLK
  5
313
330
307
100
AcDbEntity
  8
0
100
AcDbBlockEnd
  0
BLOCK
  5
315
330
314
100
AcDbEntity
  8
0
100
AcDbBlockBegin
  2
*D9
 70
     1
 10
0.0
 20
0.0
 30
0.0
  3
*D9
  1

  0
LINE
  5
316
330
314
100
AcDbEntity
  8
COTAS
440
 16777216
370
    -2
100
AcDbLine
 10
50.80060599163698
 20
88.46381405358448
 30
0.0
 11
50.80060599163698
 21
88.47474244213906
 31
0.0
  0
LINE
  5
317
330
314
100
AcDbEntity
  8
COTAS
440
 16777216
370
    -2
100
AcDbLine
 10
58.00060599163355
 20
88.46381405358568
 30
0.0
 11
58.00060599163355
 21
88.47474244213906
 31
0.0
  0
LINE
  5
318
330
314
100
AcDbEntity
  8
COTAS
440
 16777216
370
    -2
100
AcDbLine
 10
50.65060599163698
 20
88.57474244213905
 30
0.0
 11
54.10665987976623
 21
88.57474244213905
 31
0.0
  0
LINE
  5
319
330
314
100
AcDbEntity
  8
COTAS
440
 16777216
370
    -2
100
AcDbLine
 10
58.15060599163355
 20
88.57474244213905
 30
0.0
 11
54.6945521035043
 21
88.57474244213905
 31
0.0
  0
INSERT
  5
31A
330
314
100
AcDbEntity
  8
COTAS
440
 16777216
370
    -2
100
AcDbBlockReference
  2
_ArchTick
 10
50.80060599163698
 20
88.57474244213905
 30
0.0
 41
0.1
 42
0.1
 43
0.1
 50
180.0
  0
INSERT
  5
31B
330
314
100
AcDbEntity
  8
COTAS
440
 16777216
370
    -2
100
AcDbBlockReference
  2
_ArchTick
 10
58.00060599163355
 20
88.57474244213905
 30
0.0
 41
0.1
 42
0.1
 43
0.1
  0
MTEXT
  5
31C
330
314
100
AcDbEntity
  8
COTAS
440
 16777216
100
AcDbMText
 10
54.40060599163526
 20
88.57474244213905
 30
0.0
 40
0.15
 41
0.0
 46
0.0
 71
     5
 72
     1
  1
\A1;7.20
 73
     1
 44
1.0
  0
POINT
  5
31D
330
314
100
AcDbEntity
  8
Defpoints
 62
     0
440
 16777216
100
AcDbPoint
 10
50.80060599163698
 20
88.66381405358449
 30
0.0
  0
POINT
  5
31E
330
314
100
AcDbEntity
  8
Defpoints
 62
     0
440
 16777216
100
AcDbPoint
 10
58.00060599163355
 20
88.66381405358568
 30
0.0
  0
POINT
  5
31F
330
314
100
AcDbEntity
  8
Defpoints
 62
     0
440
 16777216
100
AcDbPoint
 10
58.00060599163355
 20
88.57474244213905
 30
0.0
  0
ENDBLK
  5
320
330
314
100
AcDbEntity
  8
0
100
AcDbBlockEnd
  0
BLOCK
  5
322
330
321
100
AcDbEntity
  8
0
100
AcDbBlockBegin
  2
*D10
 70
     1
 10
0.0
 20
0.0
 30
0.0
  3
*D10
  1

  0
LINE
  5
323
330
321
100
AcDbEntity
  8
COTAS
440
 16777216
370
    -2
100
AcDbLine
 10
36.59275599348348
 20
75.17480487047627
 30
0.0
 11
36.59275599348348
 21
74.43650193975111
 31
0.0
  0
LINE
  5
324
330
321
100
AcDbEntity
  8
COTAS
440
 16777216
370
    -2
100
AcDbLine
 10
40.40847655650828
 20
75.17480487047627
 30
0.0
 11
40.40847655650828
 21
74.43650193975111
 31
0.0
  0
LINE
  5
325
330
321
100
AcDbEntity
  8
COTAS
440
 16777216
370
    -2
100
AcDbLine
 10
36.44275599348348
 20
74.53650193975111
 30
0.0
 11
38.20661900350884
 21
74.53650193975111
 31
0.0
  0
LINE
  5
326
330
321
100
AcDbEntity
  8
COTAS
440
 16777216
370
    -2
100
AcDbLine
 10
40.55847655650827
 20
74.53650193975111
 30
0.0
 11
38.79461354648292
 21
74.53650193975111
 31
0.0
  0
INSERT
  5
327
330
321
100
AcDbEntity
  8
COTAS
440
 16777216
370
    -2
100
AcDbBlockReference
  2
_ArchTick
 10
36.59275599348348
 20
74.53650193975111
 30
0.0
 41
0.1
 42
0.1
 43
0.1
 50
180.0
  0
INSERT
  5
328
330
321
100
AcDbEntity
  8
COTAS
440
 16777216
370
    -2
100
AcDbBlockReference
  2
_ArchTick
 10
40.40847655650828
 20
74.53650193975111
 30
0.0
 41
0.1
 42
0.1
 43
0.1
  0
MTEXT
  5
329
330
321
100
AcDbEntity
  8
COTAS
440
 16777216
100
AcDbMText
 10
38.50061627499588
 20
74.53650193975111
 30
0.0
 40
0.15
 41
0.0
 46
0.0
 71
     5
 72
     1
  1
\A1;3.82
 73
     1
 44
1.0
  0
POINT
  5
32A
330
321
100
AcDbEntity
  8
Defpoints
 62
     0
440
 16777216
100
AcDbPoint
 10
36.59275599348348
 20
75.37480487047628
 30
0.0
  0
POINT
  5
32B
330
321
100
AcDbEntity
  8
Defpoints
 62
     0
440
 16777216
100
AcDbPoint
 10
40.40847655650828
 20
75.37480487047628
 30
0.0
  0
POINT
  5
32C
330
321
100
AcDbEntity
  8
Defpoints
 62
     0
440
 16777216
100
AcDbPoint
 10
40.40847655650828
 20
74.53650193975111
 30
0.0
  0
ENDBLK
  5
32D
330
321
100
AcDbEntity
  8
0
100
AcDbBlockEnd
  0
BLOCK
  5
32F
330
32E
100
AcDbEntity
  8
0
100
AcDbBlockBegin
  2
*D11
 70
     1
 10
0.0
 20
0.0
 30
0.0
  3
*D11
  1

  0
LINE
  5
330
330
32E
100
AcDbEntity
  8
COTAS
440
 16777216
370
    -2
100
AcDbLine
 10
48.30720094069785
 20
74.3365019397511
 30
0.0
 11
48.30720094069785
 21
74.43650193975009
 31
0.0
  0
LINE
  5
331
330
32E
100
AcDbEntity
  8
COTAS
440
 16777216
370
    -2
100
AcDbLine
 10
50.79265681712795
 20
74.7365019397501
 30
0.0
 11
50.79265681712795
 21
74.6365019397501
 31
0.0
  0
LINE
  5
332
330
32E
100
AcDbEntity
  8
COTAS
440
 16777216
370
    -2
100
AcDbLine
 10
48.15720094069785
 20
74.53650193975008
 30
0.0
 11
49.25368058423349
 21
74.53650193975008
 31
0.0
  0
LINE
  5
333
330
32E
100
AcDbEntity
  8
COTAS
440
 16777216
370
    -2
100
AcDbLine
 10
50.94265681712794
 20
74.53650193975008
 30
0.0
 11
49.84617717359229
 21
74.53650193975008
 31
0.0
  0
INSERT
  5
334
330
32E
100
AcDbEntity
  8
COTAS
440
 16777216
370
    -2
100
AcDbBlockReference
  2
_ArchTick
 10
48.30720094069785
 20
74.53650193975008
 30
0.0
 41
0.1
 42
0.1
 43
0.1
 50
180.0
  0
INSERT
  5
335
330
32E
100
AcDbEntity
  8
COTAS
440
 16777216
370
    -2
100
AcDbBlockReference
  2
_ArchTick
 10
50.79265681712795
 20
74.53650193975008
 30
0.0
 41
0.1
 42
0.1
 43
0.1
  0
MTEXT
  5
336
330
32E
100
AcDbEntity
  8
COTAS
440
 16777216
100
AcDbMText
 10
49.5499288789129
 20
74.53650193975008
 30
0.0
 40
0.15
 41
0.0
 46
0.0
 71
     5
 72
     1
  1
\A1;2.49
 73
     1
 44
1.0
  0
POINT
  5
337
330
32E
100
AcDbEntity
  8
Defpoints
 62
     0
440
 16777216
100
AcDbPoint
 10
48.30720094069785
 20
74.53650193975111
 30
0.0
  0
POINT
  5
338
330
32E
100
AcDbEntity
  8
Defpoints
 62
     0
440
 16777216
100
AcDbPoint
 10
50.79265681712795
 20
74.53650193975009
 30
0.0
  0
POINT
  5
339
330
32E
100
AcDbEntity
  8
Defpoints
 62
     0
440
 16777216
100
AcDbPoint
 10
50.79265681712795
 20
74.53650193975008
 30
0.0
  0
ENDBLK
  5
33A
330
32E
100
AcDbEntity
  8
0
100
AcDbBlockEnd
  0
BLOCK
  5
33C
330
33B
100
AcDbEntity
  8
0
100
AcDbBlockBegin
  2
*D12
 70
     1
 10
0.0
 20
0.0
 30
0.0
  3
*D12
  1

  0
LINE
  5
33D
330
33B
100
AcDbEntity
  8
COTAS
440
 16777216
370
    -2
100
AcDbLine
 10
29.30060599163676
 20
76.03314732625135
 30
0.0
 11
29.30060599163676
 21
74.43650193975115
 31
0.0
  0
LINE
  5
33E
330
33B
100
AcDbEntity
  8
COTAS
440
 16777216
370
    -2
100
AcDbLine
 10
27.80060599163699
 20
76.03314778516305
 30
0.0
 11
27.80060599163699
 21
74.43650193975115
 31
0.0
  0
LINE
  5
33F
330
33B
100
AcDbEntity
  8
COTAS
440
 16777216
370
    -2
100
AcDbLine
 10
29.45060599163676
 20
74.53650193975114
 30
0.0
 11
28.83810599163687
 21
74.53650193975114
 31
0.0
  0
LINE
  5
340
330
33B
100
AcDbEntity
  8
COTAS
440
 16777216
370
    -2
100
AcDbLine
 10
27.65060599163699
 20
74.53650193975114
 30
0.0
 11
28.26310599163687
 21
74.53650193975114
 31
0.0
  0
INSERT
  5
341
330
33B
100
AcDbEntity
  8
COTAS
440
 16777216
370
    -2
100
AcDbBlockReference
  2
_ArchTick
 10
29.30060599163676
 20
74.53650193975114
 30
0.0
 41
0.1
 42
0.1
 43
0.1
  0
INSERT
  5
342
330
33B
100
AcDbEntity
  8
COTAS
440
 16777216
370
    -2
100
AcDbBlockReference
  2
_ArchTick
 10
27.80060599163699
 20
74.53650193975114
 30
0.0
 41
0.1
 42
0.1
 43
0.1
 50
180.0
  0
MTEXT
  5
343
330
33B
100
AcDbEntity
  8
COTAS
440
 16777216
100
AcDbMText
 10
28.55060599163687
 20
74.53650193975114
 30
0.0
 40
0.15
 41
0.0
 46
0.0
 71
     5
 72
     1
  1
\A1;1.50
 73
     1
 44
1.0
  0
POINT
  5
344
330
33B
100
AcDbEntity
  8
Defpoints
 62
     0
440
 16777216
100
AcDbPoint
 10
29.30060599163676
 20
76.23314732625136
 30
0.0
  0
POINT
  5
345
330
33B
100
AcDbEntity
  8
Defpoints
 62
     0
440
 16777216
100
AcDbPoint
 10
27.80060599163699
 20
76.23314778516306
 30
0.0
  0
POINT
  5
346
330
33B
100
AcDbEntity
  8
Defpoints
 62
     0
440
 16777216
100
AcDbPoint
 10
27.80060599163699
 20
74.53650193975114
 30
0.0
  0
ENDBLK
  5
347
330
33B
100
AcDbEntity
  8
0
100
AcDbBlockEnd
  0
BLOCK
  5
349
330
348
100
AcDbEntity
  8
0
100
AcDbBlockBegin
  2
*D13
 70
     1
 10
0.0
 20
0.0
 30
0.0
  3
*D13
  1

  0
LINE
  5
34A
330
348
100
AcDbEntity
  8
COTAS
440
 16777216
370
    -2
100
AcDbLine
 10
29.07642325351912
 20
83.43281763613985
 30
0.0
 11
27.23738307219692
 21
83.43281763613985
 31
0.0
  0
LINE
  5
34B
330
348
100
AcDbEntity
  8
COTAS
440
 16777216
370
    -2
100
AcDbLine
 10
29.10060599163677
 20
87.13367903101518
 30
0.0
 11
27.23738307219692
 21
87.13367903101518
 31
0.0
  0
LINE
  5
34C
330
348
100
AcDbEntity
  8
COTAS
440
 16777216
370
    -2
100
AcDbLine
 10
27.33738307219692
 20
83.28281763613984
 30
0.0
 11
27.33738307219692
 21
84.98873946591039
 31
0.0
  0
LINE
  5
34D
330
348
100
AcDbEntity
  8
COTAS
440
 16777216
370
    -2
100
AcDbLine
 10
27.33738307219692
 20
87.28367903101519
 30
0.0
 11
27.33738307219692
 21
85.57775720124464
 31
0.0
  0
INSERT
  5
34E
330
348
100
AcDbEntity
  8
COTAS
440
 16777216
370
    -2
100
AcDbBlockReference
  2
_ArchTick
 10
27.33738307219692
 20
83.43281763613985
 30
0.0
 41
0.1
 42
0.1
 43
0.1
 50
270.0
  0
INSERT
  5
34F
330
348
100
AcDbEntity
  8
COTAS
440
 16777216
370
    -2
100
AcDbBlockReference
  2
_ArchTick
 10
27.33738307219692
 20
87.13367903101518
 30
0.0
 41
0.1
 42
0.1
 43
0.1
 50
90.0
  0
MTEXT
  5
350
330
348
100
AcDbEntity
  8
COTAS
440
 16777216
100
AcDbMText
 10
27.33738307219693
 20
85.2832483335775
 30
0.0
 40
0.15
 41
0.0
 46
0.0
 71
     5
 72
     1
  1
\A1;3.70
 11
0.0000000000000001
 21
1.0
 31
0.0
 73
     1
 44
1.0
  0
POINT
  5
351
330
348
100
AcDbEntity
  8
Defpoints
 62
     0
440
 16777216
100
AcDbPoint
 10
29.27642325351912
 20
83.43281763613985
 30
0.0
  0
POINT
  5
352
330
348
100
AcDbEntity
  8
Defpoints
 62
     0
440
 16777216
100
AcDbPoint
 10
29.30060599163677
 20
87.13367903101518
 30
0.0
  0
POINT
  5
353
330
348
100
AcDbEntity
  8
Defpoints
 62
     0
440
 16777216
100
AcDbPoint
 10
27.33738307219692
 20
87.13367903101518
 30
0.0
  0
ENDBLK
  5
354
330
348
100
AcDbEntity
  8
0
100
AcDbBlockEnd
  0
BLOCK
  5
356
330
355
100
AcDbEntity
  8
0
100
AcDbBlockBegin
  2
*D14
 70
     1
 10
0.0
 20
0.0
 30
0.0
  3
*D14
  1

  0
LINE
  5
357
330
355
100
AcDbEntity
  8
COTAS
440
 16777216
370
    -2
100
AcDbLine
 10
50.80060599163765
 20
79.53314732625068
 30
0.0
 11
51.40950965432832
 21
79.53314732625068
 31
0.0
  0
LINE
  5
358
330
355
100
AcDbEntity
  8
COTAS
440
 16777216
370
    -2
100
AcDbLine
 10
51.20060599163775
 20
87.13367903101518
 30
0.0
 11
51.40950965432832
 21
87.13367903101518
 31
0.0
  0
LINE
  5
359
330
355
100
AcDbEntity
  8
COTAS
440
 16777216
370
    -2
100
AcDbLine
 10
51.30950965432832
 20
79.38314732625068
 30
0.0
 11
51.30950965432831
 21
83.0394670667639
 31
0.0
  0
LINE
  5
35A
330
355
100
AcDbEntity
  8
COTAS
440
 16777216
370
    -2
100
AcDbLine
 10
51.30950965432831
 20
87.28367903101519
 30
0.0
 11
51.30950965432831
 21
83.62735929050195
 31
0.0
  0
INSERT
  5
35B
330
355
100
AcDbEntity
  8
COTAS
440
 16777216
370
    -2
100
AcDbBlockReference
  2
_ArchTick
 10
51.30950965432832
 20
79.53314732625068
 30
0.0
 41
0.1
 42
0.1
 43
0.1
 50
270.0
  0
INSERT
  5
35C
330
355
100
AcDbEntity
  8
COTAS
440
 16777216
370
    -2
100
AcDbBlockReference
  2
_ArchTick
 10
51.30950965432831
 20
87.13367903101518
 30
0.0
 41
0.1
 42
0.1
 43
0.1
 50
90.0
  0
MTEXT
  5
35D
330
355
100
AcDbEntity
  8
COTAS
440
 16777216
100
AcDbMText
 10
51.30950965432833
 20
83.3334131786329
 30
0.0
 40
0.15
 41
0.0
 46
0.0
 71
     5
 72
     1
  1
\A1;7.60
 11
0.0000000000000001
 21
1.0
 31
0.0
 73
     1
 44
1.0
  0
POINT
  5
35E
330
355
100
AcDbEntity
  8
Defpoints
 62
     0
440
 16777216
100
AcDbPoint
 10
50.60060599163765
 20
79.53314732625068
 30
0.0
  0
POINT
  5
35F
330
355
100
AcDbEntity
  8
Defpoints
 62
     0
440
 16777216
100
AcDbPoint
 10
51.00060599163774
 20
87.13367903101518
 30
0.0
  0
POINT
  5
360
330
355
100
AcDbEntity
  8
Defpoints
 62
     0
440
 16777216
100
AcDbPoint
 10
51.30950965432831
 20
87.13367903101518
 30
0.0
  0
ENDBLK
  5
361
330
355
100
AcDbEntity
  8
0
100
AcDbBlockEnd
  0
BLOCK
  5
363
330
362
100
AcDbEntity
  8
0
100
AcDbBlockBegin
  2
*D15
 70
     1
 10
0.0
 20
0.0
 30
0.0
  3
*D15
  1

  0
LINE
  5
364
330
362
100
AcDbEntity
  8
COTAS
440
 16777216
370
    -2
100
AcDbLine
 10
50.79265681712795
 20
74.53650193975009
 30
0.0
 11
50.79265681712795
 21
74.4365019397501
 31
0.0
  0
LINE
  5
365
330
362
100
AcDbEntity
  8
COTAS
440
 16777216
370
    -2
100
AcDbLine
 10
58.00060599163338
 20
74.53650193974713
 30
0.0
 11
58.00060599163338
 21
74.4365019397501
 31
0.0
  0
LINE
  5
366
330
362
100
AcDbEntity
  8
COTAS
440
 16777216
370
    -2
100
AcDbLine
 10
50.64265681712795
 20
74.53650193975009
 30
0.0
 11
54.11690766631791
 21
74.53650193975009
 31
0.0
  0
LINE
  5
367
330
362
100
AcDbEntity
  8
COTAS
440
 16777216
370
    -2
100
AcDbLine
 10
58.15060599163338
 20
74.53650193975009
 30
0.0
 11
54.67635514244342
 21
74.53650193975009
 31
0.0
  0
INSERT
  5
368
330
362
100
AcDbEntity
  8
COTAS
440
 16777216
370
    -2
100
AcDbBlockReference
  2
_ArchTick
 10
50.79265681712795
 20
74.53650193975009
 30
0.0
 41
0.1
 42
0.1
 43
0.1
 50
180.0
  0
INSERT
  5
369
330
362
100
AcDbEntity
  8
COTAS
440
 16777216
370
    -2
100
AcDbBlockReference
  2
_ArchTick
 10
58.00060599163338
 20
74.53650193975009
 30
0.0
 41
0.1
 42
0.1
 43
0.1
  0
MTEXT
  5
36A
330
362
100
AcDbEntity
  8
COTAS
440
 16777216
100
AcDbMText
 10
54.39663140438067
 20
74.53650193975009
 30
0.0
 40
0.15
 41
0.0
 46
0.0
 71
     5
 72
     1
  1
\A1;7.21
 73
     1
 44
1.0
  0
POINT
  5
36B
330
362
100
AcDbEntity
  8
Defpoints
 62
     0
440
 16777216
100
AcDbPoint
 10
50.79265681712795
 20
74.7365019397501
 30
0.0
  0
POINT
  5
36C
330
362
100
AcDbEntity
  8
Defpoints
 62
     0
440
 16777216
100
AcDbPoint
 10
58.00060599163338
 20
74.73650193974712
 30
0.0
  0
POINT
  5
36D
330
362
100
AcDbEntity
  8
Defpoints
 62
     0
440
 16777216
100
AcDbPoint
 10
58.00060599163338
 20
74.53650193975009
 30
0.0
  0
ENDBLK
  5
36E
330
362
100
AcDbEntity
  8
0
100
AcDbBlockEnd
  0
BLOCK
  5
370
330
36F
100
AcDbEntity
  8
0
100
AcDbBlockBegin
  2
*D16
 70
     1
 10
0.0
 20
0.0
 30
0.0
  3
*D16
  1

  0
LINE
  5
371
330
36F
100
AcDbEntity
  8
COTAS
440
 16777216
370
    -2
100
AcDbLine
 10
57.80060599163389
 20
79.53314732625094
 30
0.0
 11
56.72782612036963
 21
79.53314732625094
 31
0.0
  0
LINE
  5
372
330
36F
100
AcDbEntity
  8
COTAS
440
 16777216
370
    -2
100
AcDbLine
 10
57.8006059916325
 20
76.13314732626697
 30
0.0
 11
56.72782612036963
 21
76.13314732626697
 31
0.0
  0
LINE
  5
373
330
36F
100
AcDbEntity
  8
COTAS
440
 16777216
370
    -2
100
AcDbLine
 10
56.82782612036963
 20
79.68314732625095
 30
0.0
 11
56.82782612036963
 21
78.12765619392608
 31
0.0
  0
LINE
  5
374
330
36F
100
AcDbEntity
  8
COTAS
440
 16777216
370
    -2
100
AcDbLine
 10
56.82782612036963
 20
75.98314732626697
 30
0.0
 11
56.82782612036963
 21
77.53863845859185
 31
0.0
  0
INSERT
  5
375
330
36F
100
AcDbEntity
  8
COTAS
440
 16777216
370
    -2
100
AcDbBlockReference
  2
_ArchTick
 10
56.82782612036963
 20
79.53314732625094
 30
0.0
 41
0.1
 42
0.1
 43
0.1
 50
90.0
  0
INSERT
  5
376
330
36F
100
AcDbEntity
  8
COTAS
440
 16777216
370
    -2
100
AcDbBlockReference
  2
_ArchTick
 10
56.82782612036963
 20
76.13314732626697
 30
0.0
 41
0.1
 42
0.1
 43
0.1
 50
270.0
  0
MTEXT
  5
377
330
36F
100
AcDbEntity
  8
COTAS
440
 16777216
100
AcDbMText
 10
56.82782612036964
 20
77.83314732625894
 30
0.0
 40
0.15
 41
0.0
 46
0.0
 71
     5
 72
     1
  1
\A1;3.40
 11
0.0000000000000001
 21
1.0
 31
0.0
 73
     1
 44
1.0
  0
POINT
  5
378
330
36F
100
AcDbEntity
  8
Defpoints
 62
     0
440
 16777216
100
AcDbPoint
 10
58.0006059916339
 20
79.53314732625094
 30
0.0
  0
POINT
  5
379
330
36F
100
AcDbEntity
  8
Defpoints
 62
     0
440
 16777216
100
AcDbPoint
 10
58.0006059916325
 20
76.13314732626697
 30
0.0
  0
POINT
  5
37A
330
36F
100
AcDbEntity
  8
Defpoints
 62
     0
440
 16777216
100
AcDbPoint
 10
56.82782612036963
 20
76.13314732626697
 30
0.0
  0
ENDBLK
  5
37B
330
36F
100
AcDbEntity
  8
0
100
AcDbBlockEnd
  0
BLOCK
  5
37D
330
37C
100
AcDbEntity
  8
0
100
AcDbBlockBegin
  2
*D17
 70
     1
 10
0.0
 20
0.0
 30
0.0
  3
*D17
  1

  0
LINE
  5
37E
330
37C
100
AcDbEntity
  8
COTAS
440
 16777216
370
    -2
100
AcDbLine
 10
57.80060599163398
 20
76.13314732626697
 30
0.0
 11
56.72782612036972
 21
76.13314732626697
 31
0.0
  0
LINE
  5
37F
330
37C
100
AcDbEntity
  8
COTAS
440
 16777216
370
    -2
100
AcDbLine
 10
57.80060599163398
 20
66.78314782843021
 30
0.0
 11
56.72782612036972
 21
66.78314782843021
 31
0.0
  0
LINE
  5
380
330
37C
100
AcDbEntity
  8
COTAS
440
 16777216
370
    -2
100
AcDbLine
 10
56.82782612036973
 20
76.28314732626698
 30
0.0
 11
56.82782612036973
 21
71.75352615852187
 31
0.0
  0
LINE
  5
381
330
37C
100
AcDbEntity
  8
COTAS
440
 16777216
370
    -2
100
AcDbLine
 10
56.82782612036973
 20
66.63314782843021
 30
0.0
 11
56.82782612036973
 21
71.16276899617533
 31
0.0
  0
INSERT
  5
382
330
37C
100
AcDbEntity
  8
COTAS
440
 16777216
370
    -2
100
AcDbBlockReference
  2
_ArchTick
 10
56.82782612036973
 20
76.13314732626697
 30
0.0
 41
0.1
 42
0.1
 43
0.1
 50
90.0
  0
INSERT
  5
383
330
37C
100
AcDbEntity
  8
COTAS
440
 16777216
370
    -2
100
AcDbBlockReference
  2
_ArchTick
 10
56.82782612036973
 20
66.78314782843021
 30
0.0
 41
0.1
 42
0.1
 43
0.1
 50
270.0
  0
MTEXT
  5
384
330
37C
100
AcDbEntity
  8
COTAS
440
 16777216
100
AcDbMText
 10
56.82782612036973
 20
71.45814757734857
 30
0.0
 40
0.15
 41
0.0
 46
0.0
 71
     5
 72
     1
  1
\A1;9.35
 11
0.0000000000000001
 21
1.0
 31
0.0
 73
     1
 44
1.0
  0
POINT
  5
385
330
37C
100
AcDbEntity
  8
Defpoints
 62
     0
440
 16777216
100
AcDbPoint
 10
58.00060599163399
 20
76.13314732626697
 30
0.0
  0
POINT
  5
386
330
37C
100
AcDbEntity
  8
Defpoints
 62
     0
440
 16777216
100
AcDbPoint
 10
58.00060599163399
 20
66.78314782843021
 30
0.0
  0
POINT
  5
387
330
37C
100
AcDbEntity
  8
Defpoints
 62
     0
440
 16777216
100
AcDbPoint
 10
56.82782612036973
 20
66.78314782843021
 30
0.0
  0
ENDBLK
  5
388
330
37C
100
AcDbEntity
  8
0
100
AcDbBlockEnd
  0
BLOCK
  5
38A
330
389
100
AcDbEntity
  8
0
100
AcDbBlockBegin
  2
*D18
 70
     1
 10
0.0
 20
0.0
 30
0.0
  3
*D18
  1

  0
LINE
  5
38B
330
389
100
AcDbEntity
  8
COTAS
440
 16777216
370
    -2
100
AcDbLine
 10
57.80060599163389
 20
79.53314732625045
 30
0.0
 11
57.4321765165862
 21
79.53314732625045
 31
0.0
  0
LINE
  5
38C
330
389
100
AcDbEntity
  8
COTAS
440
 16777216
370
    -2
100
AcDbLine
 10
57.80061627751123
 20
68.63314732625056
 30
0.0
 11
57.4321765165862
 21
68.63314732625056
 31
0.0
  0
LINE
  5
38D
330
389
100
AcDbEntity
  8
COTAS
440
 16777216
370
    -2
100
AcDbLine
 10
57.5321765165862
 20
79.68314732625046
 30
0.0
 11
57.5321765165862
 21
74.42891813116183
 31
0.0
  0
LINE
  5
38E
330
389
100
AcDbEntity
  8
COTAS
440
 16777216
370
    -2
100
AcDbLine
 10
57.5321765165862
 20
68.48314732625055
 30
0.0
 11
57.5321765165862
 21
73.73737652133918
 31
0.0
  0
INSERT
  5
38F
330
389
100
AcDbEntity
  8
COTAS
440
 16777216
370
    -2
100
AcDbBlockReference
  2
_ArchTick
 10
57.5321765165862
 20
79.53314732625045
 30
0.0
 41
0.1
 42
0.1
 43
0.1
 50
90.0
  0
INSERT
  5
390
330
389
100
AcDbEntity
  8
COTAS
440
 16777216
370
    -2
100
AcDbBlockReference
  2
_ArchTick
 10
57.5321765165862
 20
68.63314732625056
 30
0.0
 41
0.1
 42
0.1
 43
0.1
 50
270.0
  0
MTEXT
  5
391
330
389
100
AcDbEntity
  8
COTAS
440
 16777216
100
AcDbMText
 10
57.53217651658621
 20
74.08314732625048
 30
0.0
 40
0.15
 41
0.0
 46
0.0
 71
     5
 72
     1
  1
\A1;10.90
 11
0.0000000000000001
 21
1.0
 31
0.0
 73
     1
 44
1.0
  0
POINT
  5
392
330
389
100
AcDbEntity
  8
Defpoints
 62
     0
440
 16777216
100
AcDbPoint
 10
58.0006059916339
 20
79.53314732625045
 30
0.0
  0
POINT
  5
393
330
389
100
AcDbEntity
  8
Defpoints
 62
     0
440
 16777216
100
AcDbPoint
 10
58.00061627751124
 20
68.63314732625056
 30
0.0
  0
POINT
  5
394
330
389
100
AcDbEntity
  8
Defpoints
 62
     0
440
 16777216
100
AcDbPoint
 10
57.5321765165862
 20
68.63314732625056
 30
0.0
  0
ENDBLK
  5
395
330
389
100
AcDbEntity
  8
0
100
AcDbBlockEnd
  0
BLOCK
  5
397
330
396
100
AcDbEntity
  8
0
100
AcDbBlockBegin
  2
*D19
 70
     1
 10
0.0
 20
0.0
 30
0.0
  3
*D19
  1

  0
LINE
  5
398
330
396
100
AcDbEntity
  8
COTAS
440
 16777216
370
    -2
100
AcDbLine
 10
53.55060606582699
 20
86.13379424945607
 30
0.0
 11
53.2045056484798
 21
86.13379424945607
 31
0.0
  0
LINE
  5
399
330
396
100
AcDbEntity
  8
COTAS
440
 16777216
370
    -2
100
AcDbLine
 10
53.55060606582798
 20
82.00074023616416
 30
0.0
 11
53.2045056484798
 21
82.00074023616416
 31
0.0
  0
LINE
  5
39A
330
396
100
AcDbEntity
  8
COTAS
440
 16777216
370
    -2
100
AcDbLine
 10
53.3045056484798
 20
86.28379424945608
 30
0.0
 11
53.3045056484798
 21
84.36566424144585
 31
0.0
  0
LINE
  5
39B
330
396
100
AcDbEntity
  8
COTAS
440
 16777216
370
    -2
100
AcDbLine
 10
53.3045056484798
 20
81.85074023616415
 30
0.0
 11
53.3045056484798
 21
83.76887024417438
 31
0.0
  0
INSERT
  5
39C
330
396
100
AcDbEntity
  8
COTAS
440
 16777216
370
    -2
100
AcDbBlockReference
  2
_ArchTick
 10
53.3045056484798
 20
86.13379424945607
 30
0.0
 41
0.1
 42
0.1
 43
0.1
 50
90.0
  0
INSERT
  5
39D
330
396
100
AcDbEntity
  8
COTAS
440
 16777216
370
    -2
100
AcDbBlockReference
  2
_ArchTick
 10
53.3045056484798
 20
82.00074023616416
 30
0.0
 41
0.1
 42
0.1
 43
0.1
 50
270.0
  0
MTEXT
  5
39E
330
396
100
AcDbEntity
  8
COTAS
440
 16777216
100
AcDbMText
 10
53.30450564847982
 20
84.06726724281009
 30
0.0
 40
0.15
 41
0.0
 46
0.0
 71
     5
 72
     1
  1
\A1;4.15
 11
0.0000000000000001
 21
1.0
 31
0.0
 73
     1
 44
1.0
  0
POINT
  5
39F
330
396
100
AcDbEntity
  8
Defpoints
 62
     0
440
 16777216
100
AcDbPoint
 10
53.750606065827
 20
86.13379424945607
 30
0.0
  0
POINT
  5
3A0
330
396
100
AcDbEntity
  8
Defpoints
 62
     0
440
 16777216
100
AcDbPoint
 10
53.75060606582798
 20
82.00074023616416
 30
0.0
  0
POINT
  5
3A1
330
396
100
AcDbEntity
  8
Defpoints
 62
     0
440
 16777216
100
AcDbPoint
 10
53.3045056484798
 20
82.00074023616416
 30
0.0
  0
ENDBLK
  5
3A2
330
396
100
AcDbEntity
  8
0
100
AcDbBlockEnd
  0
BLOCK
  5
3A4
330
3A3
100
AcDbEntity
  8
0
100
AcDbBlockBegin
  2
*D20
 70
     1
 10
0.0
 20
0.0
 30
0.0
  3
*D20
  1

  0
LINE
  5
3A5
330
3A3
100
AcDbEntity
  8
COTAS
440
 16777216
370
    -2
100
AcDbLine
 10
53.75060606582795
 20
81.80074023616413
 30
0.0
 11
53.75060606582795
 21
81.58515951157001
 31
0.0
  0
LINE
  5
3A6
330
3A3
100
AcDbEntity
  8
COTAS
440
 16777216
370
    -2
100
AcDbLine
 10
56.4006060658283
 20
81.8007402361645
 30
0.0
 11
56.4006060658283
 21
81.58515951157001
 31
0.0
  0
LINE
  5
3A7
330
3A3
100
AcDbEntity
  8
COTAS
440
 16777216
370
    -2
100
AcDbLine
 10
53.60060606582795
 20
81.68515951157001
 30
0.0
 11
54.77894849420466
 21
81.68515951157001
 31
0.0
  0
LINE
  5
3A8
330
3A3
100
AcDbEntity
  8
COTAS
440
 16777216
370
    -2
100
AcDbLine
 10
56.55060606582829
 20
81.68515951157001
 30
0.0
 11
55.37226363745158
 21
81.68515951157001
 31
0.0
  0
INSERT
  5
3A9
330
3A3
100
AcDbEntity
  8
COTAS
440
 16777216
370
    -2
100
AcDbBlockReference
  2
_ArchTick
 10
53.75060606582795
 20
81.68515951157001
 30
0.0
 41
0.1
 42
0.1
 43
0.1
 50
180.0
  0
INSERT
  5
3AA
330
3A3
100
AcDbEntity
  8
COTAS
440
 16777216
370
    -2
100
AcDbBlockReference
  2
_ArchTick
 10
56.4006060658283
 20
81.68515951157001
 30
0.0
 41
0.1
 42
0.1
 43
0.1
  0
MTEXT
  5
3AB
330
3A3
100
AcDbEntity
  8
COTAS
440
 16777216
100
AcDbMText
 10
55.07560606582813
 20
81.68515951157001
 30
0.0
 40
0.15
 41
0.0
 46
0.0
 71
     5
 72
     1
  1
\A1;2.65
 73
     1
 44
1.0
  0
POINT
  5
3AC
330
3A3
100
AcDbEntity
  8
Defpoints
 62
     0
440
 16777216
100
AcDbPoint
 10
53.75060606582795
 20
82.00074023616414
 30
0.0
  0
POINT
  5
3AD
330
3A3
100
AcDbEntity
  8
Defpoints
 62
     0
440
 16777216
100
AcDbPoint
 10
56.4006060658283
 20
82.00074023616449
 30
0.0
  0
POINT
  5
3AE
330
3A3
100
AcDbEntity
  8
Defpoints
 62
     0
440
 16777216
100
AcDbPoint
 10
56.4006060658283
 20
81.68515951157001
 30
0.0
  0
ENDBLK
  5
3AF
330
3A3
100
AcDbEntity
  8
0
100
AcDbBlockEnd
  0
BLOCK
  5
3B1
330
3B0
100
AcDbEntity
  8
0
100
AcDbBlockBegin
  2
*D21
 70
     1
 10
0.0
 20
0.0
 30
0.0
  3
*D21
  1

  0
LINE
  5
3B2
330
3B0
100
AcDbEntity
  8
COTAS
440
 16777216
370
    -2
100
AcDbLine
 10
29.30060599163676
 20
87.33367903101514
 30
0.0
 11
29.30060599163676
 21
88.67474244213973
 31
0.0
  0
LINE
  5
3B3
330
3B0
100
AcDbEntity
  8
COTAS
440
 16777216
370
    -2
100
AcDbLine
 10
50.80060599163767
 20
87.33367903101635
 30
0.0
 11
50.80060599163767
 21
88.67474244213973
 31
0.0
  0
LINE
  5
3B4
330
3B0
100
AcDbEntity
  8
COTAS
440
 16777216
370
    -2
100
AcDbLine
 10
29.15060599163676
 20
88.57474244213973
 30
0.0
 11
39.69649616899056
 21
88.57474244213973
 31
0.0
  0
LINE
  5
3B5
330
3B0
100
AcDbEntity
  8
COTAS
440
 16777216
370
    -2
100
AcDbLine
 10
50.95060599163766
 20
88.57474244213973
 30
0.0
 11
40.40471581428387
 21
88.57474244213973
 31
0.0
  0
INSERT
  5
3B6
330
3B0
100
AcDbEntity
  8
COTAS
440
 16777216
370
    -2
100
AcDbBlockReference
  2
_ArchTick
 10
29.30060599163676
 20
88.57474244213973
 30
0.0
 41
0.1
 42
0.1
 43
0.1
 50
180.0
  0
INSERT
  5
3B7
330
3B0
100
AcDbEntity
  8
COTAS
440
 16777216
370
    -2
100
AcDbBlockReference
  2
_ArchTick
 10
50.80060599163767
 20
88.57474244213973
 30
0.0
 41
0.1
 42
0.1
 43
0.1
  0
MTEXT
  5
3B8
330
3B0
100
AcDbEntity
  8
COTAS
440
 16777216
100
AcDbMText
 10
40.05060599163721
 20
88.57474244213973
 30
0.0
 40
0.15
 41
0.0
 46
0.0
 71
     5
 72
     1
  1
\A1;21.50
 73
     1
 44
1.0
  0
POINT
  5
3B9
330
3B0
100
AcDbEntity
  8
Defpoints
 62
     0
440
 16777216
100
AcDbPoint
 10
29.30060599163676
 20
87.13367903101515
 30
0.0
  0
POINT
  5
3BA
330
3B0
100
AcDbEntity
  8
Defpoints
 62
     0
440
 16777216
100
AcDbPoint
 10
50.80060599163767
 20
87.13367903101634
 30
0.0
  0
POINT
  5
3BB
330
3B0
100
AcDbEntity
  8
Defpoints
 62
     0
440
 16777216
100
AcDbPoint
 10
50.80060599163767
 20
88.57474244213973
 30
0.0
  0
ENDBLK
  5
3BC
330
3B0
100
AcDbEntity
  8
0
100
AcDbBlockEnd
  0
BLOCK
  5
3BE
330
3BD
100
AcDbEntity
  8
0
100
AcDbBlockBegin
  2
*D22
 70
     1
 10
0.0
 20
0.0
 30
0.0
  3
*D22
  1

  0
LINE
  5
3BF
330
3BD
100
AcDbEntity
  8
COTAS
440
 16777216
370
    -2
100
AcDbLine
 10
58.00060599163355
 20
87.33367903101514
 30
0.0
 11
58.00060599163355
 21
88.67474244213857
 31
0.0
  0
LINE
  5
3C0
330
3BD
100
AcDbEntity
  8
COTAS
440
 16777216
370
    -2
100
AcDbLine
 10
72.60061627291126
 20
87.73314732624971
 30
0.0
 11
72.60061627291126
 21
88.67474244213857
 31
0.0
  0
LINE
  5
3C1
330
3BD
100
AcDbEntity
  8
COTAS
440
 16777216
370
    -2
100
AcDbLine
 10
57.85060599163355
 20
88.57474244213857
 30
0.0
 11
64.95484032736108
 21
88.57474244213857
 31
0.0
  0
LINE
  5
3C2
330
3BD
100
AcDbEntity
  8
COTAS
440
 16777216
370
    -2
100
AcDbLine
 10
72.75061627291127
 20
88.57474244213857
 30
0.0
 11
65.64638193718373
 21
88.57474244213857
 31
0.0
  0
INSERT
  5
3C3
330
3BD
100
AcDbEntity
  8
COTAS
440
 16777216
370
    -2
100
AcDbBlockReference
  2
_ArchTick
 10
58.00060599163355
 20
88.57474244213857
 30
0.0
 41
0.1
 42
0.1
 43
0.1
 50
180.0
  0
INSERT
  5
3C4
330
3BD
100
AcDbEntity
  8
COTAS
440
 16777216
370
    -2
100
AcDbBlockReference
  2
_ArchTick
 10
72.60061627291126
 20
88.57474244213857
 30
0.0
 41
0.1
 42
0.1
 43
0.1
  0
MTEXT
  5
3C5
330
3BD
100
AcDbEntity
  8
COTAS
440
 16777216
100
AcDbMText
 10
65.3006111322724
 20
88.57474244213857
 30
0.0
 40
0.15
 41
0.0
 46
0.0
 71
     5
 72
     1
  1
\A1;14.60
 73
     1
 44
1.0
  0
POINT
  5
3C6
330
3BD
100
AcDbEntity
  8
Defpoints
 62
     0
440
 16777216
100
AcDbPoint
 10
58.00060599163355
 20
87.13367903101515
 30
0.0
  0
POINT
  5
3C7
330
3BD
100
AcDbEntity
  8
Defpoints
 62
     0
440
 16777216
100
AcDbPoint
 10
72.60061627291126
 20
87.5331473262497
 30
0.0
  0
POINT
  5
3C8
330
3BD
100
AcDbEntity
  8
Defpoints
 62
     0
440
 16777216
100
AcDbPoint
 10
72.60061627291126
 20
88.57474244213857
 30
0.0
  0
ENDBLK
  5
3C9
330
3BD
100
AcDbEntity
  8
0
100
AcDbBlockEnd
  0
BLOCK
  5
3CB
330
3CA
100
AcDbEntity
  8
0
100
AcDbBlockBegin
  2
*D23
 70
     1
 10
0.0
 20
0.0
 30
0.0
  3
*D23
  1

  0
LINE
  5
3CC
330
3CA
100
AcDbEntity
  8
COTAS
440
 16777216
370
    -2
100
AcDbLine
 10
105.1006162729159
 20
87.33314732625144
 30
0.0
 11
105.1006162729159
 21
88.67474244213948
 31
0.0
  0
LINE
  5
3CD
330
3CA
100
AcDbEntity
  8
COTAS
440
 16777216
370
    -2
100
AcDbLine
 10
113.0006162729159
 20
87.33314732625188
 30
0.0
 11
113.0006162729159
 21
88.67474244213948
 31
0.0
  0
LINE
  5
3CE
330
3CA
100
AcDbEntity
  8
COTAS
440
 16777216
370
    -2
100
AcDbLine
 10
104.9506162729159
 20
88.57474244213948
 30
0.0
 11
108.7566701610469
 21
88.57474244213948
 31
0.0
  0
LINE
  5
3CF
330
3CA
100
AcDbEntity
  8
COTAS
440
 16777216
370
    -2
100
AcDbLine
 10
113.150616272916
 20
88.57474244213948
 30
0.0
 11
109.3445623847849
 21
88.57474244213948
 31
0.0
  0
INSERT
  5
3D0
330
3CA
100
AcDbEntity
  8
COTAS
440
 16777216
370
    -2
100
AcDbBlockReference
  2
_ArchTick
 10
105.1006162729159
 20
88.57474244213948
 30
0.0
 41
0.1
 42
0.1
 43
0.1
 50
180.0
  0
INSERT
  5
3D1
330
3CA
100
AcDbEntity
  8
COTAS
440
 16777216
370
    -2
100
AcDbBlockReference
  2
_ArchTick
 10
113.0006162729159
 20
88.57474244213948
 30
0.0
 41
0.1
 42
0.1
 43
0.1
  0
MTEXT
  5
3D2
330
3CA
100
AcDbEntity
  8
COTAS
440
 16777216
100
AcDbMText
 10
109.0506162729159
 20
88.57474244213948
 30
0.0
 40
0.15
 41
0.0
 46
0.0
 71
     5
 72
     1
  1
\A1;7.90
 73
     1
 44
1.0
  0
POINT
  5
3D3
330
3CA
100
AcDbEntity
  8
Defpoints
 62
     0
440
 16777216
100
AcDbPoint
 10
105.1006162729159
 20
87.13314732625143
 30
0.0
  0
POINT
  5
3D4
330
3CA
100
AcDbEntity
  8
Defpoints
 62
     0
440
 16777216
100
AcDbPoint
 10
113.0006162729159
 20
87.13314732625189
 30
0.0
  0
POINT
  5
3D5
330
3CA
100
AcDbEntity
  8
Defpoints
 62
     0
440
 16777216
100
AcDbPoint
 10
113.0006162729159
 20
88.57474244213948
 30
0.0
  0
ENDBLK
  5
3D6
330
3CA
100
AcDbEntity
  8
0
100
AcDbBlockEnd
  0
BLOCK
  5
3D8
330
3D7
100
AcDbEntity
  8
0
100
AcDbBlockBegin
  2
*D24
 70
     1
 10
0.0
 20
0.0
 30
0.0
  3
*D24
  1

  0
LINE
  5
3D9
330
3D7
100
AcDbEntity
  8
COTAS
440
 16777216
370
    -2
100
AcDbLine
 10
113.200616272916
 20
87.13314732625191
 30
0.0
 11
113.8562752999187
 21
87.13314732625191
 31
0.0
  0
LINE
  5
3DA
330
3D7
100
AcDbEntity
  8
COTAS
440
 16777216
370
    -2
100
AcDbLine
 10
113.2006162729235
 20
65.53314732625157
 30
0.0
 11
113.8562752999187
 21
65.53314732625157
 31
0.0
  0
LINE
  5
3DB
330
3D7
100
AcDbEntity
  8
COTAS
440
 16777216
370
    -2
100
AcDbLine
 10
113.7562752999187
 20
87.28314732625191
 30
0.0
 11
113.7562752999187
 21
76.6872571488984
 31
0.0
  0
LINE
  5
3DC
330
3D7
100
AcDbEntity
  8
COTAS
440
 16777216
370
    -2
100
AcDbLine
 10
113.7562752999187
 20
65.38314732625156
 30
0.0
 11
113.7562752999187
 21
75.97903750360507
 31
0.0
  0
INSERT
  5
3DD
330
3D7
100
AcDbEntity
  8
COTAS
440
 16777216
370
    -2
100
AcDbBlockReference
  2
_ArchTick
 10
113.7562752999187
 20
87.13314732625191
 30
0.0
 41
0.1
 42
0.1
 43
0.1
 50
90.0
  0
INSERT
  5
3DE
330
3D7
100
AcDbEntity
  8
COTAS
440
 16777216
370
    -2
100
AcDbBlockReference
  2
_ArchTick
 10
113.7562752999187
 20
65.53314732625157
 30
0.0
 41
0.1
 42
0.1
 43
0.1
 50
270.0
  0
MTEXT
  5
3DF
330
3D7
100
AcDbEntity
  8
COTAS
440
 16777216
100
AcDbMText
 10
113.7562752999187
 20
76.33314732625169
 30
0.0
 40
0.15
 41
0.0
 46
0.0
 71
     5
 72
     1
  1
\A1;21.60
 11
0.0000000000000001
 21
1.0
 31
0.0
 73
     1
 44
1.0
  0
POINT
  5
3E0
330
3D7
100
AcDbEntity
  8
Defpoints
 62
     0
440
 16777216
100
AcDbPoint
 10
113.000616272916
 20
87.13314732625191
 30
0.0
  0
POINT
  5
3E1
330
3D7
100
AcDbEntity
  8
Defpoints
 62
     0
440
 16777216
100
AcDbPoint
 10
113.0006162729235
 20
65.53314732625157
 30
0.0
  0
POINT
  5
3E2
330
3D7
100
AcDbEntity
  8
Defpoints
 62
     0
440
 16777216
100
AcDbPoint
 10
113.7562752999187
 20
65.53314732625157
 30
0.0
  0
ENDBLK
  5
3E3
330
3D7
100
AcDbEntity
  8
0
100
AcDbBlockEnd
  0
BLOCK
  5
3E5
330
3E4
100
AcDbEntity
  8
0
100
AcDbBlockBegin
  2
*D25
 70
     1
 10
0.0
 20
0.0
 30
0.0
  3
*D25
  1

  0
LINE
  5
3E6
330
3E4
100
AcDbEntity
  8
COTAS
440
 16777216
370
    -2
100
AcDbLine
 10
113.2006162729162
 20
65.53314732625157
 30
0.0
 11
113.8562752999133
 21
65.53314732625157
 31
0.0
  0
LINE
  5
3E7
330
3E4
100
AcDbEntity
  8
COTAS
440
 16777216
370
    -2
100
AcDbLine
 10
112.7006059916364
 20
61.43314778516518
 30
0.0
 11
113.8562752999133
 21
61.43314778516518
 31
0.0
  0
LINE
  5
3E8
330
3E4
100
AcDbEntity
  8
COTAS
440
 16777216
370
    -2
100
AcDbLine
 10
113.7562752999133
 20
65.68314732625157
 30
0.0
 11
113.7562752999133
 21
63.78072600045598
 31
0.0
  0
LINE
  5
3E9
330
3E4
100
AcDbEntity
  8
COTAS
440
 16777216
370
    -2
100
AcDbLine
 10
113.7562752999133
 20
61.28314778516518
 30
0.0
 11
113.7562752999133
 21
63.18556911096075
 31
0.0
  0
INSERT
  5
3EA
330
3E4
100
AcDbEntity
  8
COTAS
440
 16777216
370
    -2
100
AcDbBlockReference
  2
_ArchTick
 10
113.7562752999133
 20
65.53314732625157
 30
0.0
 41
0.1
 42
0.1
 43
0.1
 50
90.0
  0
INSERT
  5
3EB
330
3E4
100
AcDbEntity
  8
COTAS
440
 16777216
370
    -2
100
AcDbBlockReference
  2
_ArchTick
 10
113.7562752999133
 20
61.43314778516518
 30
0.0
 41
0.1
 42
0.1
 43
0.1
 50
270.0
  0
MTEXT
  5
3EC
330
3E4
100
AcDbEntity
  8
COTAS
440
 16777216
100
AcDbMText
 10
113.7562752999133
 20
63.48314755570832
 30
0.0
 40
0.15
 41
0.0
 46
0.0
 71
     5
 72
     1
  1
\A1;4.10
 11
0.0000000000000001
 21
1.0
 31
0.0
 73
     1
 44
1.0
  0
POINT
  5
3ED
330
3E4
100
AcDbEntity
  8
Defpoints
 62
     0
440
 16777216
100
AcDbPoint
 10
113.0006162729162
 20
65.53314732625157
 30
0.0
  0
POINT
  5
3EE
330
3E4
100
AcDbEntity
  8
Defpoints
 62
     0
440
 16777216
100
AcDbPoint
 10
112.5006059916364
 20
61.43314778516518
 30
0.0
  0
POINT
  5
3EF
330
3E4
100
AcDbEntity
  8
Defpoints
 62
     0
440
 16777216
100
AcDbPoint
 10
113.7562752999133
 20
61.43314778516518
 30
0.0
  0
ENDBLK
  5
3F0
330
3E4
100
AcDbEntity
  8
0
100
AcDbBlockEnd
  0
BLOCK
  5
3F2
330
3F1
100
AcDbEntity
  8
0
100
AcDbBlockBegin
  2
*D26
 70
     1
 10
0.0
 20
0.0
 30
0.0
  3
*D26
  1

  0
LINE
  5
3F3
330
3F1
100
AcDbEntity
  8
COTAS
440
 16777216
370
    -2
100
AcDbLine
 10
111.0006059916313
 20
61.23314778516491
 30
0.0
 11
111.0006059916313
 21
60.92153968862353
 31
0.0
  0
LINE
  5
3F4
330
3F1
100
AcDbEntity
  8
COTAS
440
 16777216
370
    -2
100
AcDbLine
 10
112.6006059916378
 20
61.23314778516514
 30
0.0
 11
112.6006059916378
 21
60.92153968862353
 31
0.0
  0
LINE
  5
3F5
330
3F1
100
AcDbEntity
  8
COTAS
440
 16777216
370
    -2
100
AcDbLine
 10
110.8506059916313
 20
61.02153968862353
 30
0.0
 11
111.5131059916346
 21
61.02153968862353
 31
0.0
  0
LINE
  5
3F6
330
3F1
100
AcDbEntity
  8
COTAS
440
 16777216
370
    -2
100
AcDbLine
 10
112.7506059916378
 20
61.02153968862353
 30
0.0
 11
112.0881059916346
 21
61.02153968862353
 31
0.0
  0
INSERT
  5
3F7
330
3F1
100
AcDbEntity
  8
COTAS
440
 16777216
370
    -2
100
AcDbBlockReference
  2
_ArchTick
 10
111.0006059916313
 20
61.02153968862353
 30
0.0
 41
0.1
 42
0.1
 43
0.1
 50
180.0
  0
INSERT
  5
3F8
330
3F1
100
AcDbEntity
  8
COTAS
440
 16777216
370
    -2
100
AcDbBlockReference
  2
_ArchTick
 10
112.6006059916378
 20
61.02153968862353
 30
0.0
 41
0.1
 42
0.1
 43
0.1
  0
MTEXT
  5
3F9
330
3F1
100
AcDbEntity
  8
COTAS
440
 16777216
100
AcDbMText
 10
111.8006059916346
 20
61.02153968862353
 30
0.0
 40
0.15
 41
0.0
 46
0.0
 71
     5
 72
     1
  1
\A1;1.60
 73
     1
 44
1.0
  0
POINT
  5
3FA
330
3F1
100
AcDbEntity
  8
Defpoints
 62
     0
440
 16777216
100
AcDbPoint
 10
111.0006059916313
 20
61.43314778516492
 30
0.0
  0
POINT
  5
3FB
330
3F1
100
AcDbEntity
  8
Defpoints
 62
     0
440
 16777216
100
AcDbPoint
 10
112.6006059916378
 20
61.43314778516515
 30
0.0
  0
POINT
  5
3FC
330
3F1
100
AcDbEntity
  8
Defpoints
 62
     0
440
 16777216
100
AcDbPoint
 10
112.6006059916378
 20
61.02153968862353
 30
0.0
  0
ENDBLK
  5
3FD
330
3F1
100
AcDbEntity
  8
0
100
AcDbBlockEnd
  0
BLOCK
  5
3FF
330
3FE
100
AcDbEntity
  8
0
100
AcDbBlockBegin
  2
*D27
 70
     1
 10
0.0
 20
0.0
 30
0.0
  3
*D27
  1

  0
LINE
  5
400
330
3FE
100
AcDbEntity
  8
COTAS
440
 16777216
370
    -2
100
AcDbLine
 10
113.0006162729159
 20
65.33314732625085
 30
0.0
 11
113.0006162729159
 21
64.7518653277738
 31
0.0
  0
LINE
  5
401
330
3FE
100
AcDbEntity
  8
COTAS
440
 16777216
370
    -2
100
AcDbLine
 10
104.9006162729158
 20
65.33314732625085
 30
0.0
 11
104.9006162729158
 21
64.7518653277738
 31
0.0
  0
LINE
  5
402
330
3FE
100
AcDbEntity
  8
COTAS
440
 16777216
370
    -2
100
AcDbLine
 10
113.150616272916
 20
64.8518653277738
 30
0.0
 11
109.245278619437
 21
64.8518653277738
 31
0.0
  0
LINE
  5
403
330
3FE
100
AcDbEntity
  8
COTAS
440
 16777216
370
    -2
100
AcDbLine
 10
104.7506162729158
 20
64.8518653277738
 30
0.0
 11
108.6559539263947
 21
64.8518653277738
 31
0.0
  0
INSERT
  5
404
330
3FE
100
AcDbEntity
  8
COTAS
440
 16777216
370
    -2
100
AcDbBlockReference
  2
_ArchTick
 10
113.0006162729159
 20
64.8518653277738
 30
0.0
 41
0.1
 42
0.1
 43
0.1
  0
INSERT
  5
405
330
3FE
100
AcDbEntity
  8
COTAS
440
 16777216
370
    -2
100
AcDbBlockReference
  2
_ArchTick
 10
104.9006162729158
 20
64.8518653277738
 30
0.0
 41
0.1
 42
0.1
 43
0.1
 50
180.0
  0
MTEXT
  5
406
330
3FE
100
AcDbEntity
  8
COTAS
440
 16777216
100
AcDbMText
 10
108.9506162729159
 20
64.8518653277738
 30
0.0
 40
0.15
 41
0.0
 46
0.0
 71
     5
 72
     1
  1
\A1;8.10
 73
     1
 44
1.0
  0
POINT
  5
407
330
3FE
100
AcDbEntity
  8
Defpoints
 62
     0
440
 16777216
100
AcDbPoint
 10
113.0006162729159
 20
65.53314732625086
 30
0.0
  0
POINT
  5
408
330
3FE
100
AcDbEntity
  8
Defpoints
 62
     0
440
 16777216
100
AcDbPoint
 10
104.9006162729158
 20
65.53314732625086
 30
0.0
  0
POINT
  5
409
330
3FE
100
AcDbEntity
  8
Defpoints
 62
     0
440
 16777216
100
AcDbPoint
 10
104.9006162729158
 20
64.8518653277738
 30
0.0
  0
ENDBLK
  5
40A
330
3FE
100
AcDbEntity
  8
0
100
AcDbBlockEnd
  0
BLOCK
  5
40C
330
40B
100
AcDbEntity
  8
0
100
AcDbBlockBegin
  2
*D28
 70
     1
 10
0.0
 20
0.0
 30
0.0
  3
*D28
  1

  0
LINE
  5
40D
330
40B
100
AcDbEntity
  8
COTAS
440
 16777216
370
    -2
100
AcDbLine
 10
104.9006162729158
 20
65.33314732625085
 30
0.0
 11
104.9006162729158
 21
64.7518653277738
 31
0.0
  0
LINE
  5
40E
330
40B
100
AcDbEntity
  8
COTAS
440
 16777216
370
    -2
100
AcDbLine
 10
101.7506162729162
 20
65.33314732625062
 30
0.0
 11
101.7506162729162
 21
64.7518653277738
 31
0.0
  0
LINE
  5
40F
330
40B
100
AcDbEntity
  8
COTAS
440
 16777216
370
    -2
100
AcDbLine
 10
105.0506162729158
 20
64.8518653277738
 30
0.0
 11
103.6209436944713
 21
64.8518653277738
 31
0.0
  0
LINE
  5
410
330
40B
100
AcDbEntity
  8
COTAS
440
 16777216
370
    -2
100
AcDbLine
 10
101.6006162729162
 20
64.8518653277738
 30
0.0
 11
103.0302888513607
 21
64.8518653277738
 31
0.0
  0
INSERT
  5
411
330
40B
100
AcDbEntity
  8
COTAS
440
 16777216
370
    -2
100
AcDbBlockReference
  2
_ArchTick
 10
104.9006162729158
 20
64.8518653277738
 30
0.0
 41
0.1
 42
0.1
 43
0.1
  0
INSERT
  5
412
330
40B
100
AcDbEntity
  8
COTAS
440
 16777216
370
    -2
100
AcDbBlockReference
  2
_ArchTick
 10
101.7506162729162
 20
64.8518653277738
 30
0.0
 41
0.1
 42
0.1
 43
0.1
 50
180.0
  0
MTEXT
  5
413
330
40B
100
AcDbEntity
  8
COTAS
440
 16777216
100
AcDbMText
 10
103.325616272916
 20
64.8518653277738
 30
0.0
 40
0.15
 41
0.0
 46
0.0
 71
     5
 72
     1
  1
\A1;3.15
 73
     1
 44
1.0
  0
POINT
  5
414
330
40B
100
AcDbEntity
  8
Defpoints
 62
     0
440
 16777216
100
AcDbPoint
 10
104.9006162729158
 20
65.53314732625086
 30
0.0
  0
POINT
  5
415
330
40B
100
AcDbEntity
  8
Defpoints
 62
     0
440
 16777216
100
AcDbPoint
 10
101.7506162729162
 20
65.53314732625063
 30
0.0
  0
POINT
  5
416
330
40B
100
AcDbEntity
  8
Defpoints
 62
     0
440
 16777216
100
AcDbPoint
 10
101.7506162729162
 20
64.8518653277738
 30
0.0
  0
ENDBLK
  5
417
330
40B
100
AcDbEntity
  8
0
100
AcDbBlockEnd
  0
BLOCK
  5
419
330
418
100
AcDbEntity
  8
0
100
AcDbBlockBegin
  2
*D29
 70
     1
 10
0.0
 20
0.0
 30
0.0
  3
*D29
  1

  0
LINE
  5
41A
330
418
100
AcDbEntity
  8
COTAS
440
 16777216
370
    -2
100
AcDbLine
 10
101.5506162729162
 20
65.53314732625065
 30
0.0
 11
100.8957239534246
 21
65.53314732625065
 31
0.0
  0
LINE
  5
41B
330
418
100
AcDbEntity
  8
COTAS
440
 16777216
370
    -2
100
AcDbLine
 10
101.3492074091588
 20
76.13314732625079
 30
0.0
 11
100.8957239534246
 21
76.13314732625079
 31
0.0
  0
LINE
  5
41C
330
418
100
AcDbEntity
  8
COTAS
440
 16777216
370
    -2
100
AcDbLine
 10
100.9957239534245
 20
65.38314732625065
 30
0.0
 11
100.9957239534245
 21
70.4873765213394
 31
0.0
  0
LINE
  5
41D
330
418
100
AcDbEntity
  8
COTAS
440
 16777216
370
    -2
100
AcDbLine
 10
100.9957239534245
 20
76.2831473262508
 30
0.0
 11
100.9957239534245
 21
71.17891813116205
 31
0.0
  0
INSERT
  5
41E
330
418
100
AcDbEntity
  8
COTAS
440
 16777216
370
    -2
100
AcDbBlockReference
  2
_ArchTick
 10
100.9957239534245
 20
65.53314732625065
 30
0.0
 41
0.1
 42
0.1
 43
0.1
 50
270.0
  0
INSERT
  5
41F
330
418
100
AcDbEntity
  8
COTAS
440
 16777216
370
    -2
100
AcDbBlockReference
  2
_ArchTick
 10
100.9957239534245
 20
76.13314732625079
 30
0.0
 41
0.1
 42
0.1
 43
0.1
 50
90.0
  0
MTEXT
  5
420
330
418
100
AcDbEntity
  8
COTAS
440
 16777216
100
AcDbMText
 10
100.9957239534245
 20
70.83314732625068
 30
0.0
 40
0.15
 41
0.0
 46
0.0
 71
     5
 72
     1
  1
\A1;10.60
 11
0.0000000000000001
 21
1.0
 31
0.0
 73
     1
 44
1.0
  0
POINT
  5
421
330
418
100
AcDbEntity
  8
Defpoints
 62
     0
440
 16777216
100
AcDbPoint
 10
101.7506162729162
 20
65.53314732625065
 30
0.0
  0
POINT
  5
422
330
418
100
AcDbEntity
  8
Defpoints
 62
     0
440
 16777216
100
AcDbPoint
 10
101.5492074091588
 20
76.13314732625079
 30
0.0
  0
POINT
  5
423
330
418
100
AcDbEntity
  8
Defpoints
 62
     0
440
 16777216
100
AcDbPoint
 10
100.9957239534245
 20
76.13314732625079
 30
0.0
  0
ENDBLK
  5
424
330
418
100
AcDbEntity
  8
0
100
AcDbBlockEnd
  0
BLOCK
  5
426
330
425
100
AcDbEntity
  8
0
100
AcDbBlockBegin
  2
*D30
 70
     1
 10
0.0
 20
0.0
 30
0.0
  3
*D30
  1

  0
LINE
  5
427
330
425
100
AcDbEntity
  8
COTAS
440
 16777216
370
    -2
100
AcDbLine
 10
101.5492074091587
 20
75.93314732625076
 30
0.0
 11
101.5492074091587
 21
75.46810930968027
 31
0.0
  0
LINE
  5
428
330
425
100
AcDbEntity
  8
COTAS
440
 16777216
370
    -2
100
AcDbLine
 10
87.30061627291593
 20
75.93314732625076
 30
0.0
 11
87.30061627291593
 21
75.46810930968027
 31
0.0
  0
LINE
  5
429
330
425
100
AcDbEntity
  8
COTAS
440
 16777216
370
    -2
100
AcDbLine
 10
101.6992074091587
 20
75.56810930968026
 30
0.0
 11
94.77150119983678
 21
75.56810930968026
 31
0.0
  0
LINE
  5
42A
330
425
100
AcDbEntity
  8
COTAS
440
 16777216
370
    -2
100
AcDbLine
 10
87.15061627291593
 20
75.56810930968026
 30
0.0
 11
94.07832248223789
 21
75.56810930968026
 31
0.0
  0
INSERT
  5
42B
330
425
100
AcDbEntity
  8
COTAS
440
 16777216
370
    -2
100
AcDbBlockReference
  2
_ArchTick
 10
101.5492074091587
 20
75.56810930968026
 30
0.0
 41
0.1
 42
0.1
 43
0.1
  0
INSERT
  5
42C
330
425
100
AcDbEntity
  8
COTAS
440
 16777216
370
    -2
100
AcDbBlockReference
  2
_ArchTick
 10
87.30061627291593
 20
75.56810930968026
 30
0.0
 41
0.1
 42
0.1
 43
0.1
 50
180.0
  0
MTEXT
  5
42D
330
425
100
AcDbEntity
  8
COTAS
440
 16777216
100
AcDbMText
 10
94.42491184103733
 20
75.56810930968026
 30
0.0
 40
0.15
 41
0.0
 46
0.0
 71
     5
 72
     1
  1
\A1;14.25
 73
     1
 44
1.0
  0
POINT
  5
42E
330
425
100
AcDbEntity
  8
Defpoints
 62
     0
440
 16777216
100
AcDbPoint
 10
101.5492074091587
 20
76.13314732625076
 30
0.0
  0
POINT
  5
42F
330
425
100
AcDbEntity
  8
Defpoints
 62
     0
440
 16777216
100
AcDbPoint
 10
87.30061627291593
 20
76.13314732625076
 30
0.0
  0
POINT
  5
430
330
425
100
AcDbEntity
  8
Defpoints
 62
     0
440
 16777216
100
AcDbPoint
 10
87.30061627291593
 20
75.56810930968026
 30
0.0
  0
ENDBLK
  5
431
330
425
100
AcDbEntity
  8
0
100
AcDbBlockEnd
  0
BLOCK
  5
433
330
432
100
AcDbEntity
  8
0
100
AcDbBlockBegin
  2
*D31
 70
     1
 10
0.0
 20
0.0
 30
0.0
  3
*D31
  1

  0
LINE
  5
434
330
432
100
AcDbEntity
  8
COTAS
440
 16777216
370
    -2
100
AcDbLine
 10
87.50061627291596
 20
76.13314732625079
 30
0.0
 11
87.8893103557238
 21
76.13314732625079
 31
0.0
  0
LINE
  5
435
330
432
100
AcDbEntity
  8
COTAS
440
 16777216
370
    -2
100
AcDbLine
 10
87.50061627291596
 20
72.43314732625188
 30
0.0
 11
87.8893103557238
 21
72.43314732625188
 31
0.0
  0
LINE
  5
436
330
432
100
AcDbEntity
  8
COTAS
440
 16777216
370
    -2
100
AcDbLine
 10
87.78931035572382
 20
76.2831473262508
 30
0.0
 11
87.78931035572382
 21
74.57765619391846
 31
0.0
  0
LINE
  5
437
330
432
100
AcDbEntity
  8
COTAS
440
 16777216
370
    -2
100
AcDbLine
 10
87.78931035572382
 20
72.28314732625188
 30
0.0
 11
87.78931035572382
 21
73.98863845858421
 31
0.0
  0
INSERT
  5
438
330
432
100
AcDbEntity
  8
COTAS
440
 16777216
370
    -2
100
AcDbBlockReference
  2
_ArchTick
 10
87.78931035572382
 20
76.13314732625079
 30
0.0
 41
0.1
 42
0.1
 43
0.1
 50
90.0
  0
INSERT
  5
439
330
432
100
AcDbEntity
  8
COTAS
440
 16777216
370
    -2
100
AcDbBlockReference
  2
_ArchTick
 10
87.78931035572382
 20
72.43314732625188
 30
0.0
 41
0.1
 42
0.1
 43
0.1
 50
270.0
  0
MTEXT
  5
43A
330
432
100
AcDbEntity
  8
COTAS
440
 16777216
100
AcDbMText
 10
87.78931035572382
 20
74.28314732625131
 30
0.0
 40
0.15
 41
0.0
 46
0.0
 71
     5
 72
     1
  1
\A1;3.70
 11
0.0000000000000001
 21
1.0
 31
0.0
 73
     1
 44
1.0
  0
POINT
  5
43B
330
432
100
AcDbEntity
  8
Defpoints
 62
     0
440
 16777216
100
AcDbPoint
 10
87.30061627291595
 20
76.13314732625079
 30
0.0
  0
POINT
  5
43C
330
432
100
AcDbEntity
  8
Defpoints
 62
     0
440
 16777216
100
AcDbPoint
 10
87.30061627291595
 20
72.43314732625188
 30
0.0
  0
POINT
  5
43D
330
432
100
AcDbEntity
  8
Defpoints
 62
     0
440
 16777216
100
AcDbPoint
 10
87.78931035572382
 20
72.43314732625188
 30
0.0
  0
ENDBLK
  5
43E
330
432
100
AcDbEntity
  8
0
100
AcDbBlockEnd
  0
BLOCK
  5
440
330
43F
100
AcDbEntity
  8
0
100
AcDbBlockBegin
  2
*D32
 70
     1
 10
0.0
 20
0.0
 30
0.0
  3
*D32
  1

  0
LINE
  5
441
330
43F
100
AcDbEntity
  8
COTAS
440
 16777216
370
    -2
100
AcDbLine
 10
87.30061627291593
 20
72.23314732625185
 30
0.0
 11
87.30061627291593
 21
71.43965077699149
 31
0.0
  0
LINE
  5
442
330
43F
100
AcDbEntity
  8
COTAS
440
 16777216
370
    -2
100
AcDbLine
 10
79.90061627291652
 20
72.23314732625185
 30
0.0
 11
79.90061627291652
 21
71.43965077699149
 31
0.0
  0
LINE
  5
443
330
43F
100
AcDbEntity
  8
COTAS
440
 16777216
370
    -2
100
AcDbLine
 10
87.45061627291594
 20
71.53965077699149
 30
0.0
 11
83.89456238478526
 21
71.53965077699149
 31
0.0
  0
LINE
  5
444
330
43F
100
AcDbEntity
  8
COTAS
440
 16777216
370
    -2
100
AcDbLine
 10
79.75061627291651
 20
71.53965077699149
 30
0.0
 11
83.30667016104719
 21
71.53965077699149
 31
0.0
  0
INSERT
  5
445
330
43F
100
AcDbEntity
  8
COTAS
440
 16777216
370
    -2
100
AcDbBlockReference
  2
_ArchTick
 10
87.30061627291593
 20
71.53965077699149
 30
0.0
 41
0.1
 42
0.1
 43
0.1
  0
INSERT
  5
446
330
43F
100
AcDbEntity
  8
COTAS
440
 16777216
370
    -2
100
AcDbBlockReference
  2
_ArchTick
 10
79.90061627291652
 20
71.53965077699149
 30
0.0
 41
0.1
 42
0.1
 43
0.1
 50
180.0
  0
MTEXT
  5
447
330
43F
100
AcDbEntity
  8
COTAS
440
 16777216
100
AcDbMText
 10
83.60061627291623
 20
71.53965077699149
 30
0.0
 40
0.15
 41
0.0
 46
0.0
 71
     5
 72
     1
  1
\A1;7.40
 73
     1
 44
1.0
  0
POINT
  5
448
330
43F
100
AcDbEntity
  8
Defpoints
 62
     0
440
 16777216
100
AcDbPoint
 10
87.30061627291593
 20
72.43314732625186
 30
0.0
  0
POINT
  5
449
330
43F
100
AcDbEntity
  8
Defpoints
 62
     0
440
 16777216
100
AcDbPoint
 10
79.90061627291652
 20
72.43314732625186
 30
0.0
  0
POINT
  5
44A
330
43F
100
AcDbEntity
  8
Defpoints
 62
     0
440
 16777216
100
AcDbPoint
 10
79.90061627291652
 20
71.53965077699149
 30
0.0
  0
ENDBLK
  5
44B
330
43F
100
AcDbEntity
  8
0
100
AcDbBlockEnd
  0
BLOCK
  5
44D
330
44C
100
AcDbEntity
  8
0
100
AcDbBlockBegin
  2
*D33
 70
     1
 10
0.0
 20
0.0
 30
0.0
  3
*D33
  1

  0
LINE
  5
44E
330
44C
100
AcDbEntity
  8
COTAS
440
 16777216
370
    -2
100
AcDbLine
 10
79.70061627291632
 20
72.43314732625188
 30
0.0
 11
79.37493877994507
 21
72.43314732625188
 31
0.0
  0
LINE
  5
44F
330
44C
100
AcDbEntity
  8
COTAS
440
 16777216
370
    -2
100
AcDbLine
 10
79.70061627291632
 20
76.08314732625129
 30
0.0
 11
79.37493877994507
 21
76.08314732625129
 31
0.0
  0
LINE
  5
450
330
44C
100
AcDbEntity
  8
COTAS
440
 16777216
370
    -2
100
AcDbLine
 10
79.47493877994507
 20
72.28314732625188
 30
0.0
 11
79.47493877994507
 21
73.96281990469633
 31
0.0
  0
LINE
  5
451
330
44C
100
AcDbEntity
  8
COTAS
440
 16777216
370
    -2
100
AcDbLine
 10
79.47493877994507
 20
76.2331473262513
 30
0.0
 11
79.47493877994507
 21
74.55347474780684
 31
0.0
  0
INSERT
  5
452
330
44C
100
AcDbEntity
  8
COTAS
440
 16777216
370
    -2
100
AcDbBlockReference
  2
_ArchTick
 10
79.47493877994507
 20
72.43314732625188
 30
0.0
 41
0.1
 42
0.1
 43
0.1
 50
270.0
  0
INSERT
  5
453
330
44C
100
AcDbEntity
  8
COTAS
440
 16777216
370
    -2
100
AcDbBlockReference
  2
_ArchTick
 10
79.47493877994507
 20
76.08314732625129
 30
0.0
 41
0.1
 42
0.1
 43
0.1
 50
90.0
  0
MTEXT
  5
454
330
44C
100
AcDbEntity
  8
COTAS
440
 16777216
100
AcDbMText
 10
79.47493877994507
 20
74.25814732625156
 30
0.0
 40
0.15
 41
0.0
 46
0.0
 71
     5
 72
     1
  1
\A1;3.65
 11
0.0000000000000001
 21
1.0
 31
0.0
 73
     1
 44
1.0
  0
POINT
  5
455
330
44C
100
AcDbEntity
  8
Defpoints
 62
     0
440
 16777216
100
AcDbPoint
 10
79.90061627291632
 20
72.43314732625188
 30
0.0
  0
POINT
  5
456
330
44C
100
AcDbEntity
  8
Defpoints
 62
     0
440
 16777216
100
AcDbPoint
 10
79.90061627291632
 20
76.08314732625129
 30
0.0
  0
POINT
  5
457
330
44C
100
AcDbEntity
  8
Defpoints
 62
     0
440
 16777216
100
AcDbPoint
 10
79.47493877994507
 20
76.08314732625129
 30
0.0
  0
ENDBLK
  5
458
330
44C
100
AcDbEntity
  8
0
100
AcDbBlockEnd
  0
BLOCK
  5
45A
330
459
100
AcDbEntity
  8
0
100
AcDbBlockBegin
  2
*D34
 70
     1
 10
0.0
 20
0.0
 30
0.0
  3
*D34
  1

  0
LINE
  5
45B
330
459
100
AcDbEntity
  8
COTAS
440
 16777216
370
    -2
100
AcDbLine
 10
30.20061627751374
 20
75.17480487047627
 30
0.0
 11
30.20061627751374
 21
74.43650193975114
 31
0.0
  0
LINE
  5
45C
330
459
100
AcDbEntity
  8
COTAS
440
 16777216
370
    -2
100
AcDbLine
 10
29.30060599163676
 20
76.03314732625135
 30
0.0
 11
29.30060599163676
 21
74.43650193975114
 31
0.0
  0
LINE
  5
45D
330
459
100
AcDbEntity
  8
COTAS
440
 16777216
370
    -2
100
AcDbLine
 10
30.35061627751375
 20
74.53650193975113
 30
0.0
 11
30.04517116186038
 21
74.53650193975113
 31
0.0
  0
LINE
  5
45E
330
459
100
AcDbEntity
  8
COTAS
440
 16777216
370
    -2
100
AcDbLine
 10
29.15060599163676
 20
74.53650193975113
 30
0.0
 11
29.45605110729012
 21
74.53650193975113
 31
0.0
  0
INSERT
  5
45F
330
459
100
AcDbEntity
  8
COTAS
440
 16777216
370
    -2
100
AcDbBlockReference
  2
_ArchTick
 10
30.20061627751374
 20
74.53650193975113
 30
0.0
 41
0.1
 42
0.1
 43
0.1
  0
INSERT
  5
460
330
459
100
AcDbEntity
  8
COTAS
440
 16777216
370
    -2
100
AcDbBlockReference
  2
_ArchTick
 10
29.30060599163676
 20
74.53650193975113
 30
0.0
 41
0.1
 42
0.1
 43
0.1
 50
180.0
  0
MTEXT
  5
461
330
459
100
AcDbEntity
  8
COTAS
440
 16777216
100
AcDbMText
 10
29.75061113457525
 20
74.53650193975113
 30
0.0
 40
0.15
 41
0.0
 46
0.0
 71
     5
 72
     1
  1
\A1;0.90
 73
     1
 44
1.0
  0
POINT
  5
462
330
459
100
AcDbEntity
  8
Defpoints
 62
     0
440
 16777216
100
AcDbPoint
 10
30.20061627751374
 20
75.37480487047628
 30
0.0
  0
POINT
  5
463
330
459
100
AcDbEntity
  8
Defpoints
 62
     0
440
 16777216
100
AcDbPoint
 10
29.30060599163676
 20
76.23314732625136
 30
0.0
  0
POINT
  5
464
330
459
100
AcDbEntity
  8
Defpoints
 62
     0
440
 16777216
100
AcDbPoint
 10
29.30060599163676
 20
74.53650193975113
 30
0.0
  0
ENDBLK
  5
465
330
459
100
AcDbEntity
  8
0
100
AcDbBlockEnd
  0
BLOCK
  5
467
330
466
100
AcDbEntity
  8
0
100
AcDbBlockBegin
  2
*D35
 70
     1
 10
0.0
 20
0.0
 30
0.0
  3
*D35
  1

  0
LINE
  5
468
330
466
100
AcDbEntity
  8
COTAS
440
 16777216
370
    -2
100
AcDbLine
 10
72.8006162729113
 20
68.63314732624442
 30
0.0
 11
73.20951993560028
 21
68.63314732624442
 31
0.0
  0
LINE
  5
469
330
466
100
AcDbEntity
  8
COTAS
440
 16777216
370
    -2
100
AcDbLine
 10
72.60061627291148
 20
79.53314732625088
 30
0.0
 11
73.20951993560028
 21
79.53314732625088
 31
0.0
  0
LINE
  5
46A
330
466
100
AcDbEntity
  8
COTAS
440
 16777216
370
    -2
100
AcDbLine
 10
73.10951993560029
 20
68.48314732624442
 30
0.0
 11
73.10951993560029
 21
73.73737652133633
 31
0.0
  0
LINE
  5
46B
330
466
100
AcDbEntity
  8
COTAS
440
 16777216
370
    -2
100
AcDbLine
 10
73.10951993560029
 20
79.68314732625088
 30
0.0
 11
73.10951993560029
 21
74.42891813115898
 31
0.0
  0
INSERT
  5
46C
330
466
100
AcDbEntity
  8
COTAS
440
 16777216
370
    -2
100
AcDbBlockReference
  2
_ArchTick
 10
73.10951993560029
 20
68.63314732624442
 30
0.0
 41
0.1
 42
0.1
 43
0.1
 50
270.0
  0
INSERT
  5
46D
330
466
100
AcDbEntity
  8
COTAS
440
 16777216
370
    -2
100
AcDbBlockReference
  2
_ArchTick
 10
73.10951993560029
 20
79.53314732625088
 30
0.0
 41
0.1
 42
0.1
 43
0.1
 50
90.0
  0
MTEXT
  5
46E
330
466
100
AcDbEntity
  8
COTAS
440
 16777216
100
AcDbMText
 10
73.10951993560029
 20
74.08314732624763
 30
0.0
 40
0.15
 41
0.0
 46
0.0
 71
     5
 72
     1
  1
\A1;10.90
 11
0.0000000000000001
 21
1.0
 31
0.0
 73
     1
 44
1.0
  0
POINT
  5
46F
330
466
100
AcDbEntity
  8
Defpoints
 62
     0
440
 16777216
100
AcDbPoint
 10
72.60061627291129
 20
68.63314732624442
 30
0.0
  0
POINT
  5
470
330
466
100
AcDbEntity
  8
Defpoints
 62
     0
440
 16777216
100
AcDbPoint
 10
72.40061627291147
 20
79.53314732625088
 30
0.0
  0
POINT
  5
471
330
466
100
AcDbEntity
  8
Defpoints
 62
     0
440
 16777216
100
AcDbPoint
 10
73.10951993560029
 20
79.53314732625088
 30
0.0
  0
ENDBLK
  5
472
330
466
100
AcDbEntity
  8
0
100
AcDbBlockEnd
  0
BLOCK
  5
474
330
473
100
AcDbEntity
  8
0
100
AcDbBlockBegin
  2
*D36
 70
     1
 10
0.0
 20
0.0
 30
0.0
  3
*D36
  1

  0
LINE
  5
475
330
473
100
AcDbEntity
  8
COTAS
440
 16777216
370
    -2
100
AcDbLine
 10
58.00060599162657
 20
79.53314732625088
 30
0.0
 11
57.43217651658612
 21
79.53314732625088
 31
0.0
  0
LINE
  5
476
330
473
100
AcDbEntity
  8
COTAS
440
 16777216
370
    -2
100
AcDbLine
 10
58.0006059916268
 20
87.53314732625064
 30
0.0
 11
57.43217651658611
 21
87.53314732625064
 31
0.0
  0
LINE
  5
477
330
473
100
AcDbEntity
  8
COTAS
440
 16777216
370
    -2
100
AcDbLine
 10
57.53217651658612
 20
79.38314732625087
 30
0.0
 11
57.53217651658612
 21
83.23848497972962
 31
0.0
  0
LINE
  5
478
330
473
100
AcDbEntity
  8
COTAS
440
 16777216
370
    -2
100
AcDbLine
 10
57.53217651658612
 20
87.68314732625064
 30
0.0
 11
57.53217651658612
 21
83.82780967277192
 31
0.0
  0
INSERT
  5
479
330
473
100
AcDbEntity
  8
COTAS
440
 16777216
370
    -2
100
AcDbBlockReference
  2
_ArchTick
 10
57.53217651658612
 20
79.53314732625088
 30
0.0
 41
0.1
 42
0.1
 43
0.1
 50
270.0
  0
INSERT
  5
47A
330
473
100
AcDbEntity
  8
COTAS
440
 16777216
370
    -2
100
AcDbBlockReference
  2
_ArchTick
 10
57.53217651658612
 20
87.53314732625064
 30
0.0
 41
0.1
 42
0.1
 43
0.1
 50
90.0
  0
MTEXT
  5
47B
330
473
100
AcDbEntity
  8
COTAS
440
 16777216
100
AcDbMText
 10
57.53217651658613
 20
83.53314732625074
 30
0.0
 40
0.15
 41
0.0
 46
0.0
 71
     5
 72
     1
  1
\A1;8.00
 11
0.0000000000000001
 21
1.0
 31
0.0
 73
     1
 44
1.0
  0
POINT
  5
47C
330
473
100
AcDbEntity
  8
Defpoints
 62
     0
440
 16777216
100
AcDbPoint
 10
58.20060599162657
 20
79.53314732625088
 30
0.0
  0
POINT
  5
47D
330
473
100
AcDbEntity
  8
Defpoints
 62
     0
440
 16777216
100
AcDbPoint
 10
58.2006059916268
 20
87.53314732625064
 30
0.0
  0
POINT
  5
47E
330
473
100
AcDbEntity
  8
Defpoints
 62
     0
440
 16777216
100
AcDbPoint
 10
57.53217651658612
 20
87.53314732625064
 30
0.0
  0
ENDBLK
  5
47F
330
473
100
AcDbEntity
  8
0
100
AcDbBlockEnd
  0
BLOCK
  5
481
330
480
100
AcDbEntity
  8
0
100
AcDbBlockBegin
  2
*D37
 70
     1
 10
0.0
 20
0.0
 30
0.0
  3
*D37
  1

  0
LINE
  5
482
330
480
100
AcDbEntity
  8
COTAS
440
 16777216
370
    -2
100
AcDbLine
 10
27.80060599163699
 20
83.63367903101488
 30
0.0
 11
27.80060599163699
 21
83.87961509317127
 31
0.0
  0
LINE
  5
483
330
480
100
AcDbEntity
  8
COTAS
440
 16777216
370
    -2
100
AcDbLine
 10
29.30060599163699
 20
83.63280352132546
 30
0.0
 11
29.30060599163699
 21
83.87961509317127
 31
0.0
  0
LINE
  5
484
330
480
100
AcDbEntity
  8
COTAS
440
 16777216
370
    -2
100
AcDbLine
 10
27.65060599163699
 20
83.77961509317128
 30
0.0
 11
28.26310599163699
 21
83.77961509317128
 31
0.0
  0
LINE
  5
485
330
480
100
AcDbEntity
  8
COTAS
440
 16777216
370
    -2
100
AcDbLine
 10
29.45060599163698
 20
83.77961509317128
 30
0.0
 11
28.83810599163698
 21
83.77961509317128
 31
0.0
  0
INSERT
  5
486
330
480
100
AcDbEntity
  8
COTAS
440
 16777216
370
    -2
100
AcDbBlockReference
  2
_ArchTick
 10
27.80060599163699
 20
83.77961509317128
 30
0.0
 41
0.1
 42
0.1
 43
0.1
 50
180.0
  0
INSERT
  5
487
330
480
100
AcDbEntity
  8
COTAS
440
 16777216
370
    -2
100
AcDbBlockReference
  2
_ArchTick
 10
29.30060599163699
 20
83.77961509317128
 30
0.0
 41
0.1
 42
0.1
 43
0.1
  0
MTEXT
  5
488
330
480
100
AcDbEntity
  8
COTAS
440
 16777216
100
AcDbMText
 10
28.55060599163699
 20
83.77961509317128
 30
0.0
 40
0.15
 41
0.0
 46
0.0
 71
     5
 72
     1
  1
\A1;1.50
 73
     1
 44
1.0
  0
POINT
  5
489
330
480
100
AcDbEntity
  8
Defpoints
 62
     0
440
 16777216
100
AcDbPoint
 10
27.80060599163699
 20
83.43367903101489
 30
0.0
  0
POINT
  5
48A
330
480
100
AcDbEntity
  8
Defpoints
 62
     0
440
 16777216
100
AcDbPoint
 10
29.30060599163699
 20
83.43280352132547
 30
0.0
  0
POINT
  5
48B
330
480
100
AcDbEntity
  8
Defpoints
 62
     0
440
 16777216
100
AcDbPoint
 10
29.30060599163699
 20
83.77961509317128
 30
0.0
  0
ENDBLK
  5
48C
330
480
100
AcDbEntity
  8
0
100
AcDbBlockEnd
  0
BLOCK
  5
48E
330
48D
100
AcDbEntity
  8
0
100
AcDbBlockBegin
  2
*D38
 70
     1
 10
0.0
 20
0.0
 30
0.0
  3
*D38
  1

  0
LINE
  5
48F
330
48D
100
AcDbEntity
  8
COTAS
440
 16777216
370
    -2
100
AcDbLine
 10
27.600605991637
 20
83.43367903101492
 30
0.0
 11
27.2373830721969
 21
83.43367903101492
 31
0.0
  0
LINE
  5
490
330
48D
100
AcDbEntity
  8
COTAS
440
 16777216
370
    -2
100
AcDbLine
 10
27.600605991637
 20
76.23314778516308
 30
0.0
 11
27.2373830721969
 21
76.23314778516308
 31
0.0
  0
LINE
  5
491
330
48D
100
AcDbEntity
  8
COTAS
440
 16777216
370
    -2
100
AcDbLine
 10
27.3373830721969
 20
83.58367903101493
 30
0.0
 11
27.3373830721969
 21
80.12735951995804
 31
0.0
  0
LINE
  5
492
330
48D
100
AcDbEntity
  8
COTAS
440
 16777216
370
    -2
100
AcDbLine
 10
27.3373830721969
 20
76.08314778516308
 30
0.0
 11
27.3373830721969
 21
79.53946729621996
 31
0.0
  0
INSERT
  5
493
330
48D
100
AcDbEntity
  8
COTAS
440
 16777216
370
    -2
100
AcDbBlockReference
  2
_ArchTick
 10
27.3373830721969
 20
83.43367903101492
 30
0.0
 41
0.1
 42
0.1
 43
0.1
 50
90.0
  0
INSERT
  5
494
330
48D
100
AcDbEntity
  8
COTAS
440
 16777216
370
    -2
100
AcDbBlockReference
  2
_ArchTick
 10
27.3373830721969
 20
76.23314778516308
 30
0.0
 41
0.1
 42
0.1
 43
0.1
 50
270.0
  0
MTEXT
  5
495
330
48D
100
AcDbEntity
  8
COTAS
440
 16777216
100
AcDbMText
 10
27.33738307219692
 20
79.83341340808898
 30
0.0
 40
0.15
 41
0.0
 46
0.0
 71
     5
 72
     1
  1
\A1;7.20
 11
0.0000000000000001
 21
1.0
 31
0.0
 73
     1
 44
1.0
  0
POINT
  5
496
330
48D
100
AcDbEntity
  8
Defpoints
 62
     0
440
 16777216
100
AcDbPoint
 10
27.800605991637
 20
83.43367903101492
 30
0.0
  0
POINT
  5
497
330
48D
100
AcDbEntity
  8
Defpoints
 62
     0
440
 16777216
100
AcDbPoint
 10
27.800605991637
 20
76.23314778516308
 30
0.0
  0
POINT
  5
498
330
48D
100
AcDbEntity
  8
Defpoints
 62
     0
440
 16777216
100
AcDbPoint
 10
27.3373830721969
 20
76.23314778516308
 30
0.0
  0
ENDBLK
  5
499
330
48D
100
AcDbEntity
  8
0
100
AcDbBlockEnd
  0
BLOCK
  5
49B
330
49A
100
AcDbEntity
  8
0
100
AcDbBlockBegin
  2
*D39
 70
     1
 10
0.0
 20
0.0
 30
0.0
  3
*D39
  1

  0
LINE
  5
49C
330
49A
100
AcDbEntity
  8
COTAS
440
 16777216
370
    -2
100
AcDbLine
 10
30.20061627751374
 20
75.17480487047627
 30
0.0
 11
30.20061627751374
 21
74.43650193975114
 31
0.0
  0
LINE
  5
49D
330
49A
100
AcDbEntity
  8
COTAS
440
 16777216
370
    -2
100
AcDbLine
 10
36.59275599348348
 20
75.17480487047627
 30
0.0
 11
36.59275599348348
 21
74.43650193975114
 31
0.0
  0
LINE
  5
49E
330
49A
100
AcDbEntity
  8
COTAS
440
 16777216
370
    -2
100
AcDbLine
 10
30.05061627751375
 20
74.53650193975113
 30
0.0
 11
33.10130755432535
 21
74.53650193975113
 31
0.0
  0
LINE
  5
49F
330
49A
100
AcDbEntity
  8
COTAS
440
 16777216
370
    -2
100
AcDbLine
 10
36.74275599348348
 20
74.53650193975113
 30
0.0
 11
33.69206471667187
 21
74.53650193975113
 31
0.0
  0
INSERT
  5
4A0
330
49A
100
AcDbEntity
  8
COTAS
440
 16777216
370
    -2
100
AcDbBlockReference
  2
_ArchTick
 10
30.20061627751374
 20
74.53650193975113
 30
0.0
 41
0.1
 42
0.1
 43
0.1
 50
180.0
  0
INSERT
  5
4A1
330
49A
100
AcDbEntity
  8
COTAS
440
 16777216
370
    -2
100
AcDbBlockReference
  2
_ArchTick
 10
36.59275599348348
 20
74.53650193975113
 30
0.0
 41
0.1
 42
0.1
 43
0.1
  0
MTEXT
  5
4A2
330
49A
100
AcDbEntity
  8
COTAS
440
 16777216
100
AcDbMText
 10
33.39668613549861
 20
74.53650193975113
 30
0.0
 40
0.15
 41
0.0
 46
0.0
 71
     5
 72
     1
  1
\A1;6.39
 73
     1
 44
1.0
  0
POINT
  5
4A3
330
49A
100
AcDbEntity
  8
Defpoints
 62
     0
440
 16777216
100
AcDbPoint
 10
30.20061627751374
 20
75.37480487047628
 30
0.0
  0
POINT
  5
4A4
330
49A
100
AcDbEntity
  8
Defpoints
 62
     0
440
 16777216
100
AcDbPoint
 10
36.59275599348348
 20
75.37480487047628
 30
0.0
  0
POINT
  5
4A5
330
49A
100
AcDbEntity
  8
Defpoints
 62
     0
440
 16777216
100
AcDbPoint
 10
36.59275599348348
 20
74.53650193975113
 30
0.0
  0
ENDBLK
  5
4A6
330
49A
100
AcDbEntity
  8
0
100
AcDbBlockEnd
  0
BLOCK
  5
4A8
330
4A7
100
AcDbEntity
  8
0
100
AcDbBlockBegin
  2
*D40
 70
     1
 10
0.0
 20
0.0
 30
0.0
  3
*D40
  1

  0
LINE
  5
4A9
330
4A7
100
AcDbEntity
  8
COTAS
440
 16777216
370
    -2
100
AcDbLine
 10
40.40847655650828
 20
75.17480487047627
 30
0.0
 11
40.40847655650828
 21
74.43650193975111
 31
0.0
  0
LINE
  5
4AA
330
4A7
100
AcDbEntity
  8
COTAS
440
 16777216
370
    -2
100
AcDbLine
 10
48.30720094069785
 20
75.26056396930065
 30
0.0
 11
48.30720094069785
 21
74.43650193975111
 31
0.0
  0
LINE
  5
4AB
330
4A7
100
AcDbEntity
  8
COTAS
440
 16777216
370
    -2
100
AcDbLine
 10
40.25847655650827
 20
74.53650193975111
 30
0.0
 11
44.06389263673403
 21
74.53650193975111
 31
0.0
  0
LINE
  5
4AC
330
4A7
100
AcDbEntity
  8
COTAS
440
 16777216
370
    -2
100
AcDbLine
 10
48.45720094069784
 20
74.53650193975111
 30
0.0
 11
44.65178486047209
 21
74.53650193975111
 31
0.0
  0
INSERT
  5
4AD
330
4A7
100
AcDbEntity
  8
COTAS
440
 16777216
370
    -2
100
AcDbBlockReference
  2
_ArchTick
 10
40.40847655650828
 20
74.53650193975111
 30
0.0
 41
0.1
 42
0.1
 43
0.1
 50
180.0
  0
INSERT
  5
4AE
330
4A7
100
AcDbEntity
  8
COTAS
440
 16777216
370
    -2
100
AcDbBlockReference
  2
_ArchTick
 10
48.30720094069785
 20
74.53650193975111
 30
0.0
 41
0.1
 42
0.1
 43
0.1
  0
MTEXT
  5
4AF
330
4A7
100
AcDbEntity
  8
COTAS
440
 16777216
100
AcDbMText
 10
44.35783874860305
 20
74.53650193975111
 30
0.0
 40
0.15
 41
0.0
 46
0.0
 71
     5
 72
     1
  1
\A1;7.90
 73
     1
 44
1.0
  0
POINT
  5
4B0
330
4A7
100
AcDbEntity
  8
Defpoints
 62
     0
440
 16777216
100
AcDbPoint
 10
40.40847655650828
 20
75.37480487047628
 30
0.0
  0
POINT
  5
4B1
330
4A7
100
AcDbEntity
  8
Defpoints
 62
     0
440
 16777216
100
AcDbPoint
 10
48.30720094069785
 20
75.46056396930065
 30
0.0
  0
POINT
  5
4B2
330
4A7
100
AcDbEntity
  8
Defpoints
 62
     0
440
 16777216
100
AcDbPoint
 10
48.30720094069785
 20
74.53650193975111
 30
0.0
  0
ENDBLK
  5
4B3
330
4A7
100
AcDbEntity
  8
0
100
AcDbBlockEnd
  0
BLOCK
  5
4B5
330
4B4
100
AcDbEntity
  8
0
100
AcDbBlockBegin
  2
*D41
 70
     1
 10
0.0
 20
0.0
 30
0.0
  3
*D41
  1

  0
LINE
  5
4B6
330
4B4
100
AcDbEntity
  8
COTAS
440
 16777216
370
    -2
100
AcDbLine
 10
48.52272845625019
 20
75.37480487047506
 30
0.0
 11
48.80159025455911
 21
75.37480487047506
 31
0.0
  0
LINE
  5
4B7
330
4B4
100
AcDbEntity
  8
COTAS
440
 16777216
370
    -2
100
AcDbLine
 10
48.52272845625019
 20
76.23314732624905
 30
0.0
 11
48.80159025455911
 21
76.23314732624905
 31
0.0
  0
LINE
  5
4B8
330
4B4
100
AcDbEntity
  8
COTAS
440
 16777216
370
    -2
100
AcDbLine
 10
48.70159025455911
 20
75.22480487047506
 30
0.0
 11
48.70159025455911
 21
75.5092114326049
 31
0.0
  0
LINE
  5
4B9
330
4B4
100
AcDbEntity
  8
COTAS
440
 16777216
370
    -2
100
AcDbLine
 10
48.70159025455911
 20
76.38314732624905
 30
0.0
 11
48.70159025455911
 21
76.09874076411921
 31
0.0
  0
INSERT
  5
4BA
330
4B4
100
AcDbEntity
  8
COTAS
440
 16777216
370
    -2
100
AcDbBlockReference
  2
_ArchTick
 10
48.70159025455911
 20
75.37480487047506
 30
0.0
 41
0.1
 42
0.1
 43
0.1
 50
270.0
  0
INSERT
  5
4BB
330
4B4
100
AcDbEntity
  8
COTAS
440
 16777216
370
    -2
100
AcDbBlockReference
  2
_ArchTick
 10
48.70159025455911
 20
76.23314732624905
 30
0.0
 41
0.1
 42
0.1
 43
0.1
 50
90.0
  0
MTEXT
  5
4BC
330
4B4
100
AcDbEntity
  8
COTAS
440
 16777216
100
AcDbMText
 10
48.70159025455912
 20
75.80397609836203
 30
0.0
 40
0.15
 41
0.0
 46
0.0
 71
     5
 72
     1
  1
\A1;0.86
 11
0.0000000000000001
 21
1.0
 31
0.0
 73
     1
 44
1.0
  0
POINT
  5
4BD
330
4B4
100
AcDbEntity
  8
Defpoints
 62
     0
440
 16777216
100
AcDbPoint
 10
48.32272845625019
 20
75.37480487047506
 30
0.0
  0
POINT
  5
4BE
330
4B4
100
AcDbEntity
  8
Defpoints
 62
     0
440
 16777216
100
AcDbPoint
 10
48.32272845625019
 20
76.23314732624905
 30
0.0
  0
POINT
  5
4BF
330
4B4
100
AcDbEntity
  8
Defpoints
 62
     0
440
 16777216
100
AcDbPoint
 10
48.70159025455911
 20
76.23314732624905
 30
0.0
  0
ENDBLK
  5
4C0
330
4B4
100
AcDbEntity
  8
0
100
AcDbBlockEnd
  0
BLOCK
  5
AF7
330
AF6
100
AcDbEntity
  8
0
100
AcDbBlockBegin
  2
*D43
 70
     1
 10
0.0
 20
0.0
 30
0.0
  3
*D43
  1

  0
LINE
  5
C07
330
AF6
100
AcDbEntity
  8
COTAS
440
 16777216
370
    -2
100
AcDbLine
 10
70.57100586181118
 20
53.54001732168965
 30
0.0
 11
71.17990952450188
 21
53.54001732168965
 31
0.0
  0
LINE
  5
C08
330
AF6
100
AcDbEntity
  8
COTAS
440
 16777216
370
    -2
100
AcDbLine
 10
70.97100586181126
 20
61.14054902645414
 30
0.0
 11
71.17990952450188
 21
61.14054902645414
 31
0.0
  0
LINE
  5
C09
330
AF6
100
AcDbEntity
  8
COTAS
440
 16777216
370
    -2
100
AcDbLine
 10
71.07990952450188
 20
53.39001732168966
 30
0.0
 11
71.07990952450188
 21
57.0277831740719
 31
0.0
  0
LINE
  5
C0A
330
AF6
100
AcDbEntity
  8
COTAS
440
 16777216
370
    -2
100
AcDbLine
 10
71.07990952450188
 20
61.29054902645414
 30
0.0
 11
71.07990952450188
 21
57.6527831740719
 31
0.0
  0
INSERT
  5
C0B
330
AF6
100
AcDbEntity
  8
COTAS
440
 16777216
370
    -2
100
AcDbBlockReference
  2
_ArchTick
 10
71.07990952450188
 20
53.54001732168965
 30
0.0
 41
0.1
 42
0.1
 43
0.1
 50
270.0
  0
INSERT
  5
C0C
330
AF6
100
AcDbEntity
  8
COTAS
440
 16777216
370
    -2
100
AcDbBlockReference
  2
_ArchTick
 10
71.07990952450188
 20
61.14054902645414
 30
0.0
 41
0.1
 42
0.1
 43
0.1
 50
90.0
  0
MTEXT
  5
C0D
330
AF6
100
AcDbEntity
  8
COTAS
440
 16777216
100
AcDbMText
 10
71.07990952450188
 20
57.34028317407187
 30
0.0
 40
0.15
 41
0.0
 46
0.0
 71
     5
 72
     1
  1
\A1;7.60
 11
0.0000000000000001
 21
1.0
 31
0.0
 73
     1
 44
1.0
  0
POINT
  5
C0E
330
AF6
100
AcDbEntity
  8
Defpoints
 62
     0
440
 16777216
100
AcDbPoint
 10
70.37100586181117
 20
53.54001732168965
 30
0.0
  0
POINT
  5
C0F
330
AF6
100
AcDbEntity
  8
Defpoints
 62
     0
440
 16777216
100
AcDbPoint
 10
70.77100586181126
 20
61.14054902645414
 30
0.0
  0
POINT
  5
C10
330
AF6
100
AcDbEntity
  8
Defpoints
 62
     0
440
 16777216
100
AcDbPoint
 10
71.07990952450188
 20
61.14054902645414
 30
0.0
  0
ENDBLK
  5
AF8
330
AF6
100
AcDbEntity
  8
0
100
AcDbBlockEnd
  0
BLOCK
  5
B04
330
B03
100
AcDbEntity
  8
0
100
AcDbBlockBegin
  2
*D44
 70
     1
 10
0.0
 20
0.0
 30
0.0
  3
*D44
  1

  0
LINE
  5
C5F
330
B03
100
AcDbEntity
  8
COTAS
440
 16777216
370
    -2
100
AcDbLine
 10
56.363155863657
 20
49.18167486591524
 30
0.0
 11
56.363155863657
 21
48.44337193519007
 31
0.0
  0
LINE
  5
C60
330
B03
100
AcDbEntity
  8
COTAS
440
 16777216
370
    -2
100
AcDbLine
 10
60.17887642668179
 20
49.18167486591524
 30
0.0
 11
60.17887642668179
 21
48.44337193519007
 31
0.0
  0
LINE
  5
C61
330
B03
100
AcDbEntity
  8
COTAS
440
 16777216
370
    -2
100
AcDbLine
 10
56.213155863657
 20
48.54337193519008
 30
0.0
 11
57.94601614516939
 21
48.54337193519008
 31
0.0
  0
LINE
  5
C62
330
B03
100
AcDbEntity
  8
COTAS
440
 16777216
370
    -2
100
AcDbLine
 10
60.32887642668179
 20
48.54337193519008
 30
0.0
 11
58.5960161451694
 21
48.54337193519008
 31
0.0
  0
INSERT
  5
C63
330
B03
100
AcDbEntity
  8
COTAS
440
 16777216
370
    -2
100
AcDbBlockReference
  2
_ArchTick
 10
56.363155863657
 20
48.54337193519008
 30
0.0
 41
0.1
 42
0.1
 43
0.1
 50
180.0
  0
INSERT
  5
C64
330
B03
100
AcDbEntity
  8
COTAS
440
 16777216
370
    -2
100
AcDbBlockReference
  2
_ArchTick
 10
60.17887642668179
 20
48.54337193519008
 30
0.0
 41
0.1
 42
0.1
 43
0.1
  0
MTEXT
  5
C65
330
B03
100
AcDbEntity
  8
COTAS
440
 16777216
100
AcDbMText
 10
58.2710161451694
 20
48.54337193519008
 30
0.0
 40
0.15
 41
0.0
 46
0.0
 71
     5
 72
     1
  1
\A1;3.82
 73
     1
 44
1.0
  0
POINT
  5
C66
330
B03
100
AcDbEntity
  8
Defpoints
 62
     0
440
 16777216
100
AcDbPoint
 10
56.363155863657
 20
49.38167486591525
 30
0.0
  0
POINT
  5
C67
330
B03
100
AcDbEntity
  8
Defpoints
 62
     0
440
 16777216
100
AcDbPoint
 10
60.17887642668179
 20
49.38167486591525
 30
0.0
  0
POINT
  5
C68
330
B03
100
AcDbEntity
  8
Defpoints
 62
     0
440
 16777216
100
AcDbPoint
 10
60.17887642668179
 20
48.54337193519008
 30
0.0
  0
ENDBLK
  5
B05
330
B03
100
AcDbEntity
  8
0
100
AcDbBlockEnd
  0
BLOCK
  5
B11
330
B10
100
AcDbEntity
  8
0
100
AcDbBlockBegin
  2
*D45
 70
     1
 10
0.0
 20
0.0
 30
0.0
  3
*D45
  1

  0
LINE
  5
C69
330
B10
100
AcDbEntity
  8
COTAS
440
 16777216
370
    -2
100
AcDbLine
 10
68.07760081087137
 20
48.34337193519007
 30
0.0
 11
68.07760081087137
 21
48.44337193518905
 31
0.0
  0
LINE
  5
C6A
330
B10
100
AcDbEntity
  8
COTAS
440
 16777216
370
    -2
100
AcDbLine
 10
70.56305668730146
 20
48.74337193518907
 30
0.0
 11
70.56305668730146
 21
48.64337193518908
 31
0.0
  0
LINE
  5
C6B
330
B10
100
AcDbEntity
  8
COTAS
440
 16777216
370
    -2
100
AcDbLine
 10
67.92760081087137
 20
48.54337193518905
 30
0.0
 11
68.99532874908643
 21
48.54337193518905
 31
0.0
  0
LINE
  5
C6C
330
B10
100
AcDbEntity
  8
COTAS
440
 16777216
370
    -2
100
AcDbLine
 10
70.71305668730147
 20
48.54337193518905
 30
0.0
 11
69.64532874908643
 21
48.54337193518905
 31
0.0
  0
INSERT
  5
C6D
330
B10
100
AcDbEntity
  8
COTAS
440
 16777216
370
    -2
100
AcDbBlockReference
  2
_ArchTick
 10
68.07760081087137
 20
48.54337193518905
 30
0.0
 41
0.1
 42
0.1
 43
0.1
 50
180.0
  0
INSERT
  5
C6E
330
B10
100
AcDbEntity
  8
COTAS
440
 16777216
370
    -2
100
AcDbBlockReference
  2
_ArchTick
 10
70.56305668730146
 20
48.54337193518905
 30
0.0
 41
0.1
 42
0.1
 43
0.1
  0
MTEXT
  5
C6F
330
B10
100
AcDbEntity
  8
COTAS
440
 16777216
100
AcDbMText
 10
69.32032874908642
 20
48.54337193518905
 30
0.0
 40
0.15
 41
0.0
 46
0.0
 71
     5
 72
     1
  1
\A1;2.49
 73
     1
 44
1.0
  0
POINT
  5
C70
330
B10
100
AcDbEntity
  8
Defpoints
 62
     0
440
 16777216
100
AcDbPoint
 10
68.07760081087137
 20
48.54337193519008
 30
0.0
  0
POINT
  5
C71
330
B10
100
AcDbEntity
  8
Defpoints
 62
     0
440
 16777216
100
AcDbPoint
 10
70.56305668730146
 20
48.54337193518906
 30
0.0
  0
POINT
  5
C72
330
B10
100
AcDbEntity
  8
Defpoints
 62
     0
440
 16777216
100
AcDbPoint
 10
70.56305668730146
 20
48.54337193518905
 30
0.0
  0
ENDBLK
  5
B12
330
B10
100
AcDbEntity
  8
0
100
AcDbBlockEnd
  0
BLOCK
  5
B1E
330
B1D
100
AcDbEntity
  8
0
100
AcDbBlockBegin
  2
*D46
 70
     1
 10
0.0
 20
0.0
 30
0.0
  3
*D46
  1

  0
LINE
  5
C80
330
B1D
100
AcDbEntity
  8
COTAS
440
 16777216
370
    -2
100
AcDbLine
 10
49.07100586181027
 20
50.04001732169032
 30
0.0
 11
49.07100586181027
 21
48.44337193519011
 31
0.0
  0
LINE
  5
C81
330
B1D
100
AcDbEntity
  8
COTAS
440
 16777216
370
    -2
100
AcDbLine
 10
47.5710058618105
 20
50.04001778060202
 30
0.0
 11
47.5710058618105
 21
48.44337193519011
 31
0.0
  0
LINE
  5
C82
330
B1D
100
AcDbEntity
  8
COTAS
440
 16777216
370
    -2
100
AcDbLine
 10
49.22100586181027
 20
48.54337193519011
 30
0.0
 11
48.60850586181039
 21
48.54337193519011
 31
0.0
  0
LINE
  5
C83
330
B1D
100
AcDbEntity
  8
COTAS
440
 16777216
370
    -2
100
AcDbLine
 10
47.42100586181051
 20
48.54337193519011
 30
0.0
 11
48.03350586181039
 21
48.54337193519011
 31
0.0
  0
INSERT
  5
C84
330
B1D
100
AcDbEntity
  8
COTAS
440
 16777216
370
    -2
100
AcDbBlockReference
  2
_ArchTick
 10
49.07100586181027
 20
48.54337193519011
 30
0.0
 41
0.1
 42
0.1
 43
0.1
  0
INSERT
  5
C85
330
B1D
100
AcDbEntity
  8
COTAS
440
 16777216
370
    -2
100
AcDbBlockReference
  2
_ArchTick
 10
47.5710058618105
 20
48.54337193519011
 30
0.0
 41
0.1
 42
0.1
 43
0.1
 50
180.0
  0
MTEXT
  5
C86
330
B1D
100
AcDbEntity
  8
COTAS
440
 16777216
100
AcDbMText
 10
48.32100586181039
 20
48.54337193519011
 30
0.0
 40
0.15
 41
0.0
 46
0.0
 71
     5
 72
     1
  1
\A1;1.50
 73
     1
 44
1.0
  0
POINT
  5
C87
330
B1D
100
AcDbEntity
  8
Defpoints
 62
     0
440
 16777216
100
AcDbPoint
 10
49.07100586181027
 20
50.24001732169033
 30
0.0
  0
POINT
  5
C88
330
B1D
100
AcDbEntity
  8
Defpoints
 62
     0
440
 16777216
100
AcDbPoint
 10
47.5710058618105
 20
50.24001778060203
 30
0.0
  0
POINT
  5
C89
330
B1D
100
AcDbEntity
  8
Defpoints
 62
     0
440
 16777216
100
AcDbPoint
 10
47.5710058618105
 20
48.54337193519011
 30
0.0
  0
ENDBLK
  5
B1F
330
B1D
100
AcDbEntity
  8
0
100
AcDbBlockEnd
  0
BLOCK
  5
B2B
330
B2A
100
AcDbEntity
  8
0
100
AcDbBlockBegin
  2
*D47
 70
     1
 10
0.0
 20
0.0
 30
0.0
  3
*D47
  1

  0
LINE
  5
C8A
330
B2A
100
AcDbEntity
  8
COTAS
440
 16777216
370
    -2
100
AcDbLine
 10
48.84682312369266
 20
57.43968763157883
 30
0.0
 11
47.00778294237045
 21
57.43968763157882
 31
0.0
  0
LINE
  5
C8B
330
B2A
100
AcDbEntity
  8
COTAS
440
 16777216
370
    -2
100
AcDbLine
 10
48.87100586181031
 20
61.14054902645414
 30
0.0
 11
47.00778294237045
 21
61.14054902645413
 31
0.0
  0
LINE
  5
C8C
330
B2A
100
AcDbEntity
  8
COTAS
440
 16777216
370
    -2
100
AcDbLine
 10
47.10778294237046
 20
57.28968763157882
 30
0.0
 11
47.10778294237046
 21
58.97761832901648
 31
0.0
  0
LINE
  5
C8D
330
B2A
100
AcDbEntity
  8
COTAS
440
 16777216
370
    -2
100
AcDbLine
 10
47.10778294237046
 20
61.29054902645414
 30
0.0
 11
47.10778294237046
 21
59.60261832901648
 31
0.0
  0
INSERT
  5
C8E
330
B2A
100
AcDbEntity
  8
COTAS
440
 16777216
370
    -2
100
AcDbBlockReference
  2
_ArchTick
 10
47.10778294237046
 20
57.43968763157882
 30
0.0
 41
0.1
 42
0.1
 43
0.1
 50
270.0
  0
INSERT
  5
C8F
330
B2A
100
AcDbEntity
  8
COTAS
440
 16777216
370
    -2
100
AcDbBlockReference
  2
_ArchTick
 10
47.10778294237046
 20
61.14054902645413
 30
0.0
 41
0.1
 42
0.1
 43
0.1
 50
90.0
  0
MTEXT
  5
C90
330
B2A
100
AcDbEntity
  8
COTAS
440
 16777216
100
AcDbMText
 10
47.10778294237047
 20
59.29011832901646
 30
0.0
 40
0.15
 41
0.0
 46
0.0
 71
     5
 72
     1
  1
\A1;3.70
 11
0.0000000000000001
 21
1.0
 31
0.0
 73
     1
 44
1.0
  0
POINT
  5
C91
330
B2A
100
AcDbEntity
  8
Defpoints
 62
     0
440
 16777216
100
AcDbPoint
 10
49.04682312369266
 20
57.43968763157883
 30
0.0
  0
POINT
  5
C92
330
B2A
100
AcDbEntity
  8
Defpoints
 62
     0
440
 16777216
100
AcDbPoint
 10
49.0710058618103
 20
61.14054902645414
 30
0.0
  0
POINT
  5
C93
330
B2A
100
AcDbEntity
  8
Defpoints
 62
     0
440
 16777216
100
AcDbPoint
 10
47.10778294237046
 20
61.14054902645413
 30
0.0
  0
ENDBLK
  5
B2C
330
B2A
100
AcDbEntity
  8
0
100
AcDbBlockEnd
  0
BLOCK
  5
B38
330
B37
100
AcDbEntity
  8
0
100
AcDbBlockBegin
  2
*D48
 70
     1
 10
0.0
 20
0.0
 30
0.0
  3
*D48
  1

  0
LINE
  5
CA1
330
B37
100
AcDbEntity
  8
COTAS
440
 16777216
370
    -2
100
AcDbLine
 10
77.57455837630928
 20
60.14066424489504
 30
0.0
 11
76.49822599054314
 21
60.14066424489504
 31
0.0
  0
LINE
  5
CA2
330
B37
100
AcDbEntity
  8
COTAS
440
 16777216
370
    -2
100
AcDbLine
 10
77.57100586180742
 20
53.54001732168991
 30
0.0
 11
76.49822599054314
 21
53.54001732168991
 31
0.0
  0
LINE
  5
CA3
330
B37
100
AcDbEntity
  8
COTAS
440
 16777216
370
    -2
100
AcDbLine
 10
76.59822599054312
 20
60.29066424489504
 30
0.0
 11
76.59822599054312
 21
57.15284078329247
 31
0.0
  0
LINE
  5
CA4
330
B37
100
AcDbEntity
  8
COTAS
440
 16777216
370
    -2
100
AcDbLine
 10
76.59822599054312
 20
53.39001732168991
 30
0.0
 11
76.59822599054312
 21
56.52784078329247
 31
0.0
  0
INSERT
  5
CA5
330
B37
100
AcDbEntity
  8
COTAS
440
 16777216
370
    -2
100
AcDbBlockReference
  2
_ArchTick
 10
76.59822599054312
 20
60.14066424489504
 30
0.0
 41
0.1
 42
0.1
 43
0.1
 50
90.0
  0
INSERT
  5
CA6
330
B37
100
AcDbEntity
  8
COTAS
440
 16777216
370
    -2
100
AcDbBlockReference
  2
_ArchTick
 10
76.59822599054312
 20
53.54001732168991
 30
0.0
 41
0.1
 42
0.1
 43
0.1
 50
270.0
  0
MTEXT
  5
CA7
330
B37
100
AcDbEntity
  8
COTAS
440
 16777216
100
AcDbMText
 10
76.59822599054312
 20
56.84034078329244
 30
0.0
 40
0.15
 41
0.0
 46
0.0
 71
     5
 72
     1
  1
\A1;6.60
 11
0.0000000000000001
 21
1.0
 31
0.0
 73
     1
 44
1.0
  0
POINT
  5
CA8
330
B37
100
AcDbEntity
  8
Defpoints
 62
     0
440
 16777216
100
AcDbPoint
 10
77.77455837630928
 20
60.14066424489504
 30
0.0
  0
POINT
  5
CA9
330
B37
100
AcDbEntity
  8
Defpoints
 62
     0
440
 16777216
100
AcDbPoint
 10
77.77100586180742
 20
53.54001732168991
 30
0.0
  0
POINT
  5
CAA
330
B37
100
AcDbEntity
  8
Defpoints
 62
     0
440
 16777216
100
AcDbPoint
 10
76.59822599054312
 20
53.54001732168991
 30
0.0
  0
ENDBLK
  5
B39
330
B37
100
AcDbEntity
  8
0
100
AcDbBlockEnd
  0
BLOCK
  5
B45
330
B44
100
AcDbEntity
  8
0
100
AcDbBlockBegin
  2
*D49
 70
     1
 10
0.0
 20
0.0
 30
0.0
  3
*D49
  1

  0
LINE
  5
CD2
330
B44
100
AcDbEntity
  8
COTAS
440
 16777216
370
    -2
100
AcDbLine
 10
70.5710058618105
 20
62.47068404902345
 30
0.0
 11
70.5710058618105
 21
62.48161243757802
 31
0.0
  0
LINE
  5
CD3
330
B44
100
AcDbEntity
  8
COTAS
440
 16777216
370
    -2
100
AcDbLine
 10
77.77100586180707
 20
62.47068404902464
 30
0.0
 11
77.77100586180707
 21
62.48161243757802
 31
0.0
  0
LINE
  5
CD4
330
B44
100
AcDbEntity
  8
COTAS
440
 16777216
370
    -2
100
AcDbLine
 10
70.42100586181049
 20
62.58161243757802
 30
0.0
 11
73.85850586180879
 21
62.58161243757802
 31
0.0
  0
LINE
  5
CD5
330
B44
100
AcDbEntity
  8
COTAS
440
 16777216
370
    -2
100
AcDbLine
 10
77.92100586180707
 20
62.58161243757802
 30
0.0
 11
74.48350586180879
 21
62.58161243757802
 31
0.0
  0
INSERT
  5
CD6
330
B44
100
AcDbEntity
  8
COTAS
440
 16777216
370
    -2
100
AcDbBlockReference
  2
_ArchTick
 10
70.5710058618105
 20
62.58161243757802
 30
0.0
 41
0.1
 42
0.1
 43
0.1
 50
180.0
  0
INSERT
  5
CD7
330
B44
100
AcDbEntity
  8
COTAS
440
 16777216
370
    -2
100
AcDbBlockReference
  2
_ArchTick
 10
77.77100586180707
 20
62.58161243757802
 30
0.0
 41
0.1
 42
0.1
 43
0.1
  0
MTEXT
  5
CD8
330
B44
100
AcDbEntity
  8
COTAS
440
 16777216
100
AcDbMText
 10
74.17100586180879
 20
62.58161243757802
 30
0.0
 40
0.15
 41
0.0
 46
0.0
 71
     5
 72
     1
  1
\A1;7.20
 73
     1
 44
1.0
  0
POINT
  5
CD9
330
B44
100
AcDbEntity
  8
Defpoints
 62
     0
440
 16777216
100
AcDbPoint
 10
70.5710058618105
 20
62.67068404902346
 30
0.0
  0
POINT
  5
CDA
330
B44
100
AcDbEntity
  8
Defpoints
 62
     0
440
 16777216
100
AcDbPoint
 10
77.77100586180707
 20
62.67068404902465
 30
0.0
  0
POINT
  5
CDB
330
B44
100
AcDbEntity
  8
Defpoints
 62
     0
440
 16777216
100
AcDbPoint
 10
77.77100586180707
 20
62.58161243757802
 30
0.0
  0
ENDBLK
  5
B46
330
B44
100
AcDbEntity
  8
0
100
AcDbBlockEnd
  0
BLOCK
  5
B52
330
B51
100
AcDbEntity
  8
0
100
AcDbBlockBegin
  2
*D50
 70
     1
 10
0.0
 20
0.0
 30
0.0
  3
*D50
  1

  0
LINE
  5
B54
330
B51
100
AcDbEntity
  8
COTAS
440
 16777216
370
    -2
100
AcDbLine
 10
49.07100586181027
 20
61.34054902645412
 30
0.0
 11
49.07100586181027
 21
62.6816124375787
 31
0.0
  0
LINE
  5
B55
330
B51
100
AcDbEntity
  8
COTAS
440
 16777216
370
    -2
100
AcDbLine
 10
70.57100586181118
 20
61.34054902645531
 30
0.0
 11
70.57100586181118
 21
62.6816124375787
 31
0.0
  0
LINE
  5
B56
330
B51
100
AcDbEntity
  8
COTAS
440
 16777216
370
    -2
100
AcDbLine
 10
48.92100586181028
 20
62.58161243757871
 30
0.0
 11
59.45850586181073
 21
62.58161243757871
 31
0.0
  0
LINE
  5
B57
330
B51
100
AcDbEntity
  8
COTAS
440
 16777216
370
    -2
100
AcDbLine
 10
70.72100586181119
 20
62.58161243757871
 30
0.0
 11
60.18350586181073
 21
62.58161243757871
 31
0.0
  0
INSERT
  5
B58
330
B51
100
AcDbEntity
  8
COTAS
440
 16777216
370
    -2
100
AcDbBlockReference
  2
_ArchTick
 10
49.07100586181027
 20
62.58161243757871
 30
0.0
 41
0.1
 42
0.1
 43
0.1
 50
180.0
  0
INSERT
  5
B59
330
B51
100
AcDbEntity
  8
COTAS
440
 16777216
370
    -2
100
AcDbBlockReference
  2
_ArchTick
 10
70.57100586181118
 20
62.58161243757871
 30
0.0
 41
0.1
 42
0.1
 43
0.1
  0
MTEXT
  5
B5A
330
B51
100
AcDbEntity
  8
COTAS
440
 16777216
100
AcDbMText
 10
59.82100586181073
 20
62.58161243757871
 30
0.0
 40
0.15
 41
0.0
 46
0.0
 71
     5
 72
     1
  1
\A1;21.50
 73
     1
 44
1.0
  0
POINT
  5
B5B
330
B51
100
AcDbEntity
  8
Defpoints
 62
     0
440
 16777216
100
AcDbPoint
 10
49.07100586181027
 20
61.14054902645412
 30
0.0
  0
POINT
  5
B5C
330
B51
100
AcDbEntity
  8
Defpoints
 62
     0
440
 16777216
100
AcDbPoint
 10
70.57100586181118
 20
61.14054902645531
 30
0.0
  0
POINT
  5
B5D
330
B51
100
AcDbEntity
  8
Defpoints
 62
     0
440
 16777216
100
AcDbPoint
 10
70.57100586181118
 20
62.58161243757871
 30
0.0
  0
ENDBLK
  5
B53
330
B51
100
AcDbEntity
  8
0
100
AcDbBlockEnd
  0
BLOCK
  5
B5F
330
B5E
100
AcDbEntity
  8
0
100
AcDbBlockBegin
  2
*D51
 70
     1
 10
0.0
 20
0.0
 30
0.0
  3
*D51
  1

  0
LINE
  5
B61
330
B5E
100
AcDbEntity
  8
COTAS
440
 16777216
370
    -2
100
AcDbLine
 10
77.77100586180707
 20
61.34054902645412
 30
0.0
 11
77.77100586180707
 21
62.68161243757754
 31
0.0
  0
LINE
  5
B62
330
B5E
100
AcDbEntity
  8
COTAS
440
 16777216
370
    -2
100
AcDbLine
 10
92.37101614308478
 20
61.74001732168868
 30
0.0
 11
92.37101614308478
 21
62.68161243757754
 31
0.0
  0
LINE
  5
B63
330
B5E
100
AcDbEntity
  8
COTAS
440
 16777216
370
    -2
100
AcDbLine
 10
77.62100586180706
 20
62.58161243757754
 30
0.0
 11
84.70851100244592
 21
62.58161243757754
 31
0.0
  0
LINE
  5
B64
330
B5E
100
AcDbEntity
  8
COTAS
440
 16777216
370
    -2
100
AcDbLine
 10
92.52101614308479
 20
62.58161243757754
 30
0.0
 11
85.43351100244592
 21
62.58161243757754
 31
0.0
  0
INSERT
  5
B65
330
B5E
100
AcDbEntity
  8
COTAS
440
 16777216
370
    -2
100
AcDbBlockReference
  2
_ArchTick
 10
77.77100586180707
 20
62.58161243757754
 30
0.0
 41
0.1
 42
0.1
 43
0.1
 50
180.0
  0
INSERT
  5
B66
330
B5E
100
AcDbEntity
  8
COTAS
440
 16777216
370
    -2
100
AcDbBlockReference
  2
_ArchTick
 10
92.37101614308478
 20
62.58161243757754
 30
0.0
 41
0.1
 42
0.1
 43
0.1
  0
MTEXT
  5
B67
330
B5E
100
AcDbEntity
  8
COTAS
440
 16777216
100
AcDbMText
 10
85.07101100244593
 20
62.58161243757754
 30
0.0
 40
0.15
 41
0.0
 46
0.0
 71
     5
 72
     1
  1
\A1;14.60
 73
     1
 44
1.0
  0
POINT
  5
B68
330
B5E
100
AcDbEntity
  8
Defpoints
 62
     0
440
 16777216
100
AcDbPoint
 10
77.77100586180707
 20
61.14054902645412
 30
0.0
  0
POINT
  5
B69
330
B5E
100
AcDbEntity
  8
Defpoints
 62
     0
440
 16777216
100
AcDbPoint
 10
92.37101614308478
 20
61.54001732168867
 30
0.0
  0
POINT
  5
B6A
330
B5E
100
AcDbEntity
  8
Defpoints
 62
     0
440
 16777216
100
AcDbPoint
 10
92.37101614308478
 20
62.58161243757754
 30
0.0
  0
ENDBLK
  5
B60
330
B5E
100
AcDbEntity
  8
0
100
AcDbBlockEnd
  0
BLOCK
  5
B6C
330
B6B
100
AcDbEntity
  8
0
100
AcDbBlockBegin
  2
*D52
 70
     1
 10
0.0
 20
0.0
 30
0.0
  3
*D52
  1

  0
LINE
  5
B6E
330
B6B
100
AcDbEntity
  8
COTAS
440
 16777216
370
    -2
100
AcDbLine
 10
124.8710161430894
 20
61.3400173216904
 30
0.0
 11
124.8710161430894
 21
62.68161243757845
 31
0.0
  0
LINE
  5
B6F
330
B6B
100
AcDbEntity
  8
COTAS
440
 16777216
370
    -2
100
AcDbLine
 10
132.7710161430895
 20
61.34001732169085
 30
0.0
 11
132.7710161430895
 21
62.68161243757845
 31
0.0
  0
LINE
  5
B70
330
B6B
100
AcDbEntity
  8
COTAS
440
 16777216
370
    -2
100
AcDbLine
 10
124.7210161430894
 20
62.58161243757845
 30
0.0
 11
128.5085161430894
 21
62.58161243757845
 31
0.0
  0
LINE
  5
B71
330
B6B
100
AcDbEntity
  8
COTAS
440
 16777216
370
    -2
100
AcDbLine
 10
132.9210161430895
 20
62.58161243757845
 30
0.0
 11
129.1335161430894
 21
62.58161243757845
 31
0.0
  0
INSERT
  5
B72
330
B6B
100
AcDbEntity
  8
COTAS
440
 16777216
370
    -2
100
AcDbBlockReference
  2
_ArchTick
 10
124.8710161430894
 20
62.58161243757845
 30
0.0
 41
0.1
 42
0.1
 43
0.1
 50
180.0
  0
INSERT
  5
B73
330
B6B
100
AcDbEntity
  8
COTAS
440
 16777216
370
    -2
100
AcDbBlockReference
  2
_ArchTick
 10
132.7710161430895
 20
62.58161243757845
 30
0.0
 41
0.1
 42
0.1
 43
0.1
  0
MTEXT
  5
B74
330
B6B
100
AcDbEntity
  8
COTAS
440
 16777216
100
AcDbMText
 10
128.8210161430894
 20
62.58161243757845
 30
0.0
 40
0.15
 41
0.0
 46
0.0
 71
     5
 72
     1
  1
\A1;7.90
 73
     1
 44
1.0
  0
POINT
  5
B75
330
B6B
100
AcDbEntity
  8
Defpoints
 62
     0
440
 16777216
100
AcDbPoint
 10
124.8710161430894
 20
61.1400173216904
 30
0.0
  0
POINT
  5
B76
330
B6B
100
AcDbEntity
  8
Defpoints
 62
     0
440
 16777216
100
AcDbPoint
 10
132.7710161430895
 20
61.14001732169086
 30
0.0
  0
POINT
  5
B77
330
B6B
100
AcDbEntity
  8
Defpoints
 62
     0
440
 16777216
100
AcDbPoint
 10
132.7710161430895
 20
62.58161243757845
 30
0.0
  0
ENDBLK
  5
B6D
330
B6B
100
AcDbEntity
  8
0
100
AcDbBlockEnd
  0
BLOCK
  5
B79
330
B78
100
AcDbEntity
  8
0
100
AcDbBlockBegin
  2
*D53
 70
     1
 10
0.0
 20
0.0
 30
0.0
  3
*D53
  1

  0
LINE
  5
B7B
330
B78
100
AcDbEntity
  8
COTAS
440
 16777216
370
    -2
100
AcDbLine
 10
132.9710161430895
 20
61.14001732169088
 30
0.0
 11
133.6266751700923
 21
61.14001732169088
 31
0.0
  0
LINE
  5
B7C
330
B78
100
AcDbEntity
  8
COTAS
440
 16777216
370
    -2
100
AcDbLine
 10
132.971016143097
 20
39.54001732169052
 30
0.0
 11
133.6266751700923
 21
39.54001732169052
 31
0.0
  0
LINE
  5
B7D
330
B78
100
AcDbEntity
  8
COTAS
440
 16777216
370
    -2
100
AcDbLine
 10
133.5266751700923
 20
61.29001732169088
 30
0.0
 11
133.5266751700923
 21
50.7025173216907
 31
0.0
  0
LINE
  5
B7E
330
B78
100
AcDbEntity
  8
COTAS
440
 16777216
370
    -2
100
AcDbLine
 10
133.5266751700923
 20
39.39001732169052
 30
0.0
 11
133.5266751700923
 21
49.97751732169071
 31
0.0
  0
INSERT
  5
B7F
330
B78
100
AcDbEntity
  8
COTAS
440
 16777216
370
    -2
100
AcDbBlockReference
  2
_ArchTick
 10
133.5266751700923
 20
61.14001732169088
 30
0.0
 41
0.1
 42
0.1
 43
0.1
 50
90.0
  0
INSERT
  5
B80
330
B78
100
AcDbEntity
  8
COTAS
440
 16777216
370
    -2
100
AcDbBlockReference
  2
_ArchTick
 10
133.5266751700923
 20
39.54001732169052
 30
0.0
 41
0.1
 42
0.1
 43
0.1
 50
270.0
  0
MTEXT
  5
B81
330
B78
100
AcDbEntity
  8
COTAS
440
 16777216
100
AcDbMText
 10
133.5266751700923
 20
50.34001732169066
 30
0.0
 40
0.15
 41
0.0
 46
0.0
 71
     5
 72
     1
  1
\A1;21.60
 11
0.0000000000000001
 21
1.0
 31
0.0
 73
     1
 44
1.0
  0
POINT
  5
B82
330
B78
100
AcDbEntity
  8
Defpoints
 62
     0
440
 16777216
100
AcDbPoint
 10
132.7710161430895
 20
61.14001732169088
 30
0.0
  0
POINT
  5
B83
330
B78
100
AcDbEntity
  8
Defpoints
 62
     0
440
 16777216
100
AcDbPoint
 10
132.771016143097
 20
39.54001732169052
 30
0.0
  0
POINT
  5
B84
330
B78
100
AcDbEntity
  8
Defpoints
 62
     0
440
 16777216
100
AcDbPoint
 10
133.5266751700923
 20
39.54001732169052
 30
0.0
  0
ENDBLK
  5
B7A
330
B78
100
AcDbEntity
  8
0
100
AcDbBlockEnd
  0
BLOCK
  5
B86
330
B85
100
AcDbEntity
  8
0
100
AcDbBlockBegin
  2
*D54
 70
     1
 10
0.0
 20
0.0
 30
0.0
  3
*D54
  1

  0
LINE
  5
B88
330
B85
100
AcDbEntity
  8
COTAS
440
 16777216
370
    -2
100
AcDbLine
 10
132.9710161430897
 20
39.54001732169052
 30
0.0
 11
133.6266751700868
 21
39.54001732169052
 31
0.0
  0
LINE
  5
B89
330
B85
100
AcDbEntity
  8
COTAS
440
 16777216
370
    -2
100
AcDbLine
 10
132.4710058618099
 20
35.44001778060413
 30
0.0
 11
133.6266751700868
 21
35.44001778060413
 31
0.0
  0
LINE
  5
B8A
330
B85
100
AcDbEntity
  8
COTAS
440
 16777216
370
    -2
100
AcDbLine
 10
133.5266751700868
 20
39.69001732169052
 30
0.0
 11
133.5266751700868
 21
37.77751755114733
 31
0.0
  0
LINE
  5
B8B
330
B85
100
AcDbEntity
  8
COTAS
440
 16777216
370
    -2
100
AcDbLine
 10
133.5266751700868
 20
35.29001778060413
 30
0.0
 11
133.5266751700868
 21
37.20251755114733
 31
0.0
  0
INSERT
  5
B8C
330
B85
100
AcDbEntity
  8
COTAS
440
 16777216
370
    -2
100
AcDbBlockReference
  2
_ArchTick
 10
133.5266751700868
 20
39.54001732169052
 30
0.0
 41
0.1
 42
0.1
 43
0.1
 50
90.0
  0
INSERT
  5
B8D
330
B85
100
AcDbEntity
  8
COTAS
440
 16777216
370
    -2
100
AcDbBlockReference
  2
_ArchTick
 10
133.5266751700868
 20
35.44001778060413
 30
0.0
 41
0.1
 42
0.1
 43
0.1
 50
270.0
  0
MTEXT
  5
B8E
330
B85
100
AcDbEntity
  8
COTAS
440
 16777216
100
AcDbMText
 10
133.5266751700868
 20
37.49001755114728
 30
0.0
 40
0.15
 41
0.0
 46
0.0
 71
     5
 72
     1
  1
\A1;4.10
 11
0.0000000000000001
 21
1.0
 31
0.0
 73
     1
 44
1.0
  0
POINT
  5
B8F
330
B85
100
AcDbEntity
  8
Defpoints
 62
     0
440
 16777216
100
AcDbPoint
 10
132.7710161430898
 20
39.54001732169052
 30
0.0
  0
POINT
  5
B90
330
B85
100
AcDbEntity
  8
Defpoints
 62
     0
440
 16777216
100
AcDbPoint
 10
132.2710058618099
 20
35.44001778060413
 30
0.0
  0
POINT
  5
B91
330
B85
100
AcDbEntity
  8
Defpoints
 62
     0
440
 16777216
100
AcDbPoint
 10
133.5266751700868
 20
35.44001778060413
 30
0.0
  0
ENDBLK
  5
B87
330
B85
100
AcDbEntity
  8
0
100
AcDbBlockEnd
  0
BLOCK
  5
B93
330
B92
100
AcDbEntity
  8
0
100
AcDbBlockBegin
  2
*D55
 70
     1
 10
0.0
 20
0.0
 30
0.0
  3
*D55
  1

  0
LINE
  5
B95
330
B92
100
AcDbEntity
  8
COTAS
440
 16777216
370
    -2
100
AcDbLine
 10
130.7710058618049
 20
35.24001778060389
 30
0.0
 11
130.7710058618049
 21
34.9284096840625
 31
0.0
  0
LINE
  5
B96
330
B92
100
AcDbEntity
  8
COTAS
440
 16777216
370
    -2
100
AcDbLine
 10
132.3710058618113
 20
35.24001778060411
 30
0.0
 11
132.3710058618113
 21
34.9284096840625
 31
0.0
  0
LINE
  5
B97
330
B92
100
AcDbEntity
  8
COTAS
440
 16777216
370
    -2
100
AcDbLine
 10
130.6210058618048
 20
35.0284096840625
 30
0.0
 11
131.2835058618081
 21
35.0284096840625
 31
0.0
  0
LINE
  5
B98
330
B92
100
AcDbEntity
  8
COTAS
440
 16777216
370
    -2
100
AcDbLine
 10
132.5210058618113
 20
35.0284096840625
 30
0.0
 11
131.8585058618081
 21
35.0284096840625
 31
0.0
  0
INSERT
  5
B99
330
B92
100
AcDbEntity
  8
COTAS
440
 16777216
370
    -2
100
AcDbBlockReference
  2
_ArchTick
 10
130.7710058618049
 20
35.0284096840625
 30
0.0
 41
0.1
 42
0.1
 43
0.1
 50
180.0
  0
INSERT
  5
B9A
330
B92
100
AcDbEntity
  8
COTAS
440
 16777216
370
    -2
100
AcDbBlockReference
  2
_ArchTick
 10
132.3710058618113
 20
35.0284096840625
 30
0.0
 41
0.1
 42
0.1
 43
0.1
  0
MTEXT
  5
B9B
330
B92
100
AcDbEntity
  8
COTAS
440
 16777216
100
AcDbMText
 10
131.5710058618081
 20
35.0284096840625
 30
0.0
 40
0.15
 41
0.0
 46
0.0
 71
     5
 72
     1
  1
\A1;1.60
 73
     1
 44
1.0
  0
POINT
  5
B9C
330
B92
100
AcDbEntity
  8
Defpoints
 62
     0
440
 16777216
100
AcDbPoint
 10
130.7710058618049
 20
35.44001778060389
 30
0.0
  0
POINT
  5
B9D
330
B92
100
AcDbEntity
  8
Defpoints
 62
     0
440
 16777216
100
AcDbPoint
 10
132.3710058618113
 20
35.44001778060412
 30
0.0
  0
POINT
  5
B9E
330
B92
100
AcDbEntity
  8
Defpoints
 62
     0
440
 16777216
100
AcDbPoint
 10
132.3710058618113
 20
35.0284096840625
 30
0.0
  0
ENDBLK
  5
B94
330
B92
100
AcDbEntity
  8
0
100
AcDbBlockEnd
  0
BLOCK
  5
BA0
330
B9F
100
AcDbEntity
  8
0
100
AcDbBlockBegin
  2
*D56
 70
     1
 10
0.0
 20
0.0
 30
0.0
  3
*D56
  1

  0
LINE
  5
BA2
330
B9F
100
AcDbEntity
  8
COTAS
440
 16777216
370
    -2
100
AcDbLine
 10
132.7710161430895
 20
39.34001732168982
 30
0.0
 11
132.7710161430895
 21
38.75873532321276
 31
0.0
  0
LINE
  5
BA3
330
B9F
100
AcDbEntity
  8
COTAS
440
 16777216
370
    -2
100
AcDbLine
 10
124.6710161430893
 20
39.34001732168982
 30
0.0
 11
124.6710161430893
 21
38.75873532321276
 31
0.0
  0
LINE
  5
BA4
330
B9F
100
AcDbEntity
  8
COTAS
440
 16777216
370
    -2
100
AcDbLine
 10
132.9210161430895
 20
38.85873532321276
 30
0.0
 11
129.0085161430894
 21
38.85873532321276
 31
0.0
  0
LINE
  5
BA5
330
B9F
100
AcDbEntity
  8
COTAS
440
 16777216
370
    -2
100
AcDbLine
 10
124.5210161430893
 20
38.85873532321276
 30
0.0
 11
128.4335161430894
 21
38.85873532321276
 31
0.0
  0
INSERT
  5
BA6
330
B9F
100
AcDbEntity
  8
COTAS
440
 16777216
370
    -2
100
AcDbBlockReference
  2
_ArchTick
 10
132.7710161430895
 20
38.85873532321276
 30
0.0
 41
0.1
 42
0.1
 43
0.1
  0
INSERT
  5
BA7
330
B9F
100
AcDbEntity
  8
COTAS
440
 16777216
370
    -2
100
AcDbBlockReference
  2
_ArchTick
 10
124.6710161430893
 20
38.85873532321276
 30
0.0
 41
0.1
 42
0.1
 43
0.1
 50
180.0
  0
MTEXT
  5
BA8
330
B9F
100
AcDbEntity
  8
COTAS
440
 16777216
100
AcDbMText
 10
128.7210161430894
 20
38.85873532321276
 30
0.0
 40
0.15
 41
0.0
 46
0.0
 71
     5
 72
     1
  1
\A1;8.10
 73
     1
 44
1.0
  0
POINT
  5
BA9
330
B9F
100
AcDbEntity
  8
Defpoints
 62
     0
440
 16777216
100
AcDbPoint
 10
132.7710161430895
 20
39.54001732168983
 30
0.0
  0
POINT
  5
BAA
330
B9F
100
AcDbEntity
  8
Defpoints
 62
     0
440
 16777216
100
AcDbPoint
 10
124.6710161430893
 20
39.54001732168983
 30
0.0
  0
POINT
  5
BAB
330
B9F
100
AcDbEntity
  8
Defpoints
 62
     0
440
 16777216
100
AcDbPoint
 10
124.6710161430893
 20
38.85873532321276
 30
0.0
  0
ENDBLK
  5
BA1
330
B9F
100
AcDbEntity
  8
0
100
AcDbBlockEnd
  0
BLOCK
  5
BAD
330
BAC
100
AcDbEntity
  8
0
100
AcDbBlockBegin
  2
*D57
 70
     1
 10
0.0
 20
0.0
 30
0.0
  3
*D57
  1

  0
LINE
  5
BAF
330
BAC
100
AcDbEntity
  8
COTAS
440
 16777216
370
    -2
100
AcDbLine
 10
124.6710161430893
 20
39.34001732168982
 30
0.0
 11
124.6710161430893
 21
38.75873532321276
 31
0.0
  0
LINE
  5
BB0
330
BAC
100
AcDbEntity
  8
COTAS
440
 16777216
370
    -2
100
AcDbLine
 10
121.5210161430897
 20
39.3400173216896
 30
0.0
 11
121.5210161430897
 21
38.75873532321276
 31
0.0
  0
LINE
  5
BB1
330
BAC
100
AcDbEntity
  8
COTAS
440
 16777216
370
    -2
100
AcDbLine
 10
124.8210161430893
 20
38.85873532321276
 30
0.0
 11
123.3960161430895
 21
38.85873532321276
 31
0.0
  0
LINE
  5
BB2
330
BAC
100
AcDbEntity
  8
COTAS
440
 16777216
370
    -2
100
AcDbLine
 10
121.3710161430897
 20
38.85873532321276
 30
0.0
 11
122.7960161430895
 21
38.85873532321276
 31
0.0
  0
INSERT
  5
BB3
330
BAC
100
AcDbEntity
  8
COTAS
440
 16777216
370
    -2
100
AcDbBlockReference
  2
_ArchTick
 10
124.6710161430893
 20
38.85873532321276
 30
0.0
 41
0.1
 42
0.1
 43
0.1
  0
INSERT
  5
BB4
330
BAC
100
AcDbEntity
  8
COTAS
440
 16777216
370
    -2
100
AcDbBlockReference
  2
_ArchTick
 10
121.5210161430897
 20
38.85873532321276
 30
0.0
 41
0.1
 42
0.1
 43
0.1
 50
180.0
  0
MTEXT
  5
BB5
330
BAC
100
AcDbEntity
  8
COTAS
440
 16777216
100
AcDbMText
 10
123.0960161430895
 20
38.85873532321276
 30
0.0
 40
0.15
 41
0.0
 46
0.0
 71
     5
 72
     1
  1
\A1;3.15
 73
     1
 44
1.0
  0
POINT
  5
BB6
330
BAC
100
AcDbEntity
  8
Defpoints
 62
     0
440
 16777216
100
AcDbPoint
 10
124.6710161430893
 20
39.54001732168983
 30
0.0
  0
POINT
  5
BB7
330
BAC
100
AcDbEntity
  8
Defpoints
 62
     0
440
 16777216
100
AcDbPoint
 10
121.5210161430897
 20
39.5400173216896
 30
0.0
  0
POINT
  5
BB8
330
BAC
100
AcDbEntity
  8
Defpoints
 62
     0
440
 16777216
100
AcDbPoint
 10
121.5210161430897
 20
38.85873532321276
 30
0.0
  0
ENDBLK
  5
BAE
330
BAC
100
AcDbEntity
  8
0
100
AcDbBlockEnd
  0
BLOCK
  5
BBA
330
BB9
100
AcDbEntity
  8
0
100
AcDbBlockBegin
  2
*D58
 70
     1
 10
0.0
 20
0.0
 30
0.0
  3
*D58
  1

  0
LINE
  5
BBC
330
BB9
100
AcDbEntity
  8
COTAS
440
 16777216
370
    -2
100
AcDbLine
 10
121.3210161430898
 20
39.54001732168961
 30
0.0
 11
120.6661238235981
 21
39.54001732168961
 31
0.0
  0
LINE
  5
BBD
330
BB9
100
AcDbEntity
  8
COTAS
440
 16777216
370
    -2
100
AcDbLine
 10
121.1196072793323
 20
50.14001732168976
 30
0.0
 11
120.6661238235981
 21
50.14001732168976
 31
0.0
  0
LINE
  5
BBE
330
BB9
100
AcDbEntity
  8
COTAS
440
 16777216
370
    -2
100
AcDbLine
 10
120.7661238235981
 20
39.39001732168961
 30
0.0
 11
120.7661238235981
 21
44.49001732168968
 31
0.0
  0
LINE
  5
BBF
330
BB9
100
AcDbEntity
  8
COTAS
440
 16777216
370
    -2
100
AcDbLine
 10
120.7661238235981
 20
50.29001732168976
 30
0.0
 11
120.7661238235981
 21
45.19001732168968
 31
0.0
  0
INSERT
  5
BC0
330
BB9
100
AcDbEntity
  8
COTAS
440
 16777216
370
    -2
100
AcDbBlockReference
  2
_ArchTick
 10
120.7661238235981
 20
39.54001732168961
 30
0.0
 41
0.1
 42
0.1
 43
0.1
 50
270.0
  0
INSERT
  5
BC1
330
BB9
100
AcDbEntity
  8
COTAS
440
 16777216
370
    -2
100
AcDbBlockReference
  2
_ArchTick
 10
120.7661238235981
 20
50.14001732168976
 30
0.0
 41
0.1
 42
0.1
 43
0.1
 50
90.0
  0
MTEXT
  5
BC2
330
BB9
100
AcDbEntity
  8
COTAS
440
 16777216
100
AcDbMText
 10
120.7661238235981
 20
44.84001732168963
 30
0.0
 40
0.15
 41
0.0
 46
0.0
 71
     5
 72
     1
  1
\A1;10.60
 11
0.0000000000000001
 21
1.0
 31
0.0
 73
     1
 44
1.0
  0
POINT
  5
BC3
330
BB9
100
AcDbEntity
  8
Defpoints
 62
     0
440
 16777216
100
AcDbPoint
 10
121.5210161430898
 20
39.54001732168961
 30
0.0
  0
POINT
  5
BC4
330
BB9
100
AcDbEntity
  8
Defpoints
 62
     0
440
 16777216
100
AcDbPoint
 10
121.3196072793323
 20
50.14001732168976
 30
0.0
  0
POINT
  5
BC5
330
BB9
100
AcDbEntity
  8
Defpoints
 62
     0
440
 16777216
100
AcDbPoint
 10
120.7661238235981
 20
50.14001732168976
 30
0.0
  0
ENDBLK
  5
BBB
330
BB9
100
AcDbEntity
  8
0
100
AcDbBlockEnd
  0
BLOCK
  5
BC7
330
BC6
100
AcDbEntity
  8
0
100
AcDbBlockBegin
  2
*D59
 70
     1
 10
0.0
 20
0.0
 30
0.0
  3
*D59
  1

  0
LINE
  5
BC9
330
BC6
100
AcDbEntity
  8
COTAS
440
 16777216
370
    -2
100
AcDbLine
 10
121.3196072793322
 20
49.94001732168973
 30
0.0
 11
121.3196072793322
 21
49.47497930511923
 31
0.0
  0
LINE
  5
BCA
330
BC6
100
AcDbEntity
  8
COTAS
440
 16777216
370
    -2
100
AcDbLine
 10
107.0710161430894
 20
49.94001732168973
 30
0.0
 11
107.0710161430894
 21
49.47497930511923
 31
0.0
  0
LINE
  5
BCB
330
BC6
100
AcDbEntity
  8
COTAS
440
 16777216
370
    -2
100
AcDbLine
 10
121.4696072793322
 20
49.57497930511923
 30
0.0
 11
114.5703117112108
 21
49.57497930511923
 31
0.0
  0
LINE
  5
BCC
330
BC6
100
AcDbEntity
  8
COTAS
440
 16777216
370
    -2
100
AcDbLine
 10
106.9210161430894
 20
49.57497930511923
 30
0.0
 11
113.8203117112108
 21
49.57497930511923
 31
0.0
  0
INSERT
  5
BCD
330
BC6
100
AcDbEntity
  8
COTAS
440
 16777216
370
    -2
100
AcDbBlockReference
  2
_ArchTick
 10
121.3196072793322
 20
49.57497930511923
 30
0.0
 41
0.1
 42
0.1
 43
0.1
  0
INSERT
  5
BCE
330
BC6
100
AcDbEntity
  8
COTAS
440
 16777216
370
    -2
100
AcDbBlockReference
  2
_ArchTick
 10
107.0710161430894
 20
49.57497930511923
 30
0.0
 41
0.1
 42
0.1
 43
0.1
 50
180.0
  0
MTEXT
  5
BCF
330
BC6
100
AcDbEntity
  8
COTAS
440
 16777216
100
AcDbMText
 10
114.1953117112108
 20
49.57497930511923
 30
0.0
 40
0.15
 41
0.0
 46
0.0
 71
     5
 72
     1
  1
\A1;14.25
 73
     1
 44
1.0
  0
POINT
  5
BD0
330
BC6
100
AcDbEntity
  8
Defpoints
 62
     0
440
 16777216
100
AcDbPoint
 10
121.3196072793322
 20
50.14001732168973
 30
0.0
  0
POINT
  5
BD1
330
BC6
100
AcDbEntity
  8
Defpoints
 62
     0
440
 16777216
100
AcDbPoint
 10
107.0710161430894
 20
50.14001732168973
 30
0.0
  0
POINT
  5
BD2
330
BC6
100
AcDbEntity
  8
Defpoints
 62
     0
440
 16777216
100
AcDbPoint
 10
107.0710161430894
 20
49.57497930511923
 30
0.0
  0
ENDBLK
  5
BC8
330
BC6
100
AcDbEntity
  8
0
100
AcDbBlockEnd
  0
BLOCK
  5
BD4
330
BD3
100
AcDbEntity
  8
0
100
AcDbBlockBegin
  2
*D60
 70
     1
 10
0.0
 20
0.0
 30
0.0
  3
*D60
  1

  0
LINE
  5
BD6
330
BD3
100
AcDbEntity
  8
COTAS
440
 16777216
370
    -2
100
AcDbLine
 10
107.2710161430895
 20
50.14001732168976
 30
0.0
 11
107.6597102258974
 21
50.14001732168976
 31
0.0
  0
LINE
  5
BD7
330
BD3
100
AcDbEntity
  8
COTAS
440
 16777216
370
    -2
100
AcDbLine
 10
107.2710161430895
 20
46.44001732169083
 30
0.0
 11
107.6597102258974
 21
46.44001732169083
 31
0.0
  0
LINE
  5
BD8
330
BD3
100
AcDbEntity
  8
COTAS
440
 16777216
370
    -2
100
AcDbLine
 10
107.5597102258974
 20
50.29001732168976
 30
0.0
 11
107.5597102258974
 21
48.60251732169031
 31
0.0
  0
LINE
  5
BD9
330
BD3
100
AcDbEntity
  8
COTAS
440
 16777216
370
    -2
100
AcDbLine
 10
107.5597102258974
 20
46.29001732169084
 30
0.0
 11
107.5597102258974
 21
47.9775173216903
 31
0.0
  0
INSERT
  5
BDA
330
BD3
100
AcDbEntity
  8
COTAS
440
 16777216
370
    -2
100
AcDbBlockReference
  2
_ArchTick
 10
107.5597102258974
 20
50.14001732168976
 30
0.0
 41
0.1
 42
0.1
 43
0.1
 50
90.0
  0
INSERT
  5
BDB
330
BD3
100
AcDbEntity
  8
COTAS
440
 16777216
370
    -2
100
AcDbBlockReference
  2
_ArchTick
 10
107.5597102258974
 20
46.44001732169083
 30
0.0
 41
0.1
 42
0.1
 43
0.1
 50
270.0
  0
MTEXT
  5
BDC
330
BD3
100
AcDbEntity
  8
COTAS
440
 16777216
100
AcDbMText
 10
107.5597102258974
 20
48.29001732169026
 30
0.0
 40
0.15
 41
0.0
 46
0.0
 71
     5
 72
     1
  1
\A1;3.70
 11
0.0000000000000001
 21
1.0
 31
0.0
 73
     1
 44
1.0
  0
POINT
  5
BDD
330
BD3
100
AcDbEntity
  8
Defpoints
 62
     0
440
 16777216
100
AcDbPoint
 10
107.0710161430895
 20
50.14001732168976
 30
0.0
  0
POINT
  5
BDE
330
BD3
100
AcDbEntity
  8
Defpoints
 62
     0
440
 16777216
100
AcDbPoint
 10
107.0710161430895
 20
46.44001732169083
 30
0.0
  0
POINT
  5
BDF
330
BD3
100
AcDbEntity
  8
Defpoints
 62
     0
440
 16777216
100
AcDbPoint
 10
107.5597102258974
 20
46.44001732169083
 30
0.0
  0
ENDBLK
  5
BD5
330
BD3
100
AcDbEntity
  8
0
100
AcDbBlockEnd
  0
BLOCK
  5
BE1
330
BE0
100
AcDbEntity
  8
0
100
AcDbBlockBegin
  2
*D61
 70
     1
 10
0.0
 20
0.0
 30
0.0
  3
*D61
  1

  0
LINE
  5
BE3
330
BE0
100
AcDbEntity
  8
COTAS
440
 16777216
370
    -2
100
AcDbLine
 10
107.0710161430894
 20
46.24001732169082
 30
0.0
 11
107.0710161430894
 21
45.44652077243045
 31
0.0
  0
LINE
  5
BE4
330
BE0
100
AcDbEntity
  8
COTAS
440
 16777216
370
    -2
100
AcDbLine
 10
99.67101614309004
 20
46.24001732169082
 30
0.0
 11
99.67101614309004
 21
45.44652077243045
 31
0.0
  0
LINE
  5
BE5
330
BE0
100
AcDbEntity
  8
COTAS
440
 16777216
370
    -2
100
AcDbLine
 10
107.2210161430894
 20
45.54652077243046
 30
0.0
 11
103.6835161430897
 21
45.54652077243046
 31
0.0
  0
LINE
  5
BE6
330
BE0
100
AcDbEntity
  8
COTAS
440
 16777216
370
    -2
100
AcDbLine
 10
99.52101614309004
 20
45.54652077243046
 30
0.0
 11
103.0585161430897
 21
45.54652077243046
 31
0.0
  0
INSERT
  5
BE7
330
BE0
100
AcDbEntity
  8
COTAS
440
 16777216
370
    -2
100
AcDbBlockReference
  2
_ArchTick
 10
107.0710161430894
 20
45.54652077243046
 30
0.0
 41
0.1
 42
0.1
 43
0.1
  0
INSERT
  5
BE8
330
BE0
100
AcDbEntity
  8
COTAS
440
 16777216
370
    -2
100
AcDbBlockReference
  2
_ArchTick
 10
99.67101614309004
 20
45.54652077243046
 30
0.0
 41
0.1
 42
0.1
 43
0.1
 50
180.0
  0
MTEXT
  5
BE9
330
BE0
100
AcDbEntity
  8
COTAS
440
 16777216
100
AcDbMText
 10
103.3710161430897
 20
45.54652077243046
 30
0.0
 40
0.15
 41
0.0
 46
0.0
 71
     5
 72
     1
  1
\A1;7.40
 73
     1
 44
1.0
  0
POINT
  5
BEA
330
BE0
100
AcDbEntity
  8
Defpoints
 62
     0
440
 16777216
100
AcDbPoint
 10
107.0710161430894
 20
46.44001732169082
 30
0.0
  0
POINT
  5
BEB
330
BE0
100
AcDbEntity
  8
Defpoints
 62
     0
440
 16777216
100
AcDbPoint
 10
99.67101614309004
 20
46.44001732169082
 30
0.0
  0
POINT
  5
BEC
330
BE0
100
AcDbEntity
  8
Defpoints
 62
     0
440
 16777216
100
AcDbPoint
 10
99.67101614309004
 20
45.54652077243046
 30
0.0
  0
ENDBLK
  5
BE2
330
BE0
100
AcDbEntity
  8
0
100
AcDbBlockEnd
  0
BLOCK
  5
BEE
330
BED
100
AcDbEntity
  8
0
100
AcDbBlockBegin
  2
*D62
 70
     1
 10
0.0
 20
0.0
 30
0.0
  3
*D62
  1

  0
LINE
  5
BF0
330
BED
100
AcDbEntity
  8
COTAS
440
 16777216
370
    -2
100
AcDbLine
 10
99.47101614308987
 20
46.44001732169083
 30
0.0
 11
99.14533865011865
 21
46.44001732169083
 31
0.0
  0
LINE
  5
BF1
330
BED
100
AcDbEntity
  8
COTAS
440
 16777216
370
    -2
100
AcDbLine
 10
99.47101614308987
 20
50.09001732169026
 30
0.0
 11
99.14533865011865
 21
50.09001732169026
 31
0.0
  0
LINE
  5
BF2
330
BED
100
AcDbEntity
  8
COTAS
440
 16777216
370
    -2
100
AcDbLine
 10
99.24533865011865
 20
46.29001732169084
 30
0.0
 11
99.24533865011865
 21
47.94001732169054
 31
0.0
  0
LINE
  5
BF3
330
BED
100
AcDbEntity
  8
COTAS
440
 16777216
370
    -2
100
AcDbLine
 10
99.24533865011865
 20
50.24001732169026
 30
0.0
 11
99.24533865011865
 21
48.59001732169056
 31
0.0
  0
INSERT
  5
BF4
330
BED
100
AcDbEntity
  8
COTAS
440
 16777216
370
    -2
100
AcDbBlockReference
  2
_ArchTick
 10
99.24533865011865
 20
46.44001732169083
 30
0.0
 41
0.1
 42
0.1
 43
0.1
 50
270.0
  0
INSERT
  5
BF5
330
BED
100
AcDbEntity
  8
COTAS
440
 16777216
370
    -2
100
AcDbBlockReference
  2
_ArchTick
 10
99.24533865011865
 20
50.09001732169026
 30
0.0
 41
0.1
 42
0.1
 43
0.1
 50
90.0
  0
MTEXT
  5
BF6
330
BED
100
AcDbEntity
  8
COTAS
440
 16777216
100
AcDbMText
 10
99.24533865011863
 20
48.26501732169051
 30
0.0
 40
0.15
 41
0.0
 46
0.0
 71
     5
 72
     1
  1
\A1;3.65
 11
0.0000000000000001
 21
1.0
 31
0.0
 73
     1
 44
1.0
  0
POINT
  5
BF7
330
BED
100
AcDbEntity
  8
Defpoints
 62
     0
440
 16777216
100
AcDbPoint
 10
99.67101614308987
 20
46.44001732169083
 30
0.0
  0
POINT
  5
BF8
330
BED
100
AcDbEntity
  8
Defpoints
 62
     0
440
 16777216
100
AcDbPoint
 10
99.67101614308987
 20
50.09001732169026
 30
0.0
  0
POINT
  5
BF9
330
BED
100
AcDbEntity
  8
Defpoints
 62
     0
440
 16777216
100
AcDbPoint
 10
99.24533865011865
 20
50.09001732169026
 30
0.0
  0
ENDBLK
  5
BEF
330
BED
100
AcDbEntity
  8
0
100
AcDbBlockEnd
  0
BLOCK
  5
BFB
330
BFA
100
AcDbEntity
  8
0
100
AcDbBlockBegin
  2
*D63
 70
     1
 10
0.0
 20
0.0
 30
0.0
  3
*D63
  1

  0
LINE
  5
BFD
330
BFA
100
AcDbEntity
  8
COTAS
440
 16777216
370
    -2
100
AcDbLine
 10
92.57101614308481
 20
42.64001732168337
 30
0.0
 11
92.97991980577384
 21
42.64001732168337
 31
0.0
  0
LINE
  5
BFE
330
BFA
100
AcDbEntity
  8
COTAS
440
 16777216
370
    -2
100
AcDbLine
 10
92.371016143085
 20
53.54001732168985
 30
0.0
 11
92.97991980577384
 21
53.54001732168985
 31
0.0
  0
LINE
  5
BFF
330
BFA
100
AcDbEntity
  8
COTAS
440
 16777216
370
    -2
100
AcDbLine
 10
92.87991980577384
 20
42.49001732168338
 30
0.0
 11
92.87991980577384
 21
47.74001732168661
 31
0.0
  0
LINE
  5
C00
330
BFA
100
AcDbEntity
  8
COTAS
440
 16777216
370
    -2
100
AcDbLine
 10
92.87991980577384
 20
53.69001732168985
 30
0.0
 11
92.87991980577384
 21
48.44001732168663
 31
0.0
  0
INSERT
  5
C01
330
BFA
100
AcDbEntity
  8
COTAS
440
 16777216
370
    -2
100
AcDbBlockReference
  2
_ArchTick
 10
92.87991980577384
 20
42.64001732168337
 30
0.0
 41
0.1
 42
0.1
 43
0.1
 50
270.0
  0
INSERT
  5
C02
330
BFA
100
AcDbEntity
  8
COTAS
440
 16777216
370
    -2
100
AcDbBlockReference
  2
_ArchTick
 10
92.87991980577384
 20
53.54001732168985
 30
0.0
 41
0.1
 42
0.1
 43
0.1
 50
90.0
  0
MTEXT
  5
C03
330
BFA
100
AcDbEntity
  8
COTAS
440
 16777216
100
AcDbMText
 10
92.87991980577384
 20
48.09001732168658
 30
0.0
 40
0.15
 41
0.0
 46
0.0
 71
     5
 72
     1
  1
\A1;10.90
 11
0.0000000000000001
 21
1.0
 31
0.0
 73
     1
 44
1.0
  0
POINT
  5
C04
330
BFA
100
AcDbEntity
  8
Defpoints
 62
     0
440
 16777216
100
AcDbPoint
 10
92.37101614308482
 20
42.64001732168337
 30
0.0
  0
POINT
  5
C05
330
BFA
100
AcDbEntity
  8
Defpoints
 62
     0
440
 16777216
100
AcDbPoint
 10
92.171016143085
 20
53.54001732168985
 30
0.0
  0
POINT
  5
C06
330
BFA
100
AcDbEntity
  8
Defpoints
 62
     0
440
 16777216
100
AcDbPoint
 10
92.87991980577384
 20
53.54001732168985
 30
0.0
  0
ENDBLK
  5
BFC
330
BFA
100
AcDbEntity
  8
0
100
AcDbBlockEnd
  0
BLOCK
  5
C12
330
C11
100
AcDbEntity
  8
0
100
AcDbBlockBegin
  2
*D64
 70
     1
 10
0.0
 20
0.0
 30
0.0
  3
*D64
  1

  0
LINE
  5
C14
330
C11
100
AcDbEntity
  8
COTAS
440
 16777216
370
    -2
100
AcDbLine
 10
77.77100586180009
 20
53.54001732168985
 30
0.0
 11
77.20257638675967
 21
53.54001732168985
 31
0.0
  0
LINE
  5
C15
330
C11
100
AcDbEntity
  8
COTAS
440
 16777216
370
    -2
100
AcDbLine
 10
77.77100586180032
 20
61.54001732168961
 30
0.0
 11
77.20257638675967
 21
61.54001732168961
 31
0.0
  0
LINE
  5
C16
330
C11
100
AcDbEntity
  8
COTAS
440
 16777216
370
    -2
100
AcDbLine
 10
77.30257638675967
 20
53.39001732168985
 30
0.0
 11
77.30257638675967
 21
57.24001732168973
 31
0.0
  0
LINE
  5
C17
330
C11
100
AcDbEntity
  8
COTAS
440
 16777216
370
    -2
100
AcDbLine
 10
77.30257638675967
 20
61.69001732168961
 30
0.0
 11
77.30257638675967
 21
57.84001732168973
 31
0.0
  0
INSERT
  5
C18
330
C11
100
AcDbEntity
  8
COTAS
440
 16777216
370
    -2
100
AcDbBlockReference
  2
_ArchTick
 10
77.30257638675967
 20
53.54001732168985
 30
0.0
 41
0.1
 42
0.1
 43
0.1
 50
270.0
  0
INSERT
  5
C19
330
C11
100
AcDbEntity
  8
COTAS
440
 16777216
370
    -2
100
AcDbBlockReference
  2
_ArchTick
 10
77.30257638675967
 20
61.54001732168961
 30
0.0
 41
0.1
 42
0.1
 43
0.1
 50
90.0
  0
MTEXT
  5
C1A
330
C11
100
AcDbEntity
  8
COTAS
440
 16777216
100
AcDbMText
 10
77.30257638675967
 20
57.54001732168969
 30
0.0
 40
0.15
 41
0.0
 46
0.0
 71
     5
 72
     1
  1
\A1;8.00
 11
0.0000000000000001
 21
1.0
 31
0.0
 73
     1
 44
1.0
  0
POINT
  5
C1B
330
C11
100
AcDbEntity
  8
Defpoints
 62
     0
440
 16777216
100
AcDbPoint
 10
77.97100586180009
 20
53.54001732168985
 30
0.0
  0
POINT
  5
C1C
330
C11
100
AcDbEntity
  8
Defpoints
 62
     0
440
 16777216
100
AcDbPoint
 10
77.97100586180032
 20
61.54001732168961
 30
0.0
  0
POINT
  5
C1D
330
C11
100
AcDbEntity
  8
Defpoints
 62
     0
440
 16777216
100
AcDbPoint
 10
77.30257638675967
 20
61.54001732168961
 30
0.0
  0
ENDBLK
  5
C13
330
C11
100
AcDbEntity
  8
0
100
AcDbBlockEnd
  0
BLOCK
  5
C1F
330
C1E
100
AcDbEntity
  8
0
100
AcDbBlockBegin
  2
*D65
 70
     1
 10
0.0
 20
0.0
 30
0.0
  3
*D65
  1

  0
LINE
  5
C21
330
C1E
100
AcDbEntity
  8
COTAS
440
 16777216
370
    -2
100
AcDbLine
 10
47.5710058618105
 20
57.64054902645386
 30
0.0
 11
47.5710058618105
 21
57.88648508861024
 31
0.0
  0
LINE
  5
C22
330
C1E
100
AcDbEntity
  8
COTAS
440
 16777216
370
    -2
100
AcDbLine
 10
49.07100586181051
 20
57.63967351676444
 30
0.0
 11
49.07100586181051
 21
57.88648508861024
 31
0.0
  0
LINE
  5
C23
330
C1E
100
AcDbEntity
  8
COTAS
440
 16777216
370
    -2
100
AcDbLine
 10
47.42100586181051
 20
57.78648508861024
 30
0.0
 11
48.0335058618105
 21
57.78648508861024
 31
0.0
  0
LINE
  5
C24
330
C1E
100
AcDbEntity
  8
COTAS
440
 16777216
370
    -2
100
AcDbLine
 10
49.2210058618105
 20
57.78648508861024
 30
0.0
 11
48.60850586181051
 21
57.78648508861024
 31
0.0
  0
INSERT
  5
C25
330
C1E
100
AcDbEntity
  8
COTAS
440
 16777216
370
    -2
100
AcDbBlockReference
  2
_ArchTick
 10
47.5710058618105
 20
57.78648508861024
 30
0.0
 41
0.1
 42
0.1
 43
0.1
 50
180.0
  0
INSERT
  5
C26
330
C1E
100
AcDbEntity
  8
COTAS
440
 16777216
370
    -2
100
AcDbBlockReference
  2
_ArchTick
 10
49.07100586181051
 20
57.78648508861024
 30
0.0
 41
0.1
 42
0.1
 43
0.1
  0
MTEXT
  5
C27
330
C1E
100
AcDbEntity
  8
COTAS
440
 16777216
100
AcDbMText
 10
48.3210058618105
 20
57.78648508861024
 30
0.0
 40
0.15
 41
0.0
 46
0.0
 71
     5
 72
     1
  1
\A1;1.50
 73
     1
 44
1.0
  0
POINT
  5
C28
330
C1E
100
AcDbEntity
  8
Defpoints
 62
     0
440
 16777216
100
AcDbPoint
 10
47.5710058618105
 20
57.44054902645386
 30
0.0
  0
POINT
  5
C29
330
C1E
100
AcDbEntity
  8
Defpoints
 62
     0
440
 16777216
100
AcDbPoint
 10
49.07100586181051
 20
57.43967351676444
 30
0.0
  0
POINT
  5
C2A
330
C1E
100
AcDbEntity
  8
Defpoints
 62
     0
440
 16777216
100
AcDbPoint
 10
49.07100586181051
 20
57.78648508861024
 30
0.0
  0
ENDBLK
  5
C20
330
C1E
100
AcDbEntity
  8
0
100
AcDbBlockEnd
  0
BLOCK
  5
C2C
330
C2B
100
AcDbEntity
  8
0
100
AcDbBlockBegin
  2
*D66
 70
     1
 10
0.0
 20
0.0
 30
0.0
  3
*D66
  1

  0
LINE
  5
C2E
330
C2B
100
AcDbEntity
  8
COTAS
440
 16777216
370
    -2
100
AcDbLine
 10
47.37100586181052
 20
57.44054902645388
 30
0.0
 11
47.00778294237043
 21
57.44054902645388
 31
0.0
  0
LINE
  5
C2F
330
C2B
100
AcDbEntity
  8
COTAS
440
 16777216
370
    -2
100
AcDbLine
 10
47.37100586181052
 20
50.24001778060205
 30
0.0
 11
47.00778294237043
 21
50.24001778060205
 31
0.0
  0
LINE
  5
C30
330
C2B
100
AcDbEntity
  8
COTAS
440
 16777216
370
    -2
100
AcDbLine
 10
47.10778294237043
 20
57.59054902645388
 30
0.0
 11
47.10778294237043
 21
54.15278340352797
 31
0.0
  0
LINE
  5
C31
330
C2B
100
AcDbEntity
  8
COTAS
440
 16777216
370
    -2
100
AcDbLine
 10
47.10778294237043
 20
50.09001778060206
 30
0.0
 11
47.10778294237043
 21
53.52778340352797
 31
0.0
  0
INSERT
  5
C32
330
C2B
100
AcDbEntity
  8
COTAS
440
 16777216
370
    -2
100
AcDbBlockReference
  2
_ArchTick
 10
47.10778294237043
 20
57.44054902645388
 30
0.0
 41
0.1
 42
0.1
 43
0.1
 50
90.0
  0
INSERT
  5
C33
330
C2B
100
AcDbEntity
  8
COTAS
440
 16777216
370
    -2
100
AcDbBlockReference
  2
_ArchTick
 10
47.10778294237043
 20
50.24001778060205
 30
0.0
 41
0.1
 42
0.1
 43
0.1
 50
270.0
  0
MTEXT
  5
C34
330
C2B
100
AcDbEntity
  8
COTAS
440
 16777216
100
AcDbMText
 10
47.10778294237043
 20
53.84028340352795
 30
0.0
 40
0.15
 41
0.0
 46
0.0
 71
     5
 72
     1
  1
\A1;7.20
 11
0.0000000000000001
 21
1.0
 31
0.0
 73
     1
 44
1.0
  0
POINT
  5
C35
330
C2B
100
AcDbEntity
  8
Defpoints
 62
     0
440
 16777216
100
AcDbPoint
 10
47.57100586181052
 20
57.44054902645388
 30
0.0
  0
POINT
  5
C36
330
C2B
100
AcDbEntity
  8
Defpoints
 62
     0
440
 16777216
100
AcDbPoint
 10
47.57100586181052
 20
50.24001778060205
 30
0.0
  0
POINT
  5
C37
330
C2B
100
AcDbEntity
  8
Defpoints
 62
     0
440
 16777216
100
AcDbPoint
 10
47.10778294237043
 20
50.24001778060205
 30
0.0
  0
ENDBLK
  5
C2D
330
C2B
100
AcDbEntity
  8
0
100
AcDbBlockEnd
  0
BLOCK
  5
C39
330
C38
100
AcDbEntity
  8
0
100
AcDbBlockBegin
  2
*D67
 70
     1
 10
0.0
 20
0.0
 30
0.0
  3
*D67
  1

  0
LINE
  5
C3B
330
C38
100
AcDbEntity
  8
COTAS
440
 16777216
370
    -2
100
AcDbLine
 10
49.97101614768727
 20
49.18167486591524
 30
0.0
 11
49.97101614768727
 21
48.4433719351901
 31
0.0
  0
LINE
  5
C3C
330
C38
100
AcDbEntity
  8
COTAS
440
 16777216
370
    -2
100
AcDbLine
 10
56.363155863657
 20
49.18167486591524
 30
0.0
 11
56.363155863657
 21
48.4433719351901
 31
0.0
  0
LINE
  5
C3D
330
C38
100
AcDbEntity
  8
COTAS
440
 16777216
370
    -2
100
AcDbLine
 10
49.82101614768726
 20
48.5433719351901
 30
0.0
 11
52.84208600567213
 21
48.5433719351901
 31
0.0
  0
LINE
  5
C3E
330
C38
100
AcDbEntity
  8
COTAS
440
 16777216
370
    -2
100
AcDbLine
 10
56.513155863657
 20
48.5433719351901
 30
0.0
 11
53.49208600567213
 21
48.5433719351901
 31
0.0
  0
INSERT
  5
C3F
330
C38
100
AcDbEntity
  8
COTAS
440
 16777216
370
    -2
100
AcDbBlockReference
  2
_ArchTick
 10
49.97101614768727
 20
48.5433719351901
 30
0.0
 41
0.1
 42
0.1
 43
0.1
 50
180.0
  0
INSERT
  5
C40
330
C38
100
AcDbEntity
  8
COTAS
440
 16777216
370
    -2
100
AcDbBlockReference
  2
_ArchTick
 10
56.363155863657
 20
48.5433719351901
 30
0.0
 41
0.1
 42
0.1
 43
0.1
  0
MTEXT
  5
C41
330
C38
100
AcDbEntity
  8
COTAS
440
 16777216
100
AcDbMText
 10
53.16708600567213
 20
48.5433719351901
 30
0.0
 40
0.15
 41
0.0
 46
0.0
 71
     5
 72
     1
  1
\A1;6.39
 73
     1
 44
1.0
  0
POINT
  5
C42
330
C38
100
AcDbEntity
  8
Defpoints
 62
     0
440
 16777216
100
AcDbPoint
 10
49.97101614768727
 20
49.38167486591525
 30
0.0
  0
POINT
  5
C43
330
C38
100
AcDbEntity
  8
Defpoints
 62
     0
440
 16777216
100
AcDbPoint
 10
56.363155863657
 20
49.38167486591525
 30
0.0
  0
POINT
  5
C44
330
C38
100
AcDbEntity
  8
Defpoints
 62
     0
440
 16777216
100
AcDbPoint
 10
56.363155863657
 20
48.5433719351901
 30
0.0
  0
ENDBLK
  5
C3A
330
C38
100
AcDbEntity
  8
0
100
AcDbBlockEnd
  0
BLOCK
  5
C46
330
C45
100
AcDbEntity
  8
0
100
AcDbBlockBegin
  2
*D68
 70
     1
 10
0.0
 20
0.0
 30
0.0
  3
*D68
  1

  0
LINE
  5
C48
330
C45
100
AcDbEntity
  8
COTAS
440
 16777216
370
    -2
100
AcDbLine
 10
60.17887642668179
 20
49.18167486591524
 30
0.0
 11
60.17887642668179
 21
48.44337193519007
 31
0.0
  0
LINE
  5
C49
330
C45
100
AcDbEntity
  8
COTAS
440
 16777216
370
    -2
100
AcDbLine
 10
68.07760081087137
 20
49.26743396473962
 30
0.0
 11
68.07760081087137
 21
48.44337193519007
 31
0.0
  0
LINE
  5
C4A
330
C45
100
AcDbEntity
  8
COTAS
440
 16777216
370
    -2
100
AcDbLine
 10
60.0288764266818
 20
48.54337193519008
 30
0.0
 11
63.81573861877658
 21
48.54337193519008
 31
0.0
  0
LINE
  5
C4B
330
C45
100
AcDbEntity
  8
COTAS
440
 16777216
370
    -2
100
AcDbLine
 10
68.22760081087138
 20
48.54337193519008
 30
0.0
 11
64.44073861877658
 21
48.54337193519008
 31
0.0
  0
INSERT
  5
C4C
330
C45
100
AcDbEntity
  8
COTAS
440
 16777216
370
    -2
100
AcDbBlockReference
  2
_ArchTick
 10
60.17887642668179
 20
48.54337193519008
 30
0.0
 41
0.1
 42
0.1
 43
0.1
 50
180.0
  0
INSERT
  5
C4D
330
C45
100
AcDbEntity
  8
COTAS
440
 16777216
370
    -2
100
AcDbBlockReference
  2
_ArchTick
 10
68.07760081087137
 20
48.54337193519008
 30
0.0
 41
0.1
 42
0.1
 43
0.1
  0
MTEXT
  5
C4E
330
C45
100
AcDbEntity
  8
COTAS
440
 16777216
100
AcDbMText
 10
64.12823861877658
 20
48.54337193519008
 30
0.0
 40
0.15
 41
0.0
 46
0.0
 71
     5
 72
     1
  1
\A1;7.90
 73
     1
 44
1.0
  0
POINT
  5
C4F
330
C45
100
AcDbEntity
  8
Defpoints
 62
     0
440
 16777216
100
AcDbPoint
 10
60.17887642668179
 20
49.38167486591525
 30
0.0
  0
POINT
  5
C50
330
C45
100
AcDbEntity
  8
Defpoints
 62
     0
440
 16777216
100
AcDbPoint
 10
68.07760081087137
 20
49.46743396473962
 30
0.0
  0
POINT
  5
C51
330
C45
100
AcDbEntity
  8
Defpoints
 62
     0
440
 16777216
100
AcDbPoint
 10
68.07760081087137
 20
48.54337193519008
 30
0.0
  0
ENDBLK
  5
C47
330
C45
100
AcDbEntity
  8
0
100
AcDbBlockEnd
  0
BLOCK
  5
C53
330
C52
100
AcDbEntity
  8
0
100
AcDbBlockBegin
  2
*D69
 70
     1
 10
0.0
 20
0.0
 30
0.0
  3
*D69
  1

  0
LINE
  5
C55
330
C52
100
AcDbEntity
  8
COTAS
440
 16777216
370
    -2
100
AcDbLine
 10
68.29312832642371
 20
49.38167486591403
 30
0.0
 11
68.57199012473265
 21
49.38167486591403
 31
0.0
  0
LINE
  5
C56
330
C52
100
AcDbEntity
  8
COTAS
440
 16777216
370
    -2
100
AcDbLine
 10
68.29312832642371
 20
50.24001732168802
 30
0.0
 11
68.57199012473265
 21
50.24001732168802
 31
0.0
  0
LINE
  5
C57
330
C52
100
AcDbEntity
  8
COTAS
440
 16777216
370
    -2
100
AcDbLine
 10
68.47199012473265
 20
49.23167486591403
 30
0.0
 11
68.47199012473265
 21
49.49834609380102
 31
0.0
  0
LINE
  5
C58
330
C52
100
AcDbEntity
  8
COTAS
440
 16777216
370
    -2
100
AcDbLine
 10
68.47199012473265
 20
50.39001732168802
 30
0.0
 11
68.47199012473265
 21
50.12334609380102
 31
0.0
  0
INSERT
  5
C59
330
C52
100
AcDbEntity
  8
COTAS
440
 16777216
370
    -2
100
AcDbBlockReference
  2
_ArchTick
 10
68.47199012473265
 20
49.38167486591403
 30
0.0
 41
0.1
 42
0.1
 43
0.1
 50
270.0
  0
INSERT
  5
C5A
330
C52
100
AcDbEntity
  8
COTAS
440
 16777216
370
    -2
100
AcDbBlockReference
  2
_ArchTick
 10
68.47199012473265
 20
50.24001732168802
 30
0.0
 41
0.1
 42
0.1
 43
0.1
 50
90.0
  0
MTEXT
  5
C5B
330
C52
100
AcDbEntity
  8
COTAS
440
 16777216
100
AcDbMText
 10
68.47199012473265
 20
49.81084609380099
 30
0.0
 40
0.15
 41
0.0
 46
0.0
 71
     5
 72
     1
  1
\A1;0.86
 11
0.0000000000000001
 21
1.0
 31
0.0
 73
     1
 44
1.0
  0
POINT
  5
C5C
330
C52
100
AcDbEntity
  8
Defpoints
 62
     0
440
 16777216
100
AcDbPoint
 10
68.09312832642371
 20
49.38167486591403
 30
0.0
  0
POINT
  5
C5D
330
C52
100
AcDbEntity
  8
Defpoints
 62
     0
440
 16777216
100
AcDbPoint
 10
68.09312832642371
 20
50.24001732168802
 30
0.0
  0
POINT
  5
C5E
330
C52
100
AcDbEntity
  8
Defpoints
 62
     0
440
 16777216
100
AcDbPoint
 10
68.47199012473265
 20
50.24001732168802
 30
0.0
  0
ENDBLK
  5
C54
330
C52
100
AcDbEntity
  8
0
100
AcDbBlockEnd
  0
BLOCK
  5
C74
330
C73
100
AcDbEntity
  8
0
100
AcDbBlockBegin
  2
*D70
 70
     1
 10
0.0
 20
0.0
 30
0.0
  3
*D70
  1

  0
LINE
  5
C76
330
C73
100
AcDbEntity
  8
COTAS
440
 16777216
370
    -2
100
AcDbLine
 10
49.97101614768727
 20
49.18167486591524
 30
0.0
 11
49.97101614768727
 21
48.4433719351901
 31
0.0
  0
LINE
  5
C77
330
C73
100
AcDbEntity
  8
COTAS
440
 16777216
370
    -2
100
AcDbLine
 10
49.07100586181027
 20
50.04001732169032
 30
0.0
 11
49.07100586181027
 21
48.4433719351901
 31
0.0
  0
LINE
  5
C78
330
C73
100
AcDbEntity
  8
COTAS
440
 16777216
370
    -2
100
AcDbLine
 10
50.12101614768726
 20
48.5433719351901
 30
0.0
 11
49.82101100474877
 21
48.5433719351901
 31
0.0
  0
LINE
  5
C79
330
C73
100
AcDbEntity
  8
COTAS
440
 16777216
370
    -2
100
AcDbLine
 10
48.92100586181028
 20
48.5433719351901
 30
0.0
 11
49.22101100474877
 21
48.5433719351901
 31
0.0
  0
INSERT
  5
C7A
330
C73
100
AcDbEntity
  8
COTAS
440
 16777216
370
    -2
100
AcDbBlockReference
  2
_ArchTick
 10
49.97101614768727
 20
48.5433719351901
 30
0.0
 41
0.1
 42
0.1
 43
0.1
  0
INSERT
  5
C7B
330
C73
100
AcDbEntity
  8
COTAS
440
 16777216
370
    -2
100
AcDbBlockReference
  2
_ArchTick
 10
49.07100586181027
 20
48.5433719351901
 30
0.0
 41
0.1
 42
0.1
 43
0.1
 50
180.0
  0
MTEXT
  5
C7C
330
C73
100
AcDbEntity
  8
COTAS
440
 16777216
100
AcDbMText
 10
49.52101100474877
 20
48.5433719351901
 30
0.0
 40
0.15
 41
0.0
 46
0.0
 71
     5
 72
     1
  1
\A1;0.90
 73
     1
 44
1.0
  0
POINT
  5
C7D
330
C73
100
AcDbEntity
  8
Defpoints
 62
     0
440
 16777216
100
AcDbPoint
 10
49.97101614768727
 20
49.38167486591525
 30
0.0
  0
POINT
  5
C7E
330
C73
100
AcDbEntity
  8
Defpoints
 62
     0
440
 16777216
100
AcDbPoint
 10
49.07100586181027
 20
50.24001732169033
 30
0.0
  0
POINT
  5
C7F
330
C73
100
AcDbEntity
  8
Defpoints
 62
     0
440
 16777216
100
AcDbPoint
 10
49.07100586181027
 20
48.5433719351901
 30
0.0
  0
ENDBLK
  5
C75
330
C73
100
AcDbEntity
  8
0
100
AcDbBlockEnd
  0
BLOCK
  5
C95
330
C94
100
AcDbEntity
  8
0
100
AcDbBlockBegin
  2
*D71
 70
     1
 10
0.0
 20
0.0
 30
0.0
  3
*D71
  1

  0
LINE
  5
C97
330
C94
100
AcDbEntity
  8
COTAS
440
 16777216
370
    -2
100
AcDbLine
 10
70.56305668730146
 20
48.54337193518906
 30
0.0
 11
70.56305668730146
 21
48.44337193518907
 31
0.0
  0
LINE
  5
C98
330
C94
100
AcDbEntity
  8
COTAS
440
 16777216
370
    -2
100
AcDbLine
 10
77.77100586180691
 20
48.5433719351861
 30
0.0
 11
77.77100586180691
 21
48.44337193518907
 31
0.0
  0
LINE
  5
C99
330
C94
100
AcDbEntity
  8
COTAS
440
 16777216
370
    -2
100
AcDbLine
 10
70.41305668730146
 20
48.54337193518906
 30
0.0
 11
73.86703127455419
 21
48.54337193518906
 31
0.0
  0
LINE
  5
C9A
330
C94
100
AcDbEntity
  8
COTAS
440
 16777216
370
    -2
100
AcDbLine
 10
77.92100586180692
 20
48.54337193518906
 30
0.0
 11
74.46703127455418
 21
48.54337193518906
 31
0.0
  0
INSERT
  5
C9B
330
C94
100
AcDbEntity
  8
COTAS
440
 16777216
370
    -2
100
AcDbBlockReference
  2
_ArchTick
 10
70.56305668730146
 20
48.54337193518906
 30
0.0
 41
0.1
 42
0.1
 43
0.1
 50
180.0
  0
INSERT
  5
C9C
330
C94
100
AcDbEntity
  8
COTAS
440
 16777216
370
    -2
100
AcDbBlockReference
  2
_ArchTick
 10
77.77100586180691
 20
48.54337193518906
 30
0.0
 41
0.1
 42
0.1
 43
0.1
  0
MTEXT
  5
C9D
330
C94
100
AcDbEntity
  8
COTAS
440
 16777216
100
AcDbMText
 10
74.16703127455419
 20
48.54337193518906
 30
0.0
 40
0.15
 41
0.0
 46
0.0
 71
     5
 72
     1
  1
\A1;7.21
 73
     1
 44
1.0
  0
POINT
  5
C9E
330
C94
100
AcDbEntity
  8
Defpoints
 62
     0
440
 16777216
100
AcDbPoint
 10
70.56305668730146
 20
48.74337193518907
 30
0.0
  0
POINT
  5
C9F
330
C94
100
AcDbEntity
  8
Defpoints
 62
     0
440
 16777216
100
AcDbPoint
 10
77.77100586180691
 20
48.74337193518609
 30
0.0
  0
POINT
  5
CA0
330
C94
100
AcDbEntity
  8
Defpoints
 62
     0
440
 16777216
100
AcDbPoint
 10
77.77100586180691
 20
48.54337193518906
 30
0.0
  0
ENDBLK
  5
C96
330
C94
100
AcDbEntity
  8
0
100
AcDbBlockEnd
  0
BLOCK
  5
CAC
330
CAB
100
AcDbEntity
  8
0
100
AcDbBlockBegin
  2
*D72
 70
     1
 10
0.0
 20
0.0
 30
0.0
  3
*D72
  1

  0
LINE
  5
CAE
330
CAB
100
AcDbEntity
  8
COTAS
440
 16777216
370
    -2
100
AcDbLine
 10
77.57100586180742
 20
53.54001732168991
 30
0.0
 11
76.49822599054319
 21
53.54001732168991
 31
0.0
  0
LINE
  5
CAF
330
CAB
100
AcDbEntity
  8
COTAS
440
 16777216
370
    -2
100
AcDbLine
 10
77.57100586180603
 20
50.14001732170594
 30
0.0
 11
76.49822599054319
 21
50.14001732170594
 31
0.0
  0
LINE
  5
CB0
330
CAB
100
AcDbEntity
  8
COTAS
440
 16777216
370
    -2
100
AcDbLine
 10
76.59822599054319
 20
53.69001732168991
 30
0.0
 11
76.59822599054319
 21
52.15251732169793
 31
0.0
  0
LINE
  5
CB1
330
CAB
100
AcDbEntity
  8
COTAS
440
 16777216
370
    -2
100
AcDbLine
 10
76.59822599054319
 20
49.99001732170595
 30
0.0
 11
76.59822599054319
 21
51.52751732169793
 31
0.0
  0
INSERT
  5
CB2
330
CAB
100
AcDbEntity
  8
COTAS
440
 16777216
370
    -2
100
AcDbBlockReference
  2
_ArchTick
 10
76.59822599054319
 20
53.54001732168991
 30
0.0
 41
0.1
 42
0.1
 43
0.1
 50
90.0
  0
INSERT
  5
CB3
330
CAB
100
AcDbEntity
  8
COTAS
440
 16777216
370
    -2
100
AcDbBlockReference
  2
_ArchTick
 10
76.59822599054319
 20
50.14001732170594
 30
0.0
 41
0.1
 42
0.1
 43
0.1
 50
270.0
  0
MTEXT
  5
CB4
330
CAB
100
AcDbEntity
  8
COTAS
440
 16777216
100
AcDbMText
 10
76.59822599054319
 20
51.84001732169789
 30
0.0
 40
0.15
 41
0.0
 46
0.0
 71
     5
 72
     1
  1
\A1;3.40
 11
0.0000000000000001
 21
1.0
 31
0.0
 73
     1
 44
1.0
  0
POINT
  5
CB5
330
CAB
100
AcDbEntity
  8
Defpoints
 62
     0
440
 16777216
100
AcDbPoint
 10
77.77100586180742
 20
53.54001732168991
 30
0.0
  0
POINT
  5
CB6
330
CAB
100
AcDbEntity
  8
Defpoints
 62
     0
440
 16777216
100
AcDbPoint
 10
77.77100586180603
 20
50.14001732170594
 30
0.0
  0
POINT
  5
CB7
330
CAB
100
AcDbEntity
  8
Defpoints
 62
     0
440
 16777216
100
AcDbPoint
 10
76.59822599054319
 20
50.14001732170594
 30
0.0
  0
ENDBLK
  5
CAD
330
CAB
100
AcDbEntity
  8
0
100
AcDbBlockEnd
  0
BLOCK
  5
CB9
330
CB8
100
AcDbEntity
  8
0
100
AcDbBlockBegin
  2
*D73
 70
     1
 10
0.0
 20
0.0
 30
0.0
  3
*D73
  1

  0
LINE
  5
CBB
330
CB8
100
AcDbEntity
  8
COTAS
440
 16777216
370
    -2
100
AcDbLine
 10
77.57100586180751
 20
50.14001732170594
 30
0.0
 11
76.49822599054329
 21
50.14001732170594
 31
0.0
  0
LINE
  5
CBC
330
CB8
100
AcDbEntity
  8
COTAS
440
 16777216
370
    -2
100
AcDbLine
 10
77.57100586180751
 20
40.79001782386916
 30
0.0
 11
76.49822599054329
 21
40.79001782386916
 31
0.0
  0
LINE
  5
CBD
330
CB8
100
AcDbEntity
  8
COTAS
440
 16777216
370
    -2
100
AcDbLine
 10
76.59822599054328
 20
50.29001732170595
 30
0.0
 11
76.59822599054328
 21
45.79001757278756
 31
0.0
  0
LINE
  5
CBE
330
CB8
100
AcDbEntity
  8
COTAS
440
 16777216
370
    -2
100
AcDbLine
 10
76.59822599054328
 20
40.64001782386917
 30
0.0
 11
76.59822599054328
 21
45.14001757278754
 31
0.0
  0
INSERT
  5
CBF
330
CB8
100
AcDbEntity
  8
COTAS
440
 16777216
370
    -2
100
AcDbBlockReference
  2
_ArchTick
 10
76.59822599054328
 20
50.14001732170594
 30
0.0
 41
0.1
 42
0.1
 43
0.1
 50
90.0
  0
INSERT
  5
CC0
330
CB8
100
AcDbEntity
  8
COTAS
440
 16777216
370
    -2
100
AcDbBlockReference
  2
_ArchTick
 10
76.59822599054328
 20
40.79001782386916
 30
0.0
 41
0.1
 42
0.1
 43
0.1
 50
270.0
  0
MTEXT
  5
CC1
330
CB8
100
AcDbEntity
  8
COTAS
440
 16777216
100
AcDbMText
 10
76.59822599054328
 20
45.46501757278752
 30
0.0
 40
0.15
 41
0.0
 46
0.0
 71
     5
 72
     1
  1
\A1;9.35
 11
0.0000000000000001
 21
1.0
 31
0.0
 73
     1
 44
1.0
  0
POINT
  5
CC2
330
CB8
100
AcDbEntity
  8
Defpoints
 62
     0
440
 16777216
100
AcDbPoint
 10
77.7710058618075
 20
50.14001732170594
 30
0.0
  0
POINT
  5
CC3
330
CB8
100
AcDbEntity
  8
Defpoints
 62
     0
440
 16777216
100
AcDbPoint
 10
77.7710058618075
 20
40.79001782386916
 30
0.0
  0
POINT
  5
CC4
330
CB8
100
AcDbEntity
  8
Defpoints
 62
     0
440
 16777216
100
AcDbPoint
 10
76.59822599054328
 20
40.79001782386916
 30
0.0
  0
ENDBLK
  5
CBA
330
CB8
100
AcDbEntity
  8
0
100
AcDbBlockEnd
  0
BLOCK
  5
CC6
330
CC5
100
AcDbEntity
  8
0
100
AcDbBlockBegin
  2
*D74
 70
     1
 10
0.0
 20
0.0
 30
0.0
  3
*D74
  1

  0
LINE
  5
CF6
330
CC5
100
AcDbEntity
  8
COTAS
440
 16777216
370
    -2
100
AcDbLine
 10
77.5710058618074
 20
53.54001732168942
 30
0.0
 11
77.20257638675978
 21
53.54001732168942
 31
0.0
  0
LINE
  5
CF7
330
CC5
100
AcDbEntity
  8
COTAS
440
 16777216
370
    -2
100
AcDbLine
 10
77.57101614768474
 20
42.64001732168952
 30
0.0
 11
77.20257638675978
 21
42.64001732168952
 31
0.0
  0
LINE
  5
CF8
330
CC5
100
AcDbEntity
  8
COTAS
440
 16777216
370
    -2
100
AcDbLine
 10
77.30257638675976
 20
53.69001732168943
 30
0.0
 11
77.30257638675976
 21
48.44001732168948
 31
0.0
  0
LINE
  5
CF9
330
CC5
100
AcDbEntity
  8
COTAS
440
 16777216
370
    -2
100
AcDbLine
 10
77.30257638675976
 20
42.49001732168951
 30
0.0
 11
77.30257638675976
 21
47.74001732168946
 31
0.0
  0
INSERT
  5
CFA
330
CC5
100
AcDbEntity
  8
COTAS
440
 16777216
370
    -2
100
AcDbBlockReference
  2
_ArchTick
 10
77.30257638675976
 20
53.54001732168942
 30
0.0
 41
0.1
 42
0.1
 43
0.1
 50
90.0
  0
INSERT
  5
CFB
330
CC5
100
AcDbEntity
  8
COTAS
440
 16777216
370
    -2
100
AcDbBlockReference
  2
_ArchTick
 10
77.30257638675976
 20
42.64001732168952
 30
0.0
 41
0.1
 42
0.1
 43
0.1
 50
270.0
  0
MTEXT
  5
CFC
330
CC5
100
AcDbEntity
  8
COTAS
440
 16777216
100
AcDbMText
 10
77.30257638675976
 20
48.09001732168944
 30
0.0
 40
0.15
 41
0.0
 46
0.0
 71
     5
 72
     1
  1
\A1;10.90
 11
0.0000000000000001
 21
1.0
 31
0.0
 73
     1
 44
1.0
  0
POINT
  5
CFD
330
CC5
100
AcDbEntity
  8
Defpoints
 62
     0
440
 16777216
100
AcDbPoint
 10
77.77100586180741
 20
53.54001732168942
 30
0.0
  0
POINT
  5
CFE
330
CC5
100
AcDbEntity
  8
Defpoints
 62
     0
440
 16777216
100
AcDbPoint
 10
77.77101614768475
 20
42.64001732168952
 30
0.0
  0
POINT
  5
CFF
330
CC5
100
AcDbEntity
  8
Defpoints
 62
     0
440
 16777216
100
AcDbPoint
 10
77.30257638675976
 20
42.64001732168952
 30
0.0
  0
ENDBLK
  5
CC7
330
CC5
100
AcDbEntity
  8
0
100
AcDbBlockEnd
  0
BLOCK
  5
CDD
330
CDC
100
AcDbEntity
  8
0
100
AcDbBlockBegin
  2
*D75
 70
     1
 10
0.0
 20
0.0
 30
0.0
  3
*D75
  1

  0
LINE
  5
CDF
330
CDC
100
AcDbEntity
  8
COTAS
440
 16777216
370
    -2
100
AcDbLine
 10
73.32100593600052
 20
60.14066424489504
 30
0.0
 11
72.97490551865336
 21
60.14066424489504
 31
0.0
  0
LINE
  5
CE0
330
CDC
100
AcDbEntity
  8
COTAS
440
 16777216
370
    -2
100
AcDbLine
 10
73.32100593600149
 20
56.00761023160313
 30
0.0
 11
72.97490551865336
 21
56.00761023160313
 31
0.0
  0
LINE
  5
CE1
330
CDC
100
AcDbEntity
  8
COTAS
440
 16777216
370
    -2
100
AcDbLine
 10
73.07490551865335
 20
60.29066424489504
 30
0.0
 11
73.07490551865335
 21
58.37413723824909
 31
0.0
  0
LINE
  5
CE2
330
CDC
100
AcDbEntity
  8
COTAS
440
 16777216
370
    -2
100
AcDbLine
 10
73.07490551865335
 20
55.85761023160313
 30
0.0
 11
73.07490551865335
 21
57.77413723824909
 31
0.0
  0
INSERT
  5
CE3
330
CDC
100
AcDbEntity
  8
COTAS
440
 16777216
370
    -2
100
AcDbBlockReference
  2
_ArchTick
 10
73.07490551865335
 20
60.14066424489504
 30
0.0
 41
0.1
 42
0.1
 43
0.1
 50
90.0
  0
INSERT
  5
CE4
330
CDC
100
AcDbEntity
  8
COTAS
440
 16777216
370
    -2
100
AcDbBlockReference
  2
_ArchTick
 10
73.07490551865335
 20
56.00761023160313
 30
0.0
 41
0.1
 42
0.1
 43
0.1
 50
270.0
  0
MTEXT
  5
CE5
330
CDC
100
AcDbEntity
  8
COTAS
440
 16777216
100
AcDbMText
 10
73.07490551865335
 20
58.07413723824905
 30
0.0
 40
0.15
 41
0.0
 46
0.0
 71
     5
 72
     1
  1
\A1;4.15
 11
0.0000000000000001
 21
1.0
 31
0.0
 73
     1
 44
1.0
  0
POINT
  5
CE6
330
CDC
100
AcDbEntity
  8
Defpoints
 62
     0
440
 16777216
100
AcDbPoint
 10
73.52100593600052
 20
60.14066424489504
 30
0.0
  0
POINT
  5
CE7
330
CDC
100
AcDbEntity
  8
Defpoints
 62
     0
440
 16777216
100
AcDbPoint
 10
73.5210059360015
 20
56.00761023160313
 30
0.0
  0
POINT
  5
CE8
330
CDC
100
AcDbEntity
  8
Defpoints
 62
     0
440
 16777216
100
AcDbPoint
 10
73.07490551865335
 20
56.00761023160313
 30
0.0
  0
ENDBLK
  5
CDE
330
CDC
100
AcDbEntity
  8
0
100
AcDbBlockEnd
  0
BLOCK
  5
CEA
330
CE9
100
AcDbEntity
  8
0
100
AcDbBlockBegin
  2
*D76
 70
     1
 10
0.0
 20
0.0
 30
0.0
  3
*D76
  1

  0
LINE
  5
CEC
330
CE9
100
AcDbEntity
  8
COTAS
440
 16777216
370
    -2
100
AcDbLine
 10
73.52100593600147
 20
55.80761023160309
 30
0.0
 11
73.52100593600147
 21
55.59202950700897
 31
0.0
  0
LINE
  5
CED
330
CE9
100
AcDbEntity
  8
COTAS
440
 16777216
370
    -2
100
AcDbLine
 10
76.17100593600182
 20
55.80761023160347
 30
0.0
 11
76.17100593600182
 21
55.59202950700897
 31
0.0
  0
LINE
  5
CEE
330
CE9
100
AcDbEntity
  8
COTAS
440
 16777216
370
    -2
100
AcDbLine
 10
73.37100593600147
 20
55.69202950700898
 30
0.0
 11
74.52100593600164
 21
55.69202950700898
 31
0.0
  0
LINE
  5
CEF
330
CE9
100
AcDbEntity
  8
COTAS
440
 16777216
370
    -2
100
AcDbLine
 10
76.32100593600182
 20
55.69202950700898
 30
0.0
 11
75.17100593600165
 21
55.69202950700898
 31
0.0
  0
INSERT
  5
CF0
330
CE9
100
AcDbEntity
  8
COTAS
440
 16777216
370
    -2
100
AcDbBlockReference
  2
_ArchTick
 10
73.52100593600147
 20
55.69202950700898
 30
0.0
 41
0.1
 42
0.1
 43
0.1
 50
180.0
  0
INSERT
  5
CF1
330
CE9
100
AcDbEntity
  8
COTAS
440
 16777216
370
    -2
100
AcDbBlockReference
  2
_ArchTick
 10
76.17100593600182
 20
55.69202950700898
 30
0.0
 41
0.1
 42
0.1
 43
0.1
  0
MTEXT
  5
CF2
330
CE9
100
AcDbEntity
  8
COTAS
440
 16777216
100
AcDbMText
 10
74.84600593600164
 20
55.69202950700898
 30
0.0
 40
0.15
 41
0.0
 46
0.0
 71
     5
 72
     1
  1
\A1;2.65
 73
     1
 44
1.0
  0
POINT
  5
CF3
330
CE9
100
AcDbEntity
  8
Defpoints
 62
     0
440
 16777216
100
AcDbPoint
 10
73.52100593600147
 20
56.0076102316031
 30
0.0
  0
POINT
  5
CF4
330
CE9
100
AcDbEntity
  8
Defpoints
 62
     0
440
 16777216
100
AcDbPoint
 10
76.17100593600182
 20
56.00761023160347
 30
0.0
  0
POINT
  5
CF5
330
CE9
100
AcDbEntity
  8
Defpoints
 62
     0
440
 16777216
100
AcDbPoint
 10
76.17100593600182
 20
55.69202950700898
 30
0.0
  0
ENDBLK
  5
CEB
330
CE9
100
AcDbEntity
  8
0
100
AcDbBlockEnd
  0
ENDSEC
  0
SECTION
  2
ENTITIES
  0
LINE
  5
7EB
330
70
100
AcDbEntity
  8
0
 48
0.2
100
AcDbLine
 10
144.2510161430897
 20
28.98154311357869
 30
0.0
 11
43.5891992819933
 21
28.98154311357937
 31
0.0
  0
LINE
  5
7EC
330
70
100
AcDbEntity
  8
0
 48
0.2
100
AcDbLine
 10
143.0510161476878
 20
32.98154311357868
 30
0.0
 11
43.58919928199307
 21
32.98154311357937
 31
0.0
  0
LINE
  5
7ED
330
70
100
AcDbEntity
  8
0
 48
0.2
100
AcDbLine
 10
140.6885386857358
 20
31.98154311357846
 30
0.0
 11
40.58919928199353
 21
31.98154311357937
 31
0.0
  0
LINE
  5
7EE
330
70
100
AcDbEntity
  8
0
 48
0.2
100
AcDbLine
 10
40.58919928199324
 20
31.98154311357936
 30
0.0
 11
40.58919928199353
 21
63.44432337502317
 31
0.0
  0
INSERT
  5
7EF
330
70
100
AcDbEntity
  8
0
100
AcDbBlockReference
  2
ARB-P
 10
-77.93076484908951
 20
-30.9697106347169
 30
0.0
 41
0.6432718997341454
 42
0.6432718997341454
 43
0.6432718997341454
  0
LINE
  5
7F0
330
70
100
AcDbEntity
  8
0
 48
0.2
100
AcDbLine
 10
148.8756144462208
 20
62.24001846556975
 30
0.0
 11
39.66919928199346
 21
62.24001603455704
 31
0.0
  0
INSERT
  5
7F1
330
70
100
AcDbEntity
  8
0
100
AcDbBlockReference
  2
ARB-P
 10
-192.7082410731376
 20
-51.03509280853976
 30
0.0
  0
INSERT
  5
7F2
330
70
100
AcDbEntity
  8
0
100
AcDbBlockReference
  2
ARB-P
 10
-109.5120278816247
 20
-26.38229199528089
 30
0.0
 41
0.6432718997341454
 42
0.6432718997341454
 43
0.6432718997341454
  0
INSERT
  5
7F3
330
70
100
AcDbEntity
  8
0
100
AcDbBlockReference
  2
ARB-P
 10
-192.9268466584688
 20
-55.40406274592695
 30
0.0
  0
INSERT
  5
7F4
330
70
100
AcDbEntity
  8
0
100
AcDbBlockReference
  2
ARB-P
 10
-94.30596353770793
 20
-30.9697106347169
 30
0.0
 41
0.6432718997341454
 42
0.6432718997341454
 43
0.6432718997341454
  0
INSERT
  5
7F5
330
70
100
AcDbEntity
  8
0
100
AcDbBlockReference
  2
ARB-P
 10
-70.38624285116984
 20
-17.96908508462959
 30
0.0
 41
0.5017919943477409
 42
0.5017919943477409
 43
0.5017919943477409
  0
ARC
  5
7F6
330
70
100
AcDbEntity
  8
0
 48
0.2
100
AcDbCircle
 10
43.58919928199353
 20
31.98154311357937
 30
0.0
 40
3.0
100
AcDbArc
 50
180.0
 51
270.0
  0
LINE
  5
7F7
330
70
100
AcDbEntity
  8
0
 48
0.2
100
AcDbLine
 10
43.58919928199307
 20
33.54001782386937
 30
0.0
 11
43.58919928199307
 21
33.20154311358486
 31
0.0
  0
LINE
  5
7F8
330
70
100
AcDbEntity
  8
0
 48
0.2
100
AcDbLine
 10
42.58919928199353
 20
36.83154311357883
 30
0.0
 11
40.58919928199353
 21
36.83154311357905
 31
0.0
  0
INSERT
  5
7F9
330
70
100
AcDbEntity
  8
0
100
AcDbBlockReference
  2
ARB-P
 10
-54.0110441625512
 20
-17.96908508462959
 30
0.0
 41
0.5017919943477409
 42
0.5017919943477409
 43
0.5017919943477409
  0
INSERT
  5
7FA
330
70
100
AcDbEntity
  8
0
100
AcDbBlockReference
  2
ARB-P
 10
-109.5108182783713
 20
-12.20365347711625
 30
0.0
 41
0.6432718997341454
 42
0.6432718997341454
 43
0.6432718997341454
  0
INSERT
  5
7FB
330
70
100
AcDbEntity
  8
0
100
AcDbBlockReference
  2
ARB-P
 10
-109.5108182783713
 20
-24.41179487210464
 30
0.0
 41
0.6432718997341454
 42
0.6432718997341454
 43
0.6432718997341454
  0
TEXT
  5
7FC
330
70
100
AcDbEntity
  8
TEXTS_BASE
100
AcDbText
 10
39.08899033299272
 20
31.27116071571678
 30
0.0
 40
0.9599999999999999
  1
CALLE CABO 1ro. MONTAÑA
 50
90.0
100
AcDbText
  0
INSERT
  5
7FD
330
70
100
AcDbEntity
  8
0
100
AcDbBlockReference
  2
ARB-P
 10
-34.85515104744158
 20
-17.96908508462959
 30
0.0
 41
0.5017919943477409
 42
0.5017919943477409
 43
0.5017919943477409
  0
INSERT
  5
7FE
330
70
100
AcDbEntity
  8
0
100
AcDbBlockReference
  2
ARB-P
 10
-50.74175632483397
 20
-30.9697106347169
 30
0.0
 41
0.6432718997341454
 42
0.6432718997341454
 43
0.6432718997341454
  0
INSERT
  5
7FF
330
70
100
AcDbEntity
  8
0
100
AcDbBlockReference
  2
ARB-P
 10
-29.42310154089645
 20
-30.9697106347169
 30
0.0
 41
0.6432718997341454
 42
0.6432718997341454
 43
0.6432718997341454
  0
INSERT
  5
800
330
70
100
AcDbEntity
  8
0
100
AcDbBlockReference
  2
ARB-P
 10
-34.98448890238237
 20
-30.9697106347169
 30
0.0
 41
0.6432718997341454
 42
0.6432718997341454
 43
0.6432718997341454
  0
INSERT
  5
801
330
70
100
AcDbEntity
  8
0
100
AcDbBlockReference
  2
ARB-P
 10
17.97803559840796
 20
-17.96908508462959
 30
0.0
 41
0.5017919943477409
 42
0.5017919943477409
 43
0.5017919943477409
  0
INSERT
  5
802
330
70
100
AcDbEntity
  8
0
100
AcDbBlockReference
  2
ARB-P
 10
10.25388507659787
 20
-17.96908508462959
 30
0.0
 41
0.5017919943477409
 42
0.5017919943477409
 43
0.5017919943477409
  0
LINE
  5
803
330
70
100
AcDbEntity
  8
ROOF
100
AcDbLine
 10
121.5210161476879
 20
40.64001782386905
 30
0.0
 11
121.3210161476878
 21
40.64001743793293
 31
0.0
  0
LINE
  5
804
330
70
100
AcDbEntity
  8
ROOF
100
AcDbLine
 10
121.5210161476879
 20
40.64001782386905
 30
0.0
 11
121.5210161476879
 21
40.79001782386709
 31
0.0
  0
LINE
  5
805
330
70
100
AcDbEntity
  8
0
 48
0.2
100
AcDbLine
 10
147.2510161430897
 20
62.24001832023954
 30
0.0
 11
147.2510161430897
 21
31.98154311357869
 31
0.0
  0
ARC
  5
806
330
70
100
AcDbEntity
  8
0
 48
0.2
100
AcDbCircle
 10
144.2510161430897
 20
31.98154311357869
 30
0.0
 40
3.0
100
AcDbArc
 50
270.0
 51
0.0
  0
LINE
  5
807
330
70
100
AcDbEntity
  8
0
 48
0.2
100
AcDbLine
 10
140.6885386857358
 20
31.98154311357869
 30
0.0
 11
140.6885386857358
 21
28.98154311357869
 31
0.0
  0
INSERT
  5
808
330
70
100
AcDbEntity
  8
0
100
AcDbBlockReference
  2
ARB-P
 10
-12.75001382229422
 20
-31.02819324351494
 30
0.0
 41
0.6432718997341454
 42
0.6432718997341454
 43
0.6432718997341454
  0
INSERT
  5
809
330
70
100
AcDbEntity
  8
0
100
AcDbBlockReference
  2
ARB-P
 10
21.65045165974405
 20
-18.83606914002407
 30
0.0
 41
0.5017919943477409
 42
0.5017919943477409
 43
0.5017919943477409
  0
INSERT
  5
80A
330
70
100
AcDbEntity
  8
0
100
AcDbBlockReference
  2
ARB-P
 10
24.05558241667305
 20
-12.24030728760734
 30
0.0
 41
0.5017919943477409
 42
0.5017919943477409
 43
0.5017919943477409
  0
TEXT
  5
80B
330
70
100
AcDbEntity
  8
TEXTS_BASE
100
AcDbText
 10
150.3590263889943
 20
35.04030568711458
 30
0.0
 40
0.9599999999999999
  1
CALLE VICECOMODORO DE LA COLINA
 50
90.0
100
AcDbText
  0
TEXT
  5
80C
330
70
100
AcDbEntity
  8
TEXTS_BASE
100
AcDbText
 10
85.86118120041707
 20
25.96698906374898
 30
0.0
 40
0.9599999999999999
  1
CALLE  CARLOS UNDIANO
100
AcDbText
  0
LINE
  5
80D
330
70
100
AcDbEntity
  8
ROOF
100
AcDbLine
 10
132.3710161430896
 20
39.54001732168983
 30
0.0
 11
124.9710161430895
 21
39.54001732168983
 31
0.0
  0
HATCH
  5
80E
330
70
100
AcDbEntity
  8
HATCH2
 62
    18
420
        0
100
AcDbHatch
 10
0.0
 20
0.0
 30
0.0
210
0.0
220
0.0
230
1.0
  2
LINE
 70
     0
 71
     1
 91
        1
 92
        7
 72
     0
 73
     1
 93
        8
 10
124.8710161430894
 20
39.74001732168987
 10
132.3710161430894
 20
39.74001732168964
 10
132.3710161430896
 20
39.54001732168983
 10
132.7710161430895
 20
39.54001732168983
 10
132.7710161430895
 20
61.14001732169063
 10
132.1710161430898
 20
61.14001732169061
 10
132.1710161430898
 20
60.9400173216899
 10
124.8710161430894
 20
60.9400173216899
 97
        8
330
817
330
874
330
810
330
81A
330
80F
330
872
330
873
330
811
 75
     0
 76
     1
 52
0.0
 41
0.0532169446286272
 77
     0
 78
     1
 53
0.0
 43
85.34732379351217
 44
-15.44806207592304
 45
0.0
 46
0.1689637991958914
 79
     0
 47
0.0600705740195972
 98
        1
 10
127.5018269300514
 20
54.35563104824829
1001
ACAD
1010
0.0
1020
0.0
1030
0.0
  0
LINE
  5
80F
102
{ACAD_REACTORS
330
80E
102
}
330
70
100
AcDbEntity
  8
ROOF
100
AcDbLine
 10
132.3710161430894
 20
39.74001732168964
 30
0.0
 11
124.8710161430894
 21
39.74001732168987
 31
0.0
  0
LINE
  5
810
102
{ACAD_REACTORS
330
80E
102
}
330
70
100
AcDbEntity
  8
ROOF
100
AcDbLine
 10
132.1710161430898
 20
60.9400173216899
 30
0.0
 11
124.8710161430894
 21
60.9400173216899
 31
0.0
  0
LINE
  5
811
102
{ACAD_REACTORS
330
80E
102
}
330
70
100
AcDbEntity
  8
ROOF
100
AcDbLine
 10
132.7710161430895
 20
39.54001732168983
 30
0.0
 11
132.7710161430895
 21
61.14001732169063
 31
0.0
  0
HATCH
  5
812
330
70
100
AcDbEntity
  8
HATCH2
 62
    18
420
        0
100
AcDbHatch
 10
0.0
 20
0.0
 30
0.0
210
0.0
220
0.0
230
1.0
  2
LINE
 70
     0
 71
     1
 91
        1
 92
        7
 72
     0
 73
     1
 93
        6
 10
121.1771725783243
 20
50.14001732168973
 10
124.6257253940951
 20
53.54001732168982
 10
99.67101614308981
 20
53.54001732168982
 10
99.67101614308981
 20
46.44001732169082
 10
107.0710161430894
 20
46.44001732169082
 10
107.0710161430894
 20
50.14001732168973
 97
        6
330
890
330
869
330
813
330
81B
330
821
330
825
 75
     0
 76
     1
 52
450.0000000000105
 41
0.0532169446286272
 77
     0
 78
     1
 53
90.0
 43
85.34732379351217
 44
-15.44806207592304
 45
-0.1689637991958914
 46
-0.0000000000000312
 79
     0
 47
0.0600705740195972
 98
        1
 10
117.0388257318624
 20
51.59238432360385
1001
ACAD
1010
0.0
1020
0.0
1030
0.0
  0
LINE
  5
813
102
{ACAD_REACTORS
330
812
102
}
330
70
100
AcDbEntity
  8
ROOF
100
AcDbLine
 10
107.0710161430894
 20
46.44001732169082
 30
0.0
 11
99.67101614308981
 21
46.44001732169082
 31
0.0
  0
HATCH
  5
814
330
70
100
AcDbEntity
  8
HATCH2
 62
    18
420
        0
100
AcDbHatch
 10
0.0
 20
0.0
 30
0.0
210
0.0
220
0.0
230
1.0
  2
LINE
 70
     0
 71
     0
 91
        1
 92
        7
 72
     1
 73
     1
 93
       13
 10
124.6710161430891
 20
60.94001732168967
 42
0.0
 10
121.3710161430896
 20
60.94001732168967
 42
0.0
 10
116.9851205006408
 20
60.94001732168967
 42
-0.355393077119994
 10
117.0733247140455
 20
60.83159702274192
 42
-1.0
 10
116.851850662725
 20
60.83159702274192
 42
-0.1504126634756659
 10
116.8710161430903
 20
60.89386532081053
 42
0.0
 10
116.8710161430903
 20
60.94001732168967
 42
0.0
 10
99.77101614308972
 20
60.94001732168944
 42
0.0
 10
99.77101614308972
 20
53.74001732168964
 42
0.0
 10
99.67101614308958
 20
53.74001732168942
 42
0.0
 10
99.67101614308937
 20
53.54001732168982
 42
0.0
 10
124.6257253940952
 20
53.54001732168982
 42
0.0
 10
124.6710161430893
 20
53.58467041381452
 42
0.0
 97
        0
 75
     0
 76
     1
 52
450.0000000000105
 41
0.0532169446286272
 77
     0
 78
     1
 53
90.0
 43
85.34732379351217
 44
-15.44806207592304
 45
-0.1689637991958914
 46
-0.0000000000000312
 79
     0
 47
0.0600705740195972
 98
        3
 10
119.1434526832796
 20
55.37683041765436
 10
119.1434526832796
 20
55.37683041765436
 10
119.1434526832796
 20
55.37683041765436
1001
ACAD
1010
0.0
1020
0.0
1030
0.0
  0
LINE
  5
815
330
70
100
AcDbEntity
  8
ROOF
100
AcDbLine
 10
121.3710161430896
 20
60.94001732168967
 30
0.0
 11
118.9711198334945
 21
60.94001732168967
 31
0.0
  0
LINE
  5
816
330
70
100
AcDbEntity
  8
ROOF
100
AcDbLine
 10
116.3210161430894
 20
60.94001732168967
 30
0.0
 11
99.77101614308972
 21
60.94001732168967
 31
0.0
  0
LINE
  5
817
102
{ACAD_REACTORS
330
80E
102
}
330
70
100
AcDbEntity
  8
ROOF
100
AcDbLine
 10
132.7710161430895
 20
61.14001732169063
 30
0.0
 11
99.57101614308946
 21
61.14001732168972
 31
0.0
  0
HATCH
  5
818
330
70
100
AcDbEntity
  8
HATCH2
 62
    18
420
        0
100
AcDbHatch
 10
0.0
 20
0.0
 30
0.0
210
0.0
220
0.0
230
1.0
  2
LINE
 70
     0
 71
     1
 91
        1
 92
        7
 72
     0
 73
     1
 93
        7
 10
124.6710161430893
 20
53.30381174103346
 10
121.3196072793322
 20
49.9995879852992
 10
121.3196072793322
 20
41.35001732168386
 10
121.5210161476881
 20
41.35001732168363
 10
121.7210161430895
 20
41.35001732168363
 10
121.7210161430895
 20
39.54001732168961
 10
124.6710161430893
 20
39.54001732168981
 97
        7
330
826
330
81C
330
82B
330
88F
330
82A
330
82C
330
819
 75
     0
 76
     1
 52
0.0
 41
0.0532169446286272
 77
     0
 78
     1
 53
0.0
 43
85.34732379351217
 44
-15.44806207592304
 45
0.0
 46
0.1689637991958914
 79
     0
 47
0.0600705740195972
 98
        1
 10
123.4128380132212
 20
49.97047892137167
1001
ACAD
1010
0.0
1020
0.0
1030
0.0
  0
LINE
  5
819
102
{ACAD_REACTORS
330
818
330
A20
330
A23
102
}
330
70
100
AcDbEntity
  8
ROOF
100
AcDbLine
 10
124.6710161430893
 20
60.9400173216899
 30
0.0
 11
124.6710161430893
 21
39.54001732168983
 31
0.0
  0
LINE
  5
81A
102
{ACAD_REACTORS
330
80E
330
A14
102
}
330
70
100
AcDbEntity
  8
ROOF
100
AcDbLine
 10
124.8710161430894
 20
61.1400173216904
 30
0.0
 11
124.8710161430894
 21
39.74001732168987
 31
0.0
  0
LINE
  5
81B
102
{ACAD_REACTORS
330
812
330
A2C
102
}
330
70
100
AcDbEntity
  8
ROOF
100
AcDbLine
 10
107.0710161430894
 20
46.44001732169082
 30
0.0
 11
107.0710161430894
 21
50.14001732168973
 31
0.0
  0
LINE
  5
81C
102
{ACAD_REACTORS
330
818
102
}
330
70
100
AcDbEntity
  8
ROOF
100
AcDbLine
 10
121.3196072793322
 20
41.35001732168386
 30
0.0
 11
121.3196072793322
 21
50.14001732168973
 31
0.0
  0
LINE
  5
81D
330
70
100
AcDbEntity
  8
ROOF
100
AcDbLine
 10
119.0210161430897
 20
61.14001732169017
 30
0.0
 11
116.3210161430894
 21
61.14001732169017
 31
0.0
  0
LINE
  5
81E
330
70
100
AcDbEntity
  8
ROOF
100
AcDbLine
 10
119.0210161430897
 20
57.34001732169023
 30
0.0
 11
116.3210161430894
 21
57.34001732169023
 31
0.0
  0
LINE
  5
81F
330
70
100
AcDbEntity
  8
ROOF
100
AcDbLine
 10
118.8710161430896
 20
57.49001732169032
 30
0.0
 11
116.4710161430895
 21
57.49001732169032
 31
0.0
  0
LINE
  5
820
330
70
100
AcDbEntity
  8
ROOF
100
AcDbLine
 10
118.8710161430896
 20
60.99001732169031
 30
0.0
 11
116.4710161430895
 21
60.99001732169031
 31
0.0
  0
LINE
  5
821
102
{ACAD_REACTORS
330
812
330
A29
330
A2C
102
}
330
70
100
AcDbEntity
  8
ROOF
100
AcDbLine
 10
121.3196072793322
 20
50.14001732168973
 30
0.0
 11
107.0710161430894
 21
50.14001732168973
 31
0.0
  0
LINE
  5
822
330
70
100
AcDbEntity
  8
ROOF
100
AcDbLine
 10
124.6710161430893
 20
60.9400173216899
 30
0.0
 11
121.3710161430896
 21
60.94001732168967
 31
0.0
  0
LINE
  5
823
330
70
100
AcDbEntity
  8
ROOF
100
AcDbLine
 10
119.0210161430897
 20
57.34001732169023
 30
0.0
 11
119.0210161430897
 21
61.14001732169017
 31
0.0
  0
LINE
  5
824
330
70
100
AcDbEntity
  8
ROOF
100
AcDbLine
 10
118.8710161430896
 20
57.49001732169032
 30
0.0
 11
118.8710161430896
 21
60.99001732169031
 31
0.0
  0
LINE
  5
825
102
{ACAD_REACTORS
330
812
102
}
330
70
100
AcDbEntity
  8
ROOF
100
AcDbLine
 10
121.1771725783243
 20
50.14001732168973
 30
0.0
 11
124.6710161430893
 21
53.58467041381474
 31
0.0
  0
LINE
  5
826
102
{ACAD_REACTORS
330
818
102
}
330
70
100
AcDbEntity
  8
ROOF
100
AcDbLine
 10
121.3196072793322
 20
49.9995879852992
 30
0.0
 11
124.6710161430893
 21
53.30381174103346
 31
0.0
  0
LINE
  5
827
102
{ACAD_REACTORS
330
A26
102
}
330
70
100
AcDbEntity
  8
ROOF
100
AcDbLine
 10
121.3196072793322
 20
50.14001732168973
 30
0.0
 11
124.6710161430893
 21
53.44424107742422
 31
0.0
  0
LINE
  5
828
330
70
100
AcDbEntity
  8
ROOF
100
AcDbLine
 10
116.3210161430894
 20
57.34001732169023
 30
0.0
 11
116.3210161430894
 21
61.14001732169017
 31
0.0
  0
LINE
  5
829
330
70
100
AcDbEntity
  8
ROOF
100
AcDbLine
 10
116.4710161430895
 20
57.49001732169032
 30
0.0
 11
116.4710161430895
 21
60.99001732169031
 31
0.0
  0
LINE
  5
82A
102
{ACAD_REACTORS
330
818
102
}
330
70
100
AcDbEntity
  8
ROOF
100
AcDbLine
 10
121.7210161430895
 20
41.35001732168363
 30
0.0
 11
121.7210161430895
 21
39.5400173216896
 31
0.0
  0
LINE
  5
82B
102
{ACAD_REACTORS
330
818
102
}
330
70
100
AcDbEntity
  8
ROOF
100
AcDbLine
 10
121.5210161476881
 20
41.35001732168363
 30
0.0
 11
121.3196072793322
 21
41.35001732168386
 31
0.0
  0
LINE
  5
82C
102
{ACAD_REACTORS
330
818
330
A23
102
}
330
70
100
AcDbEntity
  8
ROOF
100
AcDbLine
 10
121.5210161430897
 20
39.5400173216896
 30
0.0
 11
124.9710161430895
 21
39.54001732168983
 31
0.0
  0
LINE
  5
82D
330
70
100
AcDbEntity
  8
ROOF
100
AcDbLine
 10
99.77101614308972
 20
53.74001732168964
 30
0.0
 11
99.77101614308972
 21
60.94001732168967
 31
0.0
  0
LINE
  5
82E
330
70
100
AcDbEntity
  8
ROOF
100
AcDbLine
 10
121.5210161476877
 20
39.5400173216896
 30
0.0
 11
121.5210161476881
 21
41.35001732168386
 31
0.0
  0
LINE
  5
82F
330
70
100
AcDbEntity
  8
ROOF
 48
0.2
100
AcDbLine
 10
121.421016147688
 20
40.64001763090088
 30
0.0
 11
121.421016147688
 21
40.79001782386914
 31
0.0
  0
LINE
  5
830
330
70
100
AcDbEntity
  8
AUX_ROOF
100
AcDbLine
 10
111.9661499174582
 20
56.75698670042372
 30
0.0
 11
111.9661499174582
 21
55.46971854345194
 31
0.0
  0
LINE
  5
831
330
70
100
AcDbEntity
  8
AUX_ROOF
100
AcDbLine
 10
111.52221626218
 20
56.75698670042372
 30
0.0
 11
111.9661499174582
 21
56.75698670042372
 31
0.0
  0
LINE
  5
832
330
70
100
AcDbEntity
  8
AUX_ROOF
100
AcDbLine
 10
112.3697259677111
 20
57.16708983007849
 30
0.0
 11
111.52221626218
 21
56.75698670042372
 31
0.0
  0
LINE
  5
833
330
70
100
AcDbEntity
  8
AUX_ROOF
100
AcDbLine
 10
111.9661499174582
 20
57.16708983007849
 30
0.0
 11
112.3697259677111
 21
57.16708983007849
 31
0.0
  0
LINE
  5
834
330
70
100
AcDbEntity
  8
AUX_ROOF
100
AcDbLine
 10
111.9661499174582
 20
55.46971854345194
 30
0.0
 11
111.4011434471041
 21
55.98234745552046
 31
0.0
  0
LINE
  5
835
330
70
100
AcDbEntity
  8
AUX_ROOF
100
AcDbLine
 10
111.9661499174582
 20
55.46971854345194
 30
0.0
 11
112.5311563878123
 21
55.98234745552046
 31
0.0
  0
LINE
  5
836
330
70
100
AcDbEntity
  8
AUX_ROOF
100
AcDbLine
 10
111.9661499174582
 20
55.46971854345194
 30
0.0
 11
112.5311563878123
 21
55.98234745552046
 31
0.0
  0
LINE
  5
837
330
70
100
AcDbEntity
  8
AUX_ROOF
100
AcDbLine
 10
111.9661499174582
 20
58.20373940781669
 30
0.0
 11
111.9661499174582
 21
57.16708983007849
 31
0.0
  0
LINE
  5
838
330
70
100
AcDbEntity
  8
AUX_ROOF
100
AcDbLine
 10
122.9926212789125
 20
43.12807160570939
 30
0.0
 11
122.0731440239327
 21
43.12807160570939
 31
0.0
  0
LINE
  5
839
330
70
100
AcDbEntity
  8
AUX_ROOF
100
AcDbLine
 10
122.9926212789125
 20
43.44516707376525
 30
0.0
 11
122.9926212789125
 21
43.12807160570939
 31
0.0
  0
LINE
  5
83A
330
70
100
AcDbEntity
  8
AUX_ROOF
100
AcDbLine
 10
123.2855520858087
 20
42.83980299838587
 30
0.0
 11
122.9926212789125
 21
43.44516707376525
 31
0.0
  0
LINE
  5
83B
330
70
100
AcDbEntity
  8
AUX_ROOF
100
AcDbLine
 10
123.2855520858087
 20
43.12807160570939
 30
0.0
 11
123.2855520858087
 21
42.83980299838587
 31
0.0
  0
LINE
  5
83C
330
70
100
AcDbEntity
  8
AUX_ROOF
100
AcDbLine
 10
122.0731440239327
 20
43.12807160570939
 30
0.0
 11
122.439307532553
 21
43.53164765596231
 31
0.0
  0
LINE
  5
83D
330
70
100
AcDbEntity
  8
AUX_ROOF
100
AcDbLine
 10
122.0731440239327
 20
43.12807160570939
 30
0.0
 11
122.439307532553
 21
42.72449555545646
 31
0.0
  0
LINE
  5
83E
330
70
100
AcDbEntity
  8
AUX_ROOF
100
AcDbLine
 10
122.0731440239327
 20
43.12807160570939
 30
0.0
 11
122.439307532553
 21
42.72449555545646
 31
0.0
  0
LINE
  5
83F
330
70
100
AcDbEntity
  8
AUX_ROOF
100
AcDbLine
 10
124.0260160699075
 20
43.12807160570939
 30
0.0
 11
123.2855520858087
 21
43.12807160570939
 31
0.0
  0
LINE
  5
840
330
70
100
AcDbEntity
  8
AUX_ROOF
100
AcDbLine
 10
122.9926212789125
 20
47.72034852237053
 30
0.0
 11
122.0731440239327
 21
47.72034852237053
 31
0.0
  0
LINE
  5
841
330
70
100
AcDbEntity
  8
AUX_ROOF
100
AcDbLine
 10
122.9926212789125
 20
48.0374439904264
 30
0.0
 11
122.9926212789125
 21
47.72034852237053
 31
0.0
  0
LINE
  5
842
330
70
100
AcDbEntity
  8
AUX_ROOF
100
AcDbLine
 10
123.2855520858087
 20
47.43207991504702
 30
0.0
 11
122.9926212789125
 21
48.0374439904264
 31
0.0
  0
LINE
  5
843
330
70
100
AcDbEntity
  8
AUX_ROOF
100
AcDbLine
 10
123.2855520858087
 20
47.72034852237053
 30
0.0
 11
123.2855520858087
 21
47.43207991504702
 31
0.0
  0
LINE
  5
844
330
70
100
AcDbEntity
  8
AUX_ROOF
100
AcDbLine
 10
122.0731440239327
 20
47.72034852237053
 30
0.0
 11
122.439307532553
 21
48.12392457262346
 31
0.0
  0
LINE
  5
845
330
70
100
AcDbEntity
  8
AUX_ROOF
100
AcDbLine
 10
122.0731440239327
 20
47.72034852237053
 30
0.0
 11
122.439307532553
 21
47.31677247211761
 31
0.0
  0
LINE
  5
846
330
70
100
AcDbEntity
  8
AUX_ROOF
100
AcDbLine
 10
122.0731440239327
 20
47.72034852237053
 30
0.0
 11
122.439307532553
 21
47.31677247211761
 31
0.0
  0
LINE
  5
847
330
70
100
AcDbEntity
  8
AUX_ROOF
100
AcDbLine
 10
124.0260160699075
 20
47.72034852237053
 30
0.0
 11
123.2855520858087
 21
47.72034852237053
 31
0.0
  0
LINE
  5
848
330
70
100
AcDbEntity
  8
AUX_ROOF
100
AcDbLine
 10
120.9176223050314
 20
56.75698670042372
 30
0.0
 11
120.9176223050314
 21
55.46971854345194
 31
0.0
  0
LINE
  5
849
330
70
100
AcDbEntity
  8
AUX_ROOF
100
AcDbLine
 10
120.4736886497532
 20
56.75698670042372
 30
0.0
 11
120.9176223050314
 21
56.75698670042372
 31
0.0
  0
LINE
  5
84A
330
70
100
AcDbEntity
  8
AUX_ROOF
100
AcDbLine
 10
121.3211983552843
 20
57.16708983007849
 30
0.0
 11
120.4736886497532
 21
56.75698670042372
 31
0.0
  0
LINE
  5
84B
330
70
100
AcDbEntity
  8
AUX_ROOF
100
AcDbLine
 10
120.9176223050314
 20
57.16708983007849
 30
0.0
 11
121.3211983552843
 21
57.16708983007849
 31
0.0
  0
LINE
  5
84C
330
70
100
AcDbEntity
  8
AUX_ROOF
100
AcDbLine
 10
120.9176223050314
 20
55.46971854345194
 30
0.0
 11
120.3526158346773
 21
55.98234745552046
 31
0.0
  0
LINE
  5
84D
330
70
100
AcDbEntity
  8
AUX_ROOF
100
AcDbLine
 10
120.9176223050314
 20
55.46971854345194
 30
0.0
 11
121.4826287753855
 21
55.98234745552046
 31
0.0
  0
LINE
  5
84E
330
70
100
AcDbEntity
  8
AUX_ROOF
100
AcDbLine
 10
120.9176223050314
 20
55.46971854345194
 30
0.0
 11
121.4826287753855
 21
55.98234745552046
 31
0.0
  0
LINE
  5
84F
330
70
100
AcDbEntity
  8
AUX_ROOF
100
AcDbLine
 10
120.9176223050314
 20
58.20373940781669
 30
0.0
 11
120.9176223050314
 21
57.16708983007849
 31
0.0
  0
LINE
  5
850
330
70
100
AcDbEntity
  8
AUX_ROOF
100
AcDbLine
 10
116.7394843092164
 20
51.75418996075806
 30
0.0
 11
116.7394843092164
 21
50.83471270577835
 31
0.0
  0
LINE
  5
851
330
70
100
AcDbEntity
  8
AUX_ROOF
100
AcDbLine
 10
116.4223888411606
 20
51.75418996075806
 30
0.0
 11
116.7394843092164
 21
51.75418996075806
 31
0.0
  0
LINE
  5
852
330
70
100
AcDbEntity
  8
AUX_ROOF
100
AcDbLine
 10
117.0277529165399
 20
52.04712076765432
 30
0.0
 11
116.4223888411606
 21
51.75418996075806
 31
0.0
  0
LINE
  5
853
330
70
100
AcDbEntity
  8
AUX_ROOF
100
AcDbLine
 10
116.7394843092164
 20
52.04712076765432
 30
0.0
 11
117.0277529165399
 21
52.04712076765432
 31
0.0
  0
LINE
  5
854
330
70
100
AcDbEntity
  8
AUX_ROOF
100
AcDbLine
 10
116.7394843092164
 20
50.83471270577835
 30
0.0
 11
116.3359082589635
 21
51.20087621439862
 31
0.0
  0
LINE
  5
855
330
70
100
AcDbEntity
  8
AUX_ROOF
100
AcDbLine
 10
116.7394843092164
 20
50.83471270577835
 30
0.0
 11
117.1430603594694
 21
51.20087621439862
 31
0.0
  0
LINE
  5
856
330
70
100
AcDbEntity
  8
AUX_ROOF
100
AcDbLine
 10
116.7394843092164
 20
50.83471270577835
 30
0.0
 11
117.1430603594694
 21
51.20087621439862
 31
0.0
  0
LINE
  5
857
330
70
100
AcDbEntity
  8
AUX_ROOF
100
AcDbLine
 10
116.7394843092164
 20
52.78758475175315
 30
0.0
 11
116.7394843092164
 21
52.04712076765432
 31
0.0
  0
LINE
  5
858
330
70
100
AcDbEntity
  8
AUX_ROOF
100
AcDbLine
 10
110.9453351128944
 20
51.75418996075806
 30
0.0
 11
110.9453351128944
 21
50.83471270577835
 31
0.0
  0
LINE
  5
859
330
70
100
AcDbEntity
  8
AUX_ROOF
100
AcDbLine
 10
110.6282396448386
 20
51.75418996075806
 30
0.0
 11
110.9453351128944
 21
51.75418996075806
 31
0.0
  0
LINE
  5
85A
330
70
100
AcDbEntity
  8
AUX_ROOF
100
AcDbLine
 10
111.2336037202179
 20
52.04712076765432
 30
0.0
 11
110.6282396448386
 21
51.75418996075806
 31
0.0
  0
LINE
  5
85B
330
70
100
AcDbEntity
  8
AUX_ROOF
100
AcDbLine
 10
110.9453351128944
 20
52.04712076765432
 30
0.0
 11
111.2336037202179
 21
52.04712076765432
 31
0.0
  0
LINE
  5
85C
330
70
100
AcDbEntity
  8
AUX_ROOF
100
AcDbLine
 10
110.9453351128944
 20
50.83471270577835
 30
0.0
 11
110.5417590626415
 21
51.20087621439862
 31
0.0
  0
LINE
  5
85D
330
70
100
AcDbEntity
  8
AUX_ROOF
100
AcDbLine
 10
110.9453351128944
 20
50.83471270577835
 30
0.0
 11
111.3489111631474
 21
51.20087621439862
 31
0.0
  0
LINE
  5
85E
330
70
100
AcDbEntity
  8
AUX_ROOF
100
AcDbLine
 10
110.9453351128944
 20
50.83471270577835
 30
0.0
 11
111.3489111631474
 21
51.20087621439862
 31
0.0
  0
LINE
  5
85F
330
70
100
AcDbEntity
  8
AUX_ROOF
100
AcDbLine
 10
110.9453351128944
 20
52.78758475175315
 30
0.0
 11
110.9453351128944
 21
52.04712076765432
 31
0.0
  0
LINE
  5
860
330
70
100
AcDbEntity
  8
AUX_ROOF
100
AcDbLine
 10
103.595324827504
 20
52.20857748286418
 30
0.0
 11
103.595324827504
 21
50.2304456872245
 31
0.0
  0
LINE
  5
861
330
70
100
AcDbEntity
  8
AUX_ROOF
100
AcDbLine
 10
103.595324827504
 20
47.80885704908738
 30
0.0
 11
104.1603312978583
 21
48.32148596115568
 31
0.0
  0
LINE
  5
862
330
70
100
AcDbEntity
  8
AUX_ROOF
100
AcDbLine
 10
103.595324827504
 20
47.80885704908738
 30
0.0
 11
104.1603312978583
 21
48.32148596115568
 31
0.0
  0
LINE
  5
863
330
70
100
AcDbEntity
  8
AUX_ROOF
100
AcDbLine
 10
103.595324827504
 20
47.80885704908738
 30
0.0
 11
103.0303183571499
 21
48.32148596115568
 31
0.0
  0
LINE
  5
864
330
70
100
AcDbEntity
  8
AUX_ROOF
100
AcDbLine
 10
103.595324827504
 20
50.2304456872245
 30
0.0
 11
103.9989008777571
 21
50.2304456872245
 31
0.0
  0
LINE
  5
865
330
70
100
AcDbEntity
  8
AUX_ROOF
100
AcDbLine
 10
103.9989008777571
 20
50.2304456872245
 30
0.0
 11
103.1513911722258
 21
49.82034255756995
 31
0.0
  0
LINE
  5
866
330
70
100
AcDbEntity
  8
AUX_ROOF
100
AcDbLine
 10
103.1513911722258
 20
49.82034255756995
 30
0.0
 11
103.595324827504
 21
49.82034255756995
 31
0.0
  0
LINE
  5
867
330
70
100
AcDbEntity
  8
AUX_ROOF
100
AcDbLine
 10
103.595324827504
 20
49.82034255756995
 30
0.0
 11
103.595324827504
 21
47.80885704908738
 31
0.0
  0
LINE
  5
868
330
70
100
AcDbEntity
  8
ROOF
100
AcDbLine
 10
99.77101614308972
 20
53.74001732168964
 30
0.0
 11
99.67101614308981
 21
53.74001732168964
 31
0.0
  0
LINE
  5
869
102
{ACAD_REACTORS
330
812
330
A2F
330
A32
102
}
330
70
100
AcDbEntity
  8
ROOF
100
AcDbLine
 10
99.67101614308981
 20
53.74001732168964
 30
0.0
 11
99.67101614308981
 21
46.44001732169082
 31
0.0
  0
LINE
  5
86A
330
70
100
AcDbEntity
  8
AUX_ROOF
100
AcDbLine
 10
104.6894430243193
 20
56.75698670042372
 30
0.0
 11
104.6894430243193
 21
55.46971854345194
 31
0.0
  0
LINE
  5
86B
330
70
100
AcDbEntity
  8
AUX_ROOF
100
AcDbLine
 10
104.2455093690411
 20
56.75698670042372
 30
0.0
 11
104.6894430243193
 21
56.75698670042372
 31
0.0
  0
LINE
  5
86C
330
70
100
AcDbEntity
  8
AUX_ROOF
100
AcDbLine
 10
105.0930190745722
 20
57.16708983007849
 30
0.0
 11
104.2455093690411
 21
56.75698670042372
 31
0.0
  0
LINE
  5
86D
330
70
100
AcDbEntity
  8
AUX_ROOF
100
AcDbLine
 10
104.6894430243193
 20
57.16708983007849
 30
0.0
 11
105.0930190745722
 21
57.16708983007849
 31
0.0
  0
LINE
  5
86E
330
70
100
AcDbEntity
  8
AUX_ROOF
100
AcDbLine
 10
104.6894430243193
 20
55.46971854345194
 30
0.0
 11
104.1244365539652
 21
55.98234745552046
 31
0.0
  0
LINE
  5
86F
330
70
100
AcDbEntity
  8
AUX_ROOF
100
AcDbLine
 10
104.6894430243193
 20
55.46971854345194
 30
0.0
 11
105.2544494946734
 21
55.98234745552046
 31
0.0
  0
LINE
  5
870
330
70
100
AcDbEntity
  8
AUX_ROOF
100
AcDbLine
 10
104.6894430243193
 20
55.46971854345194
 30
0.0
 11
105.2544494946734
 21
55.98234745552046
 31
0.0
  0
LINE
  5
871
330
70
100
AcDbEntity
  8
AUX_ROOF
100
AcDbLine
 10
104.6894430243193
 20
58.20373940781669
 30
0.0
 11
104.6894430243193
 21
57.16708983007849
 31
0.0
  0
LINE
  5
872
102
{ACAD_REACTORS
330
80E
102
}
330
70
100
AcDbEntity
  8
ROOF
100
AcDbLine
 10
132.3710161430896
 20
39.54001732168983
 30
0.0
 11
132.3710161430894
 21
39.74001732168987
 31
0.0
  0
LINE
  5
873
102
{ACAD_REACTORS
330
80E
102
}
330
70
100
AcDbEntity
  8
ROOF
100
AcDbLine
 10
132.7710161430895
 20
39.54001732168983
 30
0.0
 11
132.3710161430894
 21
39.54001732168983
 31
0.0
  0
LINE
  5
874
102
{ACAD_REACTORS
330
80E
102
}
330
70
100
AcDbEntity
  8
ROOF
100
AcDbLine
 10
132.1710161430898
 20
60.9400173216899
 30
0.0
 11
132.1710161430898
 21
61.14001732168972
 31
0.0
  0
LINE
  5
875
330
70
100
AcDbEntity
  8
AUX_ROOF
100
AcDbLine
 10
128.9004614391298
 20
56.61941629788604
 30
0.0
 11
129.8199386941095
 21
56.61941629788604
 31
0.0
  0
LINE
  5
876
330
70
100
AcDbEntity
  8
AUX_ROOF
100
AcDbLine
 10
128.9004614391298
 20
56.30232082983017
 30
0.0
 11
128.9004614391298
 21
56.61941629788604
 31
0.0
  0
LINE
  5
877
330
70
100
AcDbEntity
  8
AUX_ROOF
100
AcDbLine
 10
128.6075306322335
 20
56.90768490520955
 30
0.0
 11
128.9004614391298
 21
56.30232082983017
 31
0.0
  0
LINE
  5
878
330
70
100
AcDbEntity
  8
AUX_ROOF
100
AcDbLine
 10
128.6075306322335
 20
56.61941629788604
 30
0.0
 11
128.6075306322335
 21
56.90768490520955
 31
0.0
  0
LINE
  5
879
330
70
100
AcDbEntity
  8
AUX_ROOF
100
AcDbLine
 10
129.8199386941095
 20
56.61941629788604
 30
0.0
 11
129.4537751854892
 21
56.21584024763311
 31
0.0
  0
LINE
  5
87A
330
70
100
AcDbEntity
  8
AUX_ROOF
100
AcDbLine
 10
129.8199386941095
 20
56.61941629788604
 30
0.0
 11
129.4537751854892
 21
57.02299234813896
 31
0.0
  0
LINE
  5
87B
330
70
100
AcDbEntity
  8
AUX_ROOF
100
AcDbLine
 10
129.8199386941095
 20
56.61941629788604
 30
0.0
 11
129.4537751854892
 21
57.02299234813896
 31
0.0
  0
LINE
  5
87C
330
70
100
AcDbEntity
  8
AUX_ROOF
100
AcDbLine
 10
127.8670666481347
 20
56.61941629788604
 30
0.0
 11
128.6075306322335
 21
56.61941629788604
 31
0.0
  0
LINE
  5
87D
330
70
100
AcDbEntity
  8
AUX_ROOF
100
AcDbLine
 10
128.9336403801125
 20
50.7435446886781
 30
0.0
 11
129.8531176350922
 21
50.7435446886781
 31
0.0
  0
LINE
  5
87E
330
70
100
AcDbEntity
  8
AUX_ROOF
100
AcDbLine
 10
128.9336403801125
 20
50.42644922062224
 30
0.0
 11
128.9336403801125
 21
50.7435446886781
 31
0.0
  0
LINE
  5
87F
330
70
100
AcDbEntity
  8
AUX_ROOF
100
AcDbLine
 10
128.6407095732162
 20
51.03181329600162
 30
0.0
 11
128.9336403801125
 21
50.42644922062224
 31
0.0
  0
LINE
  5
880
330
70
100
AcDbEntity
  8
AUX_ROOF
100
AcDbLine
 10
128.6407095732162
 20
50.7435446886781
 30
0.0
 11
128.6407095732162
 21
51.03181329600162
 31
0.0
  0
LINE
  5
881
330
70
100
AcDbEntity
  8
AUX_ROOF
100
AcDbLine
 10
129.8531176350922
 20
50.7435446886781
 30
0.0
 11
129.4869541264719
 21
50.33996863842518
 31
0.0
  0
LINE
  5
882
330
70
100
AcDbEntity
  8
AUX_ROOF
100
AcDbLine
 10
129.8531176350922
 20
50.7435446886781
 30
0.0
 11
129.4869541264719
 21
51.14712073893103
 31
0.0
  0
LINE
  5
883
330
70
100
AcDbEntity
  8
AUX_ROOF
100
AcDbLine
 10
129.8531176350922
 20
50.7435446886781
 30
0.0
 11
129.4869541264719
 21
51.14712073893103
 31
0.0
  0
LINE
  5
884
330
70
100
AcDbEntity
  8
AUX_ROOF
100
AcDbLine
 10
127.9002455891174
 20
50.7435446886781
 30
0.0
 11
128.6407095732162
 21
50.7435446886781
 31
0.0
  0
LINE
  5
885
330
70
100
AcDbEntity
  8
AUX_ROOF
100
AcDbLine
 10
128.9004614391298
 20
44.3523097588417
 30
0.0
 11
129.8199386941095
 21
44.3523097588417
 31
0.0
  0
LINE
  5
886
330
70
100
AcDbEntity
  8
AUX_ROOF
100
AcDbLine
 10
128.9004614391298
 20
44.03521429078583
 30
0.0
 11
128.9004614391298
 21
44.3523097588417
 31
0.0
  0
LINE
  5
887
330
70
100
AcDbEntity
  8
AUX_ROOF
100
AcDbLine
 10
128.6075306322335
 20
44.64057836616522
 30
0.0
 11
128.9004614391298
 21
44.03521429078583
 31
0.0
  0
LINE
  5
888
330
70
100
AcDbEntity
  8
AUX_ROOF
100
AcDbLine
 10
128.6075306322335
 20
44.3523097588417
 30
0.0
 11
128.6075306322335
 21
44.64057836616522
 31
0.0
  0
LINE
  5
889
330
70
100
AcDbEntity
  8
AUX_ROOF
100
AcDbLine
 10
129.8199386941095
 20
44.3523097588417
 30
0.0
 11
129.4537751854892
 21
43.94873370858878
 31
0.0
  0
LINE
  5
88A
330
70
100
AcDbEntity
  8
AUX_ROOF
100
AcDbLine
 10
129.8199386941095
 20
44.3523097588417
 30
0.0
 11
129.4537751854892
 21
44.75588580909462
 31
0.0
  0
LINE
  5
88B
330
70
100
AcDbEntity
  8
AUX_ROOF
100
AcDbLine
 10
129.8199386941095
 20
44.3523097588417
 30
0.0
 11
129.4537751854892
 21
44.75588580909462
 31
0.0
  0
LINE
  5
88C
330
70
100
AcDbEntity
  8
AUX_ROOF
100
AcDbLine
 10
127.8670666481347
 20
44.3523097588417
 30
0.0
 11
128.6075306322335
 21
44.3523097588417
 31
0.0
  0
TEXT
  5
88D
330
70
100
AcDbEntity
  8
textos
100
AcDbText
 10
49.22119011857413
 20
62.37712240284113
 30
0.0
 40
0.2
  1
CERCO PERIMETRAL
100
AcDbText
  0
LINE
  5
88E
330
70
100
AcDbEntity
  8
ROOF
100
AcDbLine
 10
99.67101614308981
 20
53.74001732168964
 30
0.0
 11
99.57101614308946
 21
53.74001732168964
 31
0.0
  0
LINE
  5
88F
102
{ACAD_REACTORS
330
818
102
}
330
70
100
AcDbEntity
  8
ROOF
100
AcDbLine
 10
121.5210161476881
 20
41.35001732168386
 30
0.0
 11
121.7210161430895
 21
41.35001732168363
 31
0.0
  0
LINE
  5
890
102
{ACAD_REACTORS
330
812
102
}
330
70
100
AcDbEntity
  8
ROOF
100
AcDbLine
 10
124.6710161430893
 20
53.54001732168982
 30
0.0
 11
99.67101614308981
 21
53.54001732168982
 31
0.0
  0
INSERT
  5
891
330
70
100
AcDbEntity
  8
0
100
AcDbBlockReference
  2
ARB
 10
140.5465027182098
 20
54.38273840499906
 30
0.0
 41
2.059715914277215
 42
2.059715914277215
 43
2.059715914277215
  0
INSERT
  5
892
330
70
100
AcDbEntity
  8
0
100
AcDbBlockReference
  2
ARB
 10
140.5784849508481
 20
50.51559504821026
 30
0.0
 41
2.059715914277215
 42
2.059715914277215
 43
2.059715914277215
  0
INSERT
  5
893
330
70
100
AcDbEntity
  8
0
100
AcDbBlockReference
  2
ARB
 10
140.5465027182098
 20
46.80824918472891
 30
0.0
 41
2.059715914277215
 42
2.059715914277215
 43
2.059715914277215
  0
INSERT
  5
894
330
70
100
AcDbEntity
  8
0
100
AcDbBlockReference
  2
ARB
 10
45.67310769712153
 20
36.72029804916102
 30
0.0
 41
2.059715914277215
 42
2.059715914277215
 43
2.059715914277215
  0
INSERT
  5
895
330
70
100
AcDbEntity
  8
0
100
AcDbBlockReference
  2
ARB
 10
49.33819457247378
 20
36.72029804916102
 30
0.0
 41
2.059715914277215
 42
2.059715914277215
 43
2.059715914277215
  0
INSERT
  5
896
330
70
100
AcDbEntity
  8
0
100
AcDbBlockReference
  2
ARB
 10
53.03818687772642
 20
36.72029804916102
 30
0.0
 41
2.059715914277215
 42
2.059715914277215
 43
2.059715914277215
  0
INSERT
  5
897
330
70
100
AcDbEntity
  8
0
100
AcDbBlockReference
  2
ARB
 10
44.52411646163059
 20
58.86784439267594
 30
0.0
 41
2.059715914277215
 42
2.059715914277215
 43
2.059715914277215
  0
LWPOLYLINE
  5
898
102
{ACAD_REACTORS
330
A3C
102
}
330
70
100
AcDbEntity
  8
ROOF
100
AcDbPolyline
 90
        5
 70
     0
 43
0.0
 10
49.07100586181051
 20
57.43967351676444
 10
47.5710058618105
 20
57.44054902645386
 10
47.5710058618105
 20
50.24001778060203
 10
49.07100586181027
 20
50.24001778060203
 10
49.07100586181027
 20
57.43967351676444
  0
LWPOLYLINE
  5
899
102
{ACAD_REACTORS
330
A1A
330
A1D
102
}
330
70
100
AcDbEntity
  8
ROOF
100
AcDbPolyline
 90
        5
 70
     0
 43
0.0
 10
130.7710058618049
 20
35.44001778060389
 10
132.2710058618098
 20
35.44001778060412
 10
132.2710058618096
 20
39.54001778060312
 10
130.7710058618096
 20
39.54001778060289
 10
130.7710058618103
 20
35.44001778060389
  0
LINE
  5
89A
330
70
100
AcDbEntity
  8
ROOF
100
AcDbLine
 10
49.07100586181027
 20
61.14054902645412
 30
0.0
 11
70.5710058618105
 21
61.14054902645412
 31
0.0
  0
LINE
  5
89B
102
{ACAD_REACTORS
330
A11
330
AEC
102
}
330
70
100
AcDbEntity
  8
ROOF
100
AcDbLine
 10
77.77100586180707
 20
61.14054902645412
 30
0.0
 11
77.77100586180752
 21
50.24001778060156
 31
0.0
  0
LINE
  5
89C
330
70
100
AcDbEntity
  8
ROOF
100
AcDbLine
 10
49.07100586181027
 20
50.24001778060156
 30
0.0
 11
49.07100586181027
 21
61.14054902645412
 31
0.0
  0
LINE
  5
89D
102
{ACAD_REACTORS
330
AF1
102
}
330
70
100
AcDbEntity
  8
ROOF
100
AcDbLine
 10
77.77455837630924
 20
60.14066424489501
 30
0.0
 11
70.57100586181118
 21
60.14066424489501
 31
0.0
  0
LINE
  5
89E
330
70
100
AcDbEntity
  8
ROOF
100
AcDbLine
 10
77.97100586179984
 20
61.14001732168972
 30
0.0
 11
77.77101614308533
 21
61.14001732168949
 31
0.0
  0
LINE
  5
89F
330
70
100
AcDbEntity
  8
ROOF
100
AcDbLine
 10
77.7710161430851
 20
43.04001732168959
 30
0.0
 11
77.97100586179984
 21
43.04001732168959
 31
0.0
  0
LINE
  5
8A0
330
70
100
AcDbEntity
  8
ROOF
100
AcDbLine
 10
92.17101614308065
 20
43.04001732168369
 30
0.0
 11
92.37101614308501
 21
43.04001732168345
 31
0.0
  0
LINE
  5
8A1
330
70
100
AcDbEntity
  8
ROOF
100
AcDbLine
 10
77.77101614308488
 20
42.6400173216895
 30
0.0
 11
92.37101614308478
 21
42.64001732168336
 31
0.0
  0
LINE
  5
8A2
102
{ACAD_REACTORS
330
AE6
330
AE9
102
}
330
70
100
AcDbEntity
  8
ROOF
100
AcDbLine
 10
70.57100586180677
 20
50.14001732170885
 30
0.0
 11
77.77100586180748
 21
50.14001732170592
 31
0.0
  0
LINE
  5
8A3
330
70
100
AcDbEntity
  8
ROOF
100
AcDbLine
 10
77.77455837630926
 20
59.94013254012923
 30
0.0
 11
76.17100593600341
 21
59.94013254012915
 31
0.0
  0
LINE
  5
8A4
330
70
100
AcDbEntity
  8
ROOF
100
AcDbLine
 10
73.52100593600053
 20
59.94013254012906
 30
0.0
 11
70.7745583763134
 21
59.94013254012894
 31
0.0
  0
LINE
  5
8A5
102
{ACAD_REACTORS
330
AEC
102
}
330
70
100
AcDbEntity
  8
ROOF
100
AcDbLine
 10
85.07100586181278
 20
53.54001732168963
 30
0.0
 11
70.57100586181118
 21
53.54001732168917
 31
0.0
  0
LINE
  5
8A6
330
70
100
AcDbEntity
  8
ROOF
100
AcDbLine
 10
70.37100784349255
 20
50.24001774356108
 30
0.0
 11
70.3710058618066
 21
60.94001732168944
 31
0.0
  0
LINE
  5
8A7
330
70
100
AcDbEntity
  8
ROOF
100
AcDbLine
 10
70.57100586181118
 20
53.54001732168985
 30
0.0
 11
70.57100586181118
 21
61.14001732168929
 31
0.0
  0
LINE
  5
8A8
330
70
100
AcDbEntity
  8
ROOF
100
AcDbLine
 10
70.77100586181145
 20
50.24001774356049
 30
0.0
 11
70.7745583763134
 21
59.94013254012894
 31
0.0
  0
LINE
  5
8A9
330
70
100
AcDbEntity
  8
ROOF
100
AcDbLine
 10
92.17101614308065
 20
43.04001732168345
 30
0.0
 11
92.17101614308065
 21
50.14001732168973
 31
0.0
  0
LINE
  5
8AA
330
70
100
AcDbEntity
  8
ROOF
100
AcDbLine
 10
92.3710161430807
 20
43.04001732168369
 30
0.0
 11
92.37101614308047
 21
50.14001732168973
 31
0.0
  0
LINE
  5
8AB
330
70
100
AcDbEntity
  8
ROOF
100
AcDbLine
 10
70.57100586180677
 20
50.24001774356078
 30
0.0
 11
70.57100586181118
 21
53.54001732168985
 31
0.0
  0
LINE
  5
8AC
102
{ACAD_REACTORS
330
AE2
102
}
330
70
100
AcDbEntity
  8
ROOF
100
AcDbLine
 10
77.77100586180752
 20
50.24001778060156
 30
0.0
 11
77.77100586180456
 21
43.04001732168959
 31
0.0
  0
LINE
  5
8AD
330
70
100
AcDbEntity
  8
ROOF
100
AcDbLine
 10
68.09257614786671
 20
50.24001778060156
 30
0.0
 11
67.89257614786667
 21
50.24001778060156
 31
0.0
  0
LINE
  5
8AE
330
70
100
AcDbEntity
  8
ROOF
100
AcDbLine
 10
70.37100586181091
 20
50.24001778060156
 30
0.0
 11
70.37100586181091
 21
60.94001732168944
 31
0.0
  0
LINE
  5
8AF
330
70
100
AcDbEntity
  8
ROOF
100
AcDbLine
 10
77.97100586179984
 20
61.14001732168949
 30
0.0
 11
77.97100586179984
 21
43.04001732168937
 31
0.0
  0
LINE
  5
8B0
330
70
100
AcDbEntity
  8
ROOF
100
AcDbLine
 10
70.37100586181114
 20
60.94001732168944
 30
0.0
 11
49.27100586181009
 21
60.94001732168944
 31
0.0
  0
MTEXT
  5
8B1
102
{ACAD_XDICTIONARY
360
8B2
102
}
330
70
100
AcDbEntity
  8
textos
100
AcDbMText
 10
113.5716445314232
 20
49.90841736603116
 30
0.0
 40
0.15
 41
0.01
 46
0.0
 71
     5
 72
     5
  1
caida libre
 73
     1
 44
1.0
  0
MTEXT
  5
8B3
102
{ACAD_XDICTIONARY
360
8B4
102
}
330
70
100
AcDbEntity
  8
textos
100
AcDbMText
 10
103.4913970903452
 20
46.22444596606139
 30
0.0
 40
0.15
 41
0.01
 46
0.0
 71
     5
 72
     5
  1
caida libre
 73
     1
 44
1.0
  0
MTEXT
  5
8B5
102
{ACAD_XDICTIONARY
360
8B6
102
}
330
70
100
AcDbEntity
  8
textos
100
AcDbMText
 10
121.1594725439562
 20
45.25019600670786
 30
0.0
 40
0.15
 41
0.01
 46
0.0
 71
     5
 72
     5
  1
caida libre
 11
0.0000000000000318
 21
-1.0
 31
0.0
 73
     1
 44
1.0
  0
MTEXT
  5
8B7
102
{ACAD_XDICTIONARY
360
8B8
102
}
330
70
100
AcDbEntity
  8
textos
100
AcDbMText
 10
132.9633161131106
 20
50.80915101882525
 30
0.0
 40
0.15
 41
0.01
 46
0.0
 71
     5
 72
     5
  1
caida libre
 11
0.0000000000000318
 21
-1.0
 31
0.0
 73
     1
 44
1.0
  0
MTEXT
  5
8B9
102
{ACAD_XDICTIONARY
360
8BA
102
}
330
70
100
AcDbEntity
  8
textos
100
AcDbMText
 10
114.8462386656387
 20
56.67643130557409
 30
0.0
 40
0.2
 41
0.01
 46
0.0
 71
     5
 72
     5
  1
CUBIERTA  DE  CHAPA \PEXISTENTE
 73
     1
 44
1.0
  0
MTEXT
  5
8BB
102
{ACAD_XDICTIONARY
360
8BC
102
}
330
70
100
AcDbEntity
  8
textos
100
AcDbMText
 10
108.2452554310302
 20
56.34510161834707
 30
0.0
 40
0.2
 41
0.01
 46
0.0
 71
     5
 72
     5
  1
CUBIERTA  DE  CHAPA \PEXISTENTE
 73
     1
 44
1.0
  0
MTEXT
  5
8BD
102
{ACAD_XDICTIONARY
360
8BE
102
}
330
70
100
AcDbEntity
  8
textos
100
AcDbMText
 10
107.3108696321902
 20
51.73660292595847
 30
0.0
 40
0.2
 41
0.01
 46
0.0
 71
     5
 72
     5
  1
CUBIERTA  DE  CHAPA \PEXISTENTE
 73
     1
 44
1.0
  0
MTEXT
  5
8BF
102
{ACAD_XDICTIONARY
360
8C0
102
}
330
70
100
AcDbEntity
  8
textos
100
AcDbMText
 10
128.8921669696021
 20
47.15822550941349
 30
0.0
 40
0.2
 41
0.01
 46
0.0
 71
     5
 72
     5
  1
CUBIERTA  DE  CHAPA \PEXISTENTE
 73
     1
 44
1.0
  0
MTEXT
  5
8C1
102
{ACAD_XDICTIONARY
360
8C2
102
}
330
70
100
AcDbEntity
  8
textos
100
AcDbMText
 10
128.8620256482374
 20
53.72458267946596
 30
0.0
 40
0.2
 41
0.01
 46
0.0
 71
     5
 72
     5
  1
CUBIERTA  DE  CHAPA \PEXISTENTE
 73
     1
 44
1.0
  0
MTEXT
  5
8C3
102
{ACAD_XDICTIONARY
360
8C4
102
}
330
70
100
AcDbEntity
  8
textos
100
AcDbMText
 10
123.0579434986631
 20
45.10490791434487
 30
0.0
 40
0.2
 41
0.01
 46
0.0
 71
     5
 72
     5
  1
CUBIERTA  DE  CHAPA \PEXISTENTE
 73
     1
 44
1.0
  0
MTEXT
  5
8C5
102
{ACAD_XDICTIONARY
360
8C6
102
}
330
70
100
AcDbEntity
  8
textos
100
AcDbMText
 10
117.6058224553705
 20
59.13488442085681
 30
0.0
 40
0.2
 41
0.01
 46
0.0
 71
     5
 72
     5
  1
TANQUE DE\PRESERVA EXISTENTE
 73
     1
 44
1.0
  0
LINE
  5
8C7
330
70
100
AcDbEntity
  8
ROOF
100
AcDbLine
 10
49.27100586181032
 20
60.94001732168944
 30
0.0
 11
49.27100586181032
 21
50.24001778060156
 31
0.0
  0
LINE
  5
8C8
330
70
100
AcDbEntity
  8
0
 48
0.2
100
AcDbLine
 10
75.37101614768488
 20
41.94001589505879
 30
0.0
 11
62.94103831617886
 21
41.94001589505879
 31
0.0
  0
LINE
  5
8C9
330
70
100
AcDbEntity
  8
0
 48
0.2
100
AcDbLine
 10
124.9710161476879
 20
36.24001732169533
 30
0.0
 11
121.5210161476879
 21
36.24001732169055
 31
0.0
  0
LINE
  5
8CA
330
70
100
AcDbEntity
  8
0
 48
0.2
100
AcDbLine
 10
124.9710161476879
 20
36.04001732169528
 30
0.0
 11
121.5210161476879
 21
36.04001732169051
 31
0.0
  0
LINE
  5
8CB
330
70
100
AcDbEntity
  8
0
 48
0.2
100
AcDbLine
 10
42.64926141014976
 20
50.24001732168986
 30
0.0
 11
42.91838702393071
 21
33.54001782386937
 31
0.0
  0
LINE
  5
8CC
330
70
100
AcDbEntity
  8
0
 48
0.2
100
AcDbLine
 10
42.80063209196137
 20
50.09001732168978
 30
0.0
 11
43.06839443042136
 21
33.54001782386937
 31
0.0
  0
LINE
  5
8CD
102
{ACAD_REACTORS
330
A14
102
}
330
70
100
AcDbEntity
  8
0
 48
0.2
100
AcDbLine
 10
132.7710161430895
 20
61.14001732169086
 30
0.0
 11
135.681016147688
 21
61.14001732169086
 31
0.0
  0
LINE
  5
8CE
330
70
100
AcDbEntity
  8
0
 48
0.2
100
AcDbLine
 10
132.7710161430895
 20
60.92001732169083
 30
0.0
 11
135.6155286863312
 21
60.92001732169083
 31
0.0
  0
LINE
  5
8CF
330
70
100
AcDbEntity
  8
0
 48
0.2
100
AcDbLine
 10
135.681016147688
 20
61.14001732169086
 30
0.0
 11
143.0510161476878
 21
56.28710116092535
 31
0.0
  0
LINE
  5
8D0
330
70
100
AcDbEntity
  8
0
 48
0.2
100
AcDbLine
 10
135.6155286863312
 20
60.92001732169083
 30
0.0
 11
142.8310161476878
 21
56.16804286019707
 31
0.0
  0
LINE
  5
8D1
330
70
100
AcDbEntity
  8
0
 48
0.2
100
AcDbLine
 10
142.8310161476876
 20
33.35001731162098
 30
0.0
 11
142.8310161476874
 21
36.24001732169078
 31
0.0
  0
LINE
  5
8D2
330
70
100
AcDbEntity
  8
0
 48
0.2
100
AcDbLine
 10
142.8310161476874
 20
39.74001732169351
 30
0.0
 11
142.8310161476878
 21
56.16804286019707
 31
0.0
  0
LINE
  5
8D3
330
70
100
AcDbEntity
  8
0
 48
0.2
100
AcDbLine
 10
143.0510161476878
 20
32.98154311357868
 30
0.0
 11
143.0510161476878
 21
36.24001732169078
 31
0.0
  0
LINE
  5
8D4
330
70
100
AcDbEntity
  8
0
 48
0.2
100
AcDbLine
 10
143.0510161476878
 20
39.54001732169074
 30
0.0
 11
143.0510161476878
 21
56.28710116092535
 31
0.0
  0
LINE
  5
8D5
330
70
100
AcDbEntity
  8
0
 48
0.2
100
AcDbLine
 10
62.94103831617864
 20
34.4504977003991
 30
0.0
 11
62.94103831617886
 21
41.94001589505879
 31
0.0
  0
LINE
  5
8D6
330
70
100
AcDbEntity
  8
0
 48
0.2
100
AcDbLine
 10
62.94103831617864
 20
34.4504977003991
 30
0.0
 11
43.05373383794599
 21
34.45049770039888
 31
0.0
  0
LINE
  5
8D7
330
70
100
AcDbEntity
  8
0
 48
0.2
100
AcDbLine
 10
58.23559911170824
 20
34.45049628383587
 30
0.0
 11
58.23559911170824
 21
33.35049770039829
 31
0.0
  0
LINE
  5
8D8
330
70
100
AcDbEntity
  8
0
 48
0.2
100
AcDbLine
 10
57.93559911170828
 20
34.45049628383587
 30
0.0
 11
57.93559911170828
 21
33.35049770039829
 31
0.0
  0
LINE
  5
8D9
330
70
100
AcDbEntity
  8
0
 48
0.2
100
AcDbLine
 10
57.6355991117081
 20
34.45049628383587
 30
0.0
 11
57.6355991117081
 21
33.35049770039829
 31
0.0
  0
LINE
  5
8DA
330
70
100
AcDbEntity
  8
0
 48
0.2
100
AcDbLine
 10
57.33559911170814
 20
34.45049628383587
 30
0.0
 11
57.33559911170814
 21
33.35049770039829
 31
0.0
  0
LINE
  5
8DB
330
70
100
AcDbEntity
  8
0
 48
0.2
100
AcDbLine
 10
42.79928088661828
 20
50.24001732168964
 30
0.0
 11
42.64926141014953
 21
50.24001732168986
 31
0.0
  0
LINE
  5
8DC
330
70
100
AcDbEntity
  8
0
 48
0.2
100
AcDbLine
 10
48.47101614768772
 20
49.64001732168996
 30
0.0
 11
42.80895007063818
 21
49.64001732168974
 31
0.0
  0
LINE
  5
8DD
330
70
100
AcDbEntity
  8
0
 48
0.2
100
AcDbLine
 10
48.47317543117665
 20
60.99054856754165
 30
0.0
 11
48.47317543117665
 21
57.44002245432095
 31
0.0
  0
LINE
  5
8DE
330
70
100
AcDbEntity
  8
0
 48
0.2
100
AcDbLine
 10
48.4710161476875
 20
49.64001732168996
 30
0.0
 11
48.47101614768772
 21
46.94001732168969
 31
0.0
  0
LINE
  5
8DF
330
70
100
AcDbEntity
  8
0
 48
0.2
100
AcDbLine
 10
47.5710058618105
 20
53.74054856754074
 30
0.0
 11
42.7992808866185
 21
53.74054856754074
 31
0.0
  0
LINE
  5
8E0
330
70
100
AcDbEntity
  8
0
 48
0.2
100
AcDbLine
 10
42.7992808866185
 20
53.89054856754084
 30
0.0
 11
42.7992808866185
 21
60.99054856754165
 31
0.0
  0
LINE
  5
8E1
330
70
100
AcDbEntity
  8
0
 48
0.2
100
AcDbLine
 10
42.64926141014953
 20
53.74054856754074
 30
0.0
 11
42.64926141014953
 21
61.14054856754173
 31
0.0
  0
LINE
  5
8E2
330
70
100
AcDbEntity
  8
0
 48
0.2
100
AcDbLine
 10
42.64926141014953
 20
53.74054856754074
 30
0.0
 11
42.7992808866185
 21
53.74054856754074
 31
0.0
  0
LINE
  5
8E3
330
70
100
AcDbEntity
  8
0
 48
0.2
100
AcDbLine
 10
104.5210161430899
 20
43.10395868629295
 30
0.0
 11
101.6210161430898
 21
43.10395868629295
 31
0.0
  0
LINE
  5
8E4
330
70
100
AcDbEntity
  8
0
 48
0.2
100
AcDbLine
 10
104.5210161430899
 20
45.10396011292474
 30
0.0
 11
104.5210161430899
 21
43.10263200919954
 31
0.0
  0
LINE
  5
8E5
330
70
100
AcDbEntity
  8
0
 48
0.2
100
AcDbLine
 10
101.6210161430896
 20
45.10396011292452
 30
0.0
 11
101.6210161430894
 21
43.10263200919977
 31
0.0
  0
CIRCLE
  5
8E6
330
70
100
AcDbEntity
  8
0
 48
0.2
100
AcDbCircle
 10
103.0710161430894
 20
44.18076969046834
 30
0.0
 40
0.075
  0
LINE
  5
8E7
330
70
100
AcDbEntity
  8
0
 48
0.2
100
AcDbLine
 10
104.5210161430899
 20
45.10396011292474
 30
0.0
 11
101.6210161430896
 21
45.10396011292497
 31
0.0
  0
LINE
  5
8E8
330
70
100
AcDbEntity
  8
0
 48
0.2
100
AcDbLine
 10
142.8310161476874
 20
36.24001732169351
 30
0.0
 11
143.0510161476878
 21
36.24001732169078
 31
0.0
  0
LINE
  5
8E9
330
70
100
AcDbEntity
  8
0
 48
0.2
100
AcDbLine
 10
124.9710161476877
 20
36.24001732169169
 30
0.0
 11
124.9710161476879
 21
36.04001732169187
 31
0.0
  0
LINE
  5
8EA
330
70
100
AcDbEntity
  8
0
 48
0.2
100
AcDbLine
 10
127.2210161476879
 20
36.24001732169214
 30
0.0
 11
127.2210161476879
 21
35.64001732169246
 31
0.0
  0
LINE
  5
8EB
330
70
100
AcDbEntity
  8
0
 48
0.2
100
AcDbLine
 10
127.121016147688
 20
36.14001732169201
 30
0.0
 11
127.121016147688
 21
35.64001732169246
 31
0.0
  0
LINE
  5
8EC
330
70
100
AcDbEntity
  8
0
 48
0.2
100
AcDbLine
 10
124.9710161476881
 20
35.64001732170087
 30
0.0
 11
130.7710058618103
 21
35.64001732170184
 31
0.0
  0
LINE
  5
8ED
330
70
100
AcDbEntity
  8
0
 48
0.2
100
AcDbLine
 10
124.9710161476877
 20
36.24001732169192
 30
0.0
 11
127.2210161476879
 21
36.24001732169192
 31
0.0
  0
LINE
  5
8EE
330
70
100
AcDbEntity
  8
0
 48
0.2
100
AcDbLine
 10
127.2210161476879
 20
36.2400173216926
 30
0.0
 11
130.7710058618102
 21
36.24001732169258
 31
0.0
  0
LINE
  5
8EF
330
70
100
AcDbEntity
  8
0
 48
0.2
100
AcDbLine
 10
124.9710161476877
 20
35.44001732169969
 30
0.0
 11
130.7710058618103
 21
35.44001778060389
 31
0.0
  0
LINE
  5
8F0
330
70
100
AcDbEntity
  8
0
 48
0.2
100
AcDbLine
 10
124.9710161476879
 20
36.24001732169214
 30
0.0
 11
124.9710161476879
 21
35.64001732169246
 31
0.0
  0
LWPOLYLINE
  5
8F1
330
70
100
AcDbEntity
  8
0
 48
0.2
100
AcDbPolyline
 90
        3
 70
     0
 43
0.0
 10
125.0710161476881
 20
35.64001732169246
 10
125.0710161476881
 20
36.14001732169178
 10
127.121016147688
 20
36.14001732169201
  0
LINE
  5
8F2
330
70
100
AcDbEntity
  8
0
 48
0.2
100
AcDbLine
 10
124.9710161476879
 20
35.64001732169246
 30
0.0
 11
124.9710161476877
 21
35.44001732169173
 31
0.0
  0
LINE
  5
8F3
330
70
100
AcDbEntity
  8
0
 48
0.2
100
AcDbLine
 10
132.3710161476878
 20
36.24001732169237
 30
0.0
 11
142.8310161476874
 21
36.24001732169078
 31
0.0
  0
LINE
  5
8F4
330
70
100
AcDbEntity
  8
0
 48
0.2
100
AcDbLine
 10
132.3710161476878
 20
36.04001732169233
 30
0.0
 11
142.8310161476874
 21
36.04001732169074
 31
0.0
  0
LINE
  5
8F5
330
70
100
AcDbEntity
  8
0
 48
0.2
100
AcDbLine
 10
141.3410161476878
 20
39.54001732169346
 30
0.0
 11
143.0510161476878
 21
39.54001732169074
 31
0.0
  0
LWPOLYLINE
  5
8F6
330
70
100
AcDbEntity
  8
0
 48
0.2
100
AcDbPolyline
 90
        4
 70
     0
 43
0.0
 10
141.4410161476877
 20
39.54001732169346
 10
141.4410161476877
 20
39.5000173216935
 10
141.3410161476878
 20
39.5000173216935
 10
141.3410161476878
 20
39.54001732169346
  0
LWPOLYLINE
  5
8F7
330
70
100
AcDbEntity
  8
0
 48
0.2
100
AcDbPolyline
 90
        4
 70
     0
 43
0.0
 10
141.4410161476875
 20
36.24001732169374
 10
141.4410161476875
 20
36.2800173216937
 10
141.3410161476876
 20
36.2800173216937
 10
141.3410161476876
 20
36.24001732169351
  0
LWPOLYLINE
  5
8F8
330
70
100
AcDbEntity
  8
0
 48
0.2
100
AcDbPolyline
 90
        4
 70
     1
 43
0.0
 10
143.0510161476876
 20
36.32001732169366
 10
141.4410161476875
 20
36.32001732169366
 10
141.4410161476875
 20
36.2800173216937
 10
143.0510161476876
 20
36.2800173216937
  0
ARC
  5
8F9
330
70
100
AcDbEntity
  8
0
100
AcDbCircle
 10
141.3583730488596
 20
36.19267993379928
 30
0.0
 40
1.697426131047218
100
AcDbArc
 50
4.302252290597491
 51
90.58588382436544
  0
LWPOLYLINE
  5
8FA
330
70
100
AcDbEntity
  8
0
 48
0.2
100
AcDbPolyline
 90
        4
 70
     1
 43
0.0
 10
143.0510161476876
 20
39.46001732169353
 10
141.4410161476877
 20
39.46001732169331
 10
141.4410161476877
 20
39.5000173216935
 10
143.0510161476876
 20
39.50001732169372
  0
ARC
  5
8FB
330
70
100
AcDbEntity
  8
0
100
AcDbCircle
 10
141.3363954043749
 20
39.61129214402778
 30
0.0
 40
1.721281024490329
100
AcDbArc
 50
270.1538095199177
 51
354.9580543648137
  0
LINE
  5
8FC
330
70
100
AcDbEntity
  8
0
 48
0.2
100
AcDbLine
 10
132.1710161430898
 20
61.14001732169063
 30
0.0
 11
132.1710161430898
 21
61.74001732169053
 31
0.0
  0
LINE
  5
8FD
330
70
100
AcDbEntity
  8
0
 48
0.2
100
AcDbLine
 10
132.1710161430898
 20
61.74001732169053
 30
0.0
 11
49.07100586181027
 21
61.74001732169053
 31
0.0
  0
LINE
  5
8FE
330
70
100
AcDbEntity
  8
0
 48
0.2
100
AcDbLine
 10
49.07100586181027
 20
61.14054902645412
 30
0.0
 11
42.64926141014953
 21
61.14054856754173
 31
0.0
  0
LINE
  5
8FF
330
70
100
AcDbEntity
  8
0
 48
0.2
100
AcDbLine
 10
49.07100586181027
 20
60.99054856754165
 30
0.0
 11
42.79928088661828
 21
60.99054856754165
 31
0.0
  0
LINE
  5
900
330
70
100
AcDbEntity
  8
0
 48
0.2
100
AcDbLine
 10
56.363155863657
 20
49.64167486591524
 30
0.0
 11
60.17887642668179
 21
49.64167486591524
 31
0.0
  0
LINE
  5
901
330
70
100
AcDbEntity
  8
0
 48
0.2
100
AcDbLine
 10
56.363155863657
 20
49.74167486591515
 30
0.0
 11
60.17887642668179
 21
49.74167486591515
 31
0.0
  0
LINE
  5
902
330
70
100
AcDbEntity
  8
0
 48
0.2
100
AcDbLine
 10
46.71513877891825
 20
49.14001732168927
 30
0.0
 11
46.71513877891825
 21
49.6400173216895
 31
0.0
  0
LINE
  5
903
330
70
100
AcDbEntity
  8
0
 48
0.2
100
AcDbLine
 10
45.21513877891826
 20
49.14001732168927
 30
0.0
 11
45.21513877891826
 21
49.64001732168974
 31
0.0
  0
LINE
  5
904
330
70
100
AcDbEntity
  8
0
 48
0.2
100
AcDbLine
 10
45.96013877891815
 20
49.64001732168927
 30
0.0
 11
45.21513877891826
 21
49.64001732168927
 31
0.0
  0
LINE
  5
905
330
70
100
AcDbEntity
  8
0
 48
0.2
100
AcDbLine
 10
45.97013877891813
 20
49.63001732168929
 30
0.0
 11
45.96013877891815
 21
49.63001732168929
 31
0.0
  0
LINE
  5
906
330
70
100
AcDbEntity
  8
0
 48
0.2
100
AcDbLine
 10
45.96013877891815
 20
49.14001732168927
 30
0.0
 11
45.21513877891826
 21
49.14001732168927
 31
0.0
  0
LINE
  5
907
330
70
100
AcDbEntity
  8
0
 48
0.2
100
AcDbLine
 10
45.97013877891813
 20
49.15001732168927
 30
0.0
 11
45.96013877891815
 21
49.15001732168927
 31
0.0
  0
LINE
  5
908
330
70
100
AcDbEntity
  8
0
 48
0.2
100
AcDbLine
 10
45.96013877891815
 20
49.14001732168927
 30
0.0
 11
45.96013877891815
 21
49.6400173216895
 31
0.0
  0
LINE
  5
909
330
70
100
AcDbEntity
  8
0
 48
0.2
100
AcDbLine
 10
45.97013877891813
 20
49.14001732168927
 30
0.0
 11
45.97013877891813
 21
49.6400173216895
 31
0.0
  0
LINE
  5
90A
330
70
100
AcDbEntity
  8
0
 48
0.2
100
AcDbLine
 10
46.71513877891825
 20
49.64001732168927
 30
0.0
 11
45.97013877891813
 21
49.64001732168927
 31
0.0
  0
LINE
  5
90B
330
70
100
AcDbEntity
  8
0
 48
0.2
100
AcDbLine
 10
46.71513877891825
 20
49.14001732168927
 30
0.0
 11
45.97013877891813
 21
49.14001732168927
 31
0.0
  0
LINE
  5
90C
330
70
100
AcDbEntity
  8
0
 48
0.2
100
AcDbLine
 10
132.3710161476857
 20
37.89001732169269
 30
0.0
 11
142.8310161476876
 21
39.54001732169346
 31
0.0
  0
LINE
  5
90D
330
70
100
AcDbEntity
  8
0
 48
0.2
100
AcDbLine
 10
132.371016147686
 20
37.89001732169269
 30
0.0
 11
142.8310161476874
 21
36.24001732169078
 31
0.0
  0
LINE
  5
90E
330
70
100
AcDbEntity
  8
0
 48
0.2
100
AcDbLine
 10
141.3410161476878
 20
39.54001732169346
 30
0.0
 11
141.3410161476878
 21
39.74001732169351
 31
0.0
  0
LINE
  5
90F
330
70
100
AcDbEntity
  8
0
 48
0.2
100
AcDbLine
 10
141.3410161476878
 20
39.74001732169351
 30
0.0
 11
142.8310161476874
 21
39.74001732169351
 31
0.0
  0
INSERT
  5
910
330
70
100
AcDbEntity
  8
0
100
AcDbBlockReference
  2
BN
 10
-1715.060305877725
 20
-1203.769300374741
 30
0.0
 41
1.058804617463424
 42
1.058804617463424
 43
1.058804617463424
  0
LINE
  5
911
330
70
100
AcDbEntity
  8
0
 48
0.2
100
AcDbLine
 10
42.7992808866185
 20
50.24001732168964
 30
0.0
 11
44.35926141014957
 21
50.24001732168964
 31
0.0
  0
LINE
  5
912
330
70
100
AcDbEntity
  8
0
 48
0.2
100
AcDbLine
 10
44.35926141014957
 20
50.24001732168964
 30
0.0
 11
44.35926141014957
 21
50.09001732168955
 31
0.0
  0
LINE
  5
913
330
70
100
AcDbEntity
  8
0
 48
0.2
100
AcDbLine
 10
42.7992808866185
 20
53.74054856754074
 30
0.0
 11
44.35926141014912
 21
53.74054856754074
 31
0.0
  0
LINE
  5
914
330
70
100
AcDbEntity
  8
0
 48
0.2
100
AcDbLine
 10
44.35926141014912
 20
53.74054856754074
 30
0.0
 11
44.35926141014912
 21
53.89054856754084
 31
0.0
  0
LINE
  5
915
330
70
100
AcDbEntity
  8
0
 48
0.2
100
AcDbLine
 10
44.35926141014912
 20
53.89054856754084
 30
0.0
 11
42.7992808866185
 21
53.89054856754084
 31
0.0
  0
LINE
  5
916
330
70
100
AcDbEntity
  8
0
 48
0.2
100
AcDbLine
 10
44.35926141014957
 20
50.09001732168955
 30
0.0
 11
42.80063209196114
 21
50.09001732168978
 31
0.0
  0
LINE
  5
917
330
70
100
AcDbEntity
  8
0
 48
0.2
100
AcDbLine
 10
46.71513877891825
 20
54.24054856754097
 30
0.0
 11
46.71513877891825
 21
53.74054856754074
 31
0.0
  0
LINE
  5
918
330
70
100
AcDbEntity
  8
0
 48
0.2
100
AcDbLine
 10
45.21513877891826
 20
54.24054856754097
 30
0.0
 11
45.21513877891826
 21
53.74054856754052
 31
0.0
  0
LINE
  5
919
330
70
100
AcDbEntity
  8
0
 48
0.2
100
AcDbLine
 10
45.96013877891815
 20
53.74054856754097
 30
0.0
 11
45.21513877891826
 21
53.74054856754097
 31
0.0
  0
LINE
  5
91A
330
70
100
AcDbEntity
  8
0
 48
0.2
100
AcDbLine
 10
45.97013877891813
 20
53.75054856754097
 30
0.0
 11
45.96013877891815
 21
53.75054856754097
 31
0.0
  0
LINE
  5
91B
330
70
100
AcDbEntity
  8
0
 48
0.2
100
AcDbLine
 10
45.96013877891815
 20
54.24054856754097
 30
0.0
 11
45.21513877891826
 21
54.24054856754097
 31
0.0
  0
LINE
  5
91C
330
70
100
AcDbEntity
  8
0
 48
0.2
100
AcDbLine
 10
45.97013877891813
 20
54.23054856754099
 30
0.0
 11
45.96013877891815
 21
54.23054856754099
 31
0.0
  0
LINE
  5
91D
330
70
100
AcDbEntity
  8
0
 48
0.2
100
AcDbLine
 10
45.96013877891815
 20
54.24054856754097
 30
0.0
 11
45.96013877891815
 21
53.74054856754074
 31
0.0
  0
LINE
  5
91E
330
70
100
AcDbEntity
  8
0
 48
0.2
100
AcDbLine
 10
45.97013877891813
 20
54.24054856754097
 30
0.0
 11
45.97013877891813
 21
53.74054856754074
 31
0.0
  0
LINE
  5
91F
330
70
100
AcDbEntity
  8
0
 48
0.2
100
AcDbLine
 10
46.71513877891825
 20
53.74054856754097
 30
0.0
 11
45.97013877891813
 21
53.74054856754097
 31
0.0
  0
LINE
  5
920
330
70
100
AcDbEntity
  8
0
 48
0.2
100
AcDbLine
 10
46.71513877891825
 20
54.24054856754097
 30
0.0
 11
45.97013877891813
 21
54.24054856754097
 31
0.0
  0
MTEXT
  5
921
102
{ACAD_XDICTIONARY
360
922
102
}
330
70
100
AcDbEntity
  8
TEXTS_BASE
100
AcDbMText
 10
103.1375569733726
 20
43.74820833610548
 30
0.0
 40
0.15
 41
0.01
 46
0.0
 71
     5
 72
     5
  1
MASTIL
 73
     1
 44
1.0
  0
LINE
  5
923
330
70
100
AcDbEntity
  8
0
 48
0.2
100
AcDbLine
 10
129.6710239532462
 20
33.29501731577436
 30
0.0
 11
142.8310239532462
 21
33.29501731577436
 31
0.0
  0
LINE
  5
924
330
70
100
AcDbEntity
  8
0
 48
0.2
100
AcDbLine
 10
143.0510161476878
 20
33.20154311357756
 30
0.0
 11
43.58919928199307
 21
33.20154311358486
 31
0.0
  0
LWPOLYLINE
  5
925
102
{ACAD_REACTORS
330
A42
102
}
330
70
100
AcDbEntity
  8
ROOF
100
AcDbPolyline
 90
        4
 70
     1
 43
0.0
 10
49.97101614768727
 20
49.38167486591525
 10
56.363155863657
 20
49.38167486591525
 10
56.363155863657
 20
50.24001732169033
 10
49.97101614768727
 20
50.24001732169033
  0
LWPOLYLINE
  5
926
102
{ACAD_REACTORS
330
A45
330
A48
102
}
330
70
100
AcDbEntity
  8
ROOF
100
AcDbPolyline
 90
        4
 70
     1
 43
0.0
 10
60.17887642668179
 20
49.38167486591525
 10
68.09312832642368
 20
49.3816748659136
 10
68.09312832642368
 20
50.24001732168799
 10
60.17887642668179
 20
50.24001732168964
  0
LINE
  5
927
330
70
100
AcDbEntity
  8
0
 48
0.2
100
AcDbLine
 10
134.4710161476877
 20
39.54001732169074
 30
0.0
 11
134.4710161476877
 21
40.04001732169096
 31
0.0
  0
LINE
  5
928
330
70
100
AcDbEntity
  8
0
 48
0.2
100
AcDbLine
 10
132.9710161476877
 20
39.54001732169074
 30
0.0
 11
132.9710161476877
 21
40.04001732169118
 31
0.0
  0
LINE
  5
929
330
70
100
AcDbEntity
  8
0
 48
0.2
100
AcDbLine
 10
133.7160161476876
 20
40.04001732169073
 30
0.0
 11
132.9710161476877
 21
40.04001732169073
 31
0.0
  0
LINE
  5
92A
330
70
100
AcDbEntity
  8
0
 48
0.2
100
AcDbLine
 10
133.7260161476876
 20
40.03001732169074
 30
0.0
 11
133.7160161476876
 21
40.03001732169074
 31
0.0
  0
LINE
  5
92B
330
70
100
AcDbEntity
  8
0
 48
0.2
100
AcDbLine
 10
133.7260161476876
 20
39.55001732169073
 30
0.0
 11
133.7160161476876
 21
39.55001732169073
 31
0.0
  0
LINE
  5
92C
330
70
100
AcDbEntity
  8
0
 48
0.2
100
AcDbLine
 10
133.7160161476876
 20
39.54001732169074
 30
0.0
 11
133.7160161476876
 21
40.04001732169096
 31
0.0
  0
LINE
  5
92D
330
70
100
AcDbEntity
  8
0
 48
0.2
100
AcDbLine
 10
133.7260161476876
 20
39.54001732169074
 30
0.0
 11
133.7260161476876
 21
40.04001732169096
 31
0.0
  0
LINE
  5
92E
330
70
100
AcDbEntity
  8
0
 48
0.2
100
AcDbLine
 10
134.4710161476877
 20
40.04001732169073
 30
0.0
 11
133.7260161476876
 21
40.04001732169073
 31
0.0
  0
LINE
  5
92F
330
70
100
AcDbEntity
  8
0
 48
0.2
100
AcDbLine
 10
134.4710161476877
 20
39.54001732169074
 30
0.0
 11
133.7260161476876
 21
39.54001732169074
 31
0.0
  0
LINE
  5
930
330
70
100
AcDbEntity
  8
0
 48
0.2
100
AcDbLine
 10
137.2419505353918
 20
39.54001732169074
 30
0.0
 11
137.2419505353918
 21
40.04001732169096
 31
0.0
  0
LINE
  5
931
330
70
100
AcDbEntity
  8
0
 48
0.2
100
AcDbLine
 10
135.7419505353918
 20
39.54001732169074
 30
0.0
 11
135.7419505353918
 21
40.04001732169118
 31
0.0
  0
LINE
  5
932
330
70
100
AcDbEntity
  8
0
 48
0.2
100
AcDbLine
 10
136.4869505353917
 20
40.04001732169073
 30
0.0
 11
135.7419505353918
 21
40.04001732169073
 31
0.0
  0
LINE
  5
933
330
70
100
AcDbEntity
  8
0
 48
0.2
100
AcDbLine
 10
136.4969505353917
 20
40.03001732169074
 30
0.0
 11
136.4869505353917
 21
40.03001732169074
 31
0.0
  0
LINE
  5
934
330
70
100
AcDbEntity
  8
0
 48
0.2
100
AcDbLine
 10
136.4869505353917
 20
39.54001732169074
 30
0.0
 11
135.7419505353918
 21
39.54001732169074
 31
0.0
  0
LINE
  5
935
330
70
100
AcDbEntity
  8
0
 48
0.2
100
AcDbLine
 10
136.4969505353917
 20
39.55001732169073
 30
0.0
 11
136.4869505353917
 21
39.55001732169073
 31
0.0
  0
LINE
  5
936
330
70
100
AcDbEntity
  8
0
 48
0.2
100
AcDbLine
 10
136.4869505353917
 20
39.54001732169074
 30
0.0
 11
136.4869505353917
 21
40.04001732169096
 31
0.0
  0
LINE
  5
937
330
70
100
AcDbEntity
  8
0
 48
0.2
100
AcDbLine
 10
136.4969505353917
 20
39.54001732169074
 30
0.0
 11
136.4969505353917
 21
40.04001732169096
 31
0.0
  0
LINE
  5
938
330
70
100
AcDbEntity
  8
0
 48
0.2
100
AcDbLine
 10
137.2419505353918
 20
40.04001732169073
 30
0.0
 11
136.4969505353917
 21
40.04001732169073
 31
0.0
  0
LINE
  5
939
330
70
100
AcDbEntity
  8
0
 48
0.2
100
AcDbLine
 10
137.2419505353918
 20
39.54001732169074
 30
0.0
 11
136.4969505353917
 21
39.54001732169074
 31
0.0
  0
LINE
  5
93A
330
70
100
AcDbEntity
  8
0
 48
0.2
100
AcDbLine
 10
140.0128849230958
 20
39.54001732169096
 30
0.0
 11
140.0128849230958
 21
40.04001732169118
 31
0.0
  0
LINE
  5
93B
330
70
100
AcDbEntity
  8
0
 48
0.2
100
AcDbLine
 10
138.5128849230959
 20
39.54001732169096
 30
0.0
 11
138.5128849230959
 21
40.04001732169141
 31
0.0
  0
LINE
  5
93C
330
70
100
AcDbEntity
  8
0
 48
0.2
100
AcDbLine
 10
139.2578849230957
 20
40.04001732169096
 30
0.0
 11
138.5128849230959
 21
40.04001732169096
 31
0.0
  0
LINE
  5
93D
330
70
100
AcDbEntity
  8
0
 48
0.2
100
AcDbLine
 10
139.2678849230957
 20
40.03001732169097
 30
0.0
 11
139.2578849230957
 21
40.03001732169097
 31
0.0
  0
LINE
  5
93E
330
70
100
AcDbEntity
  8
0
 48
0.2
100
AcDbLine
 10
139.2578849230957
 20
39.54001732169096
 30
0.0
 11
138.5128849230959
 21
39.54001732169096
 31
0.0
  0
LINE
  5
93F
330
70
100
AcDbEntity
  8
0
 48
0.2
100
AcDbLine
 10
139.2678849230957
 20
39.55001732169095
 30
0.0
 11
139.2578849230957
 21
39.55001732169095
 31
0.0
  0
LINE
  5
940
330
70
100
AcDbEntity
  8
0
 48
0.2
100
AcDbLine
 10
139.2578849230957
 20
39.54001732169096
 30
0.0
 11
139.2578849230957
 21
40.04001732169118
 31
0.0
  0
LINE
  5
941
330
70
100
AcDbEntity
  8
0
 48
0.2
100
AcDbLine
 10
139.2678849230957
 20
39.54001732169096
 30
0.0
 11
139.2678849230957
 21
40.04001732169118
 31
0.0
  0
LINE
  5
942
330
70
100
AcDbEntity
  8
0
 48
0.2
100
AcDbLine
 10
140.0128849230958
 20
40.04001732169096
 30
0.0
 11
139.2678849230957
 21
40.04001732169096
 31
0.0
  0
LINE
  5
943
330
70
100
AcDbEntity
  8
0
 48
0.2
100
AcDbLine
 10
140.0128849230958
 20
39.54001732169096
 30
0.0
 11
139.2678849230957
 21
39.54001732169096
 31
0.0
  0
LINE
  5
944
102
{ACAD_REACTORS
330
A17
330
A1A
102
}
330
70
100
AcDbEntity
  8
0
 48
0.2
100
AcDbLine
 10
132.7710161430897
 20
39.5400173216905
 30
0.0
 11
141.3410161476878
 21
39.54001732169346
 31
0.0
  0
LINE
  5
945
330
70
100
AcDbEntity
  8
0
 48
0.2
100
AcDbLine
 10
43.58919928199353
 20
33.54001782386937
 30
0.0
 11
42.58919928199353
 21
33.54001782386937
 31
0.0
  0
LINE
  5
946
102
{ACAD_REACTORS
330
A0E
102
}
330
70
100
AcDbEntity
  8
0
 48
0.2
100
AcDbLine
 10
49.07100586181027
 20
61.14054902645412
 30
0.0
 11
49.07100586181027
 21
61.74001732169053
 31
0.0
  0
INSERT
  5
947
330
70
100
AcDbEntity
  8
0
100
AcDbBlockReference
  2
ARB2
 10
59.49352214067895
 20
49.85071786617019
 30
0.0
 41
0.6597758010774886
 42
0.6597758010774886
 43
0.6597758010774886
 50
90.0
  0
INSERT
  5
948
330
70
100
AcDbEntity
  8
0
100
AcDbBlockReference
  2
ARB2
 10
58.83107365495189
 20
49.85071786617019
 30
0.0
 41
0.6597758010774886
 42
0.6597758010774886
 43
0.6597758010774886
 50
90.0
  0
INSERT
  5
949
330
70
100
AcDbEntity
  8
0
100
AcDbBlockReference
  2
ARB2
 10
57.6625081107326
 20
49.85071786617019
 30
0.0
 41
0.6597758010774886
 42
0.6597758010774886
 43
0.6597758010774886
 50
90.0
  0
INSERT
  5
94A
330
70
100
AcDbEntity
  8
0
100
AcDbBlockReference
  2
ARB2
 10
56.99507909600303
 20
49.85071786617019
 30
0.0
 41
0.6597758010774886
 42
0.6597758010774886
 43
0.6597758010774886
 50
90.0
  0
MTEXT
  5
94B
102
{ACAD_XDICTIONARY
360
94C
102
}
330
70
100
AcDbEntity
  8
textos
100
AcDbMText
 10
124.7648531035933
 20
57.54964374955345
 30
0.0
 40
0.1
 41
0.01
 46
0.0
 71
     5
 72
     5
  1
muro de carga existente
 11
0.0000000000000001
 21
1.0
 31
0.0
 73
     1
 44
1.0
  0
MTEXT
  5
94D
102
{ACAD_XDICTIONARY
360
94E
102
}
330
70
100
AcDbEntity
  8
textos
100
AcDbMText
 10
114.6014349456849
 20
61.03627652780041
 30
0.0
 40
0.15
 41
0.01
 46
0.0
 71
     5
 72
     5
  1
muro de carga existente
 73
     1
 44
1.0
  0
MTEXT
  5
94F
102
{ACAD_XDICTIONARY
360
950
102
}
330
70
100
AcDbEntity
  8
textos
100
AcDbMText
 10
107.7499718575422
 20
61.03627652780041
 30
0.0
 40
0.15
 41
0.01
 46
0.0
 71
     5
 72
     5
  1
muro de carga existente
 73
     1
 44
1.0
  0
MTEXT
  5
951
102
{ACAD_XDICTIONARY
360
952
102
}
330
70
100
AcDbEntity
  8
textos
100
AcDbMText
 10
123.0434205127471
 20
51.94154356463642
 30
0.0
 40
0.1
 41
0.01
 46
0.0
 71
     5
 72
     5
  1
limahoya existente
 11
0.7062628932803382
 21
0.7079496631648933
 31
0.0
 73
     1
 44
1.0
  0
MTEXT
  5
953
102
{ACAD_XDICTIONARY
360
954
102
}
330
70
100
AcDbEntity
  8
LEVELS
100
AcDbMText
 10
104.0992576592201
 20
61.29672255419282
 30
0.0
 40
0.2
 41
0.01
 46
0.0
 71
     5
 72
     5
  1
+ 6.20
 73
     1
 44
1.0
  0
INSERT
  5
955
330
70
100
AcDbEntity
  8
SIMBOL_LEVELS
100
AcDbBlockReference
  2
nivel
 10
104.8189030367743
 20
61.14001732168994
 30
0.0
  0
MTEXT
  5
956
102
{ACAD_XDICTIONARY
360
957
102
}
330
70
100
AcDbEntity
  8
LEVELS
100
AcDbMText
 10
119.5754800350709
 20
61.30841692552453
 30
0.0
 40
0.2
 41
0.01
 46
0.0
 71
     5
 72
     5
  1
+ 6.20
 73
     1
 44
1.0
  0
INSERT
  5
958
330
70
100
AcDbEntity
  8
SIMBOL_LEVELS
100
AcDbBlockReference
  2
nivel
 10
120.295125412625
 20
61.15171169302166
 30
0.0
  0
MTEXT
  5
959
102
{ACAD_XDICTIONARY
360
95A
102
}
330
70
100
AcDbEntity
  8
LEVELS
100
AcDbMText
 10
104.0992576592201
 20
53.69672255418451
 30
0.0
 40
0.2
 41
0.01
 46
0.0
 71
     5
 72
     5
  1
+ 4.80
 73
     1
 44
1.0
  0
INSERT
  5
95B
330
70
100
AcDbEntity
  8
SIMBOL_LEVELS
100
AcDbBlockReference
  2
nivel
 10
104.8189030367743
 20
53.54001732168164
 30
0.0
  0
MTEXT
  5
95C
102
{ACAD_XDICTIONARY
360
95D
102
}
330
70
100
AcDbEntity
  8
LEVELS
100
AcDbMText
 10
119.5754800350709
 20
53.69672255418451
 30
0.0
 40
0.2
 41
0.01
 46
0.0
 71
     5
 72
     5
  1
+ 4.80
 73
     1
 44
1.0
  0
INSERT
  5
95E
330
70
100
AcDbEntity
  8
SIMBOL_LEVELS
  6
Continuous
100
AcDbBlockReference
  2
nivel
 10
120.295125412625
 20
53.54001732168164
 30
0.0
  0
MTEXT
  5
95F
102
{ACAD_XDICTIONARY
360
960
102
}
330
70
100
AcDbEntity
  8
LEVELS
100
AcDbMText
 10
104.0992576592197
 20
46.59672255419369
 30
0.0
 40
0.2
 41
0.01
 46
0.0
 71
     5
 72
     5
  1
+ 3.55
 73
     1
 44
1.0
  0
INSERT
  5
961
330
70
100
AcDbEntity
  8
SIMBOL_LEVELS
100
AcDbBlockReference
  2
nivel
 10
104.8189030367743
 20
46.44001732169082
 30
0.0
  0
MTEXT
  5
962
102
{ACAD_XDICTIONARY
360
963
102
}
330
70
100
AcDbEntity
  8
LEVELS
100
AcDbMText
 10
119.5754800350709
 20
50.30841692552386
 30
0.0
 40
0.2
 41
0.01
 46
0.0
 71
     5
 72
     5
  1
+ 4.05
 73
     1
 44
1.0
  0
INSERT
  5
964
330
70
100
AcDbEntity
  8
SIMBOL_LEVELS
100
AcDbBlockReference
  2
nivel
 10
120.295125412625
 20
50.15171169302099
 30
0.0
  0
LINE
  5
965
330
70
100
AcDbEntity
  8
ROOF
100
AcDbLine
 10
77.97100586180007
 20
53.24001732169123
 30
0.0
 11
92.17101686779127
 21
53.24001732169123
 31
0.0
  0
LINE
  5
966
102
{ACAD_REACTORS
330
A35
330
A39
102
}
330
70
100
AcDbEntity
  8
ROOF
100
AcDbLine
 10
92.17101614308496
 20
53.54001732168982
 30
0.0
 11
77.97100586180007
 21
53.54001732168982
 31
0.0
  0
LINE
  5
967
330
70
100
AcDbEntity
  8
ROOF
100
AcDbLine
 10
92.1710157833116
 20
53.84001732168955
 30
0.0
 11
77.97100586180007
 21
53.84001732168955
 31
0.0
  0
MTEXT
  5
968
102
{ACAD_XDICTIONARY
360
969
102
}
330
70
100
AcDbEntity
  8
textos
100
AcDbMText
 10
84.75644261403552
 20
53.68612621670005
 30
0.0
 40
0.15
 41
0.01
 46
0.0
 71
     5
 72
     5
  1
\pi-0.3,l0.45,t0.45;CUMBRERA CHAPA ZINC Nº24
 73
     1
 44
1.0
  0
LINE
  5
96A
330
70
100
AcDbEntity
  8
AUX_ROOF
100
AcDbLine
 10
72.28437916796875
 20
56.97881124726422
 30
0.0
 11
72.28437916796875
 21
55.69154309029245
 31
0.0
  0
LINE
  5
96B
330
70
100
AcDbEntity
  8
AUX_ROOF
100
AcDbLine
 10
71.84044551269053
 20
56.97881124726422
 30
0.0
 11
72.28437916796875
 21
56.97881124726422
 31
0.0
  0
LINE
  5
96C
330
70
100
AcDbEntity
  8
AUX_ROOF
100
AcDbLine
 10
72.68795521822167
 20
57.388914376919
 30
0.0
 11
71.84044551269053
 21
56.97881124726422
 31
0.0
  0
LINE
  5
96D
330
70
100
AcDbEntity
  8
AUX_ROOF
100
AcDbLine
 10
72.28437916796875
 20
57.388914376919
 30
0.0
 11
72.68795521822167
 21
57.388914376919
 31
0.0
  0
LINE
  5
96E
330
70
100
AcDbEntity
  8
AUX_ROOF
100
AcDbLine
 10
72.28437916796875
 20
55.69154309029245
 30
0.0
 11
71.71937269761466
 21
56.20417200236097
 31
0.0
  0
LINE
  5
96F
330
70
100
AcDbEntity
  8
AUX_ROOF
100
AcDbLine
 10
72.28437916796875
 20
55.69154309029245
 30
0.0
 11
72.84938563832284
 21
56.20417200236097
 31
0.0
  0
LINE
  5
970
330
70
100
AcDbEntity
  8
AUX_ROOF
100
AcDbLine
 10
72.28437916796875
 20
55.69154309029245
 30
0.0
 11
72.84938563832284
 21
56.20417200236097
 31
0.0
  0
LINE
  5
971
330
70
100
AcDbEntity
  8
AUX_ROOF
100
AcDbLine
 10
72.28437916796875
 20
58.4255639546572
 30
0.0
 11
72.28437916796875
 21
57.388914376919
 31
0.0
  0
HATCH
  5
972
330
70
100
AcDbEntity
  8
HATCH1
100
AcDbHatch
 10
0.0
 20
0.0
 30
0.0
210
0.0
220
0.0
230
1.0
  2
_USER,_O
 70
     0
 71
     0
 91
        3
 92
        1
 93
       14
 72
     1
 10
70.37100586181091
 20
60.94001732168944
 11
49.27100586181032
 21
60.94001732168944
 72
     1
 10
49.27100586181032
 20
60.94001732168944
 11
49.27100586181032
 21
50.24001732169031
 72
     1
 10
49.27100586181032
 20
50.24001732169033
 11
49.97101614768727
 21
50.24001732169033
 72
     1
 10
49.97101614768727
 20
50.24001732169033
 11
50.06005024408037
 21
50.24001732169033
 72
     1
 10
50.06005024408037
 20
50.24001732169033
 11
50.05609335191699
 21
50.24193202998132
 72
     1
 10
50.05609335191699
 20
50.24193202998132
 11
50.18480442216847
 21
50.24193202998132
 72
     1
 10
50.18480442216847
 20
50.24193202998132
 11
56.363155863657
 21
50.24001732169033
 72
     1
 10
56.363155863657
 20
50.24001732169033
 11
60.17887642668179
 21
50.24001732168964
 72
     1
 10
60.17887642668179
 20
50.24001732168964
 11
66.3572278681701
 21
50.24001732168964
 72
     1
 10
66.3572278681701
 20
50.24001732168964
 11
66.3572278681701
 21
50.24193202998132
 72
     1
 10
66.3572278681701
 20
50.24193202998132
 11
66.48593893842158
 21
50.24193202998132
 72
     1
 10
66.48593893842158
 20
50.24193202998132
 11
66.57099575158546
 21
50.24001778060156
 72
     1
 10
66.57099575158546
 20
50.24001778060156
 11
70.37100586181091
 21
50.24001778060156
 72
     1
 10
70.37100586181091
 20
50.24001778060156
 11
70.37100586181091
 21
60.94001732168944
 97
        0
 92
       16
 93
        4
 72
     1
 10
55.97566349071636
 20
54.8748631976977
 11
61.60226649208053
 21
54.8748631976977
 72
     1
 10
61.60226649208053
 20
54.8748631976977
 11
61.60226649208053
 21
55.96062945508712
 72
     1
 10
61.60226649208053
 20
55.96062945508712
 11
55.97566349071636
 21
55.96062945508689
 72
     1
 10
55.97566349071636
 20
55.96062945508689
 11
55.97566349071636
 21
54.8748631976977
 97
        0
 92
        1
 93
        4
 72
     1
 10
49.07100586181027
 20
53.66416725785477
 11
49.65069806088118
 21
53.66416725785499
 72
     1
 10
49.65069806088118
 20
53.66416725785499
 11
49.65069806088118
 21
54.47849195089672
 72
     1
 10
49.65069806088118
 20
54.47849195089672
 11
49.07100586181027
 21
54.47849195089672
 72
     1
 10
49.07100586181027
 20
54.47849195089672
 11
49.07100586181027
 21
53.66416725785477
 97
        0
 75
     1
 76
     0
 52
90.0
 41
0.2
 77
     0
 78
     1
 53
90.0
 43
1898.298265362101
 44
1069.815444959856
 45
-0.2
 46
0.0
 79
     0
 98
        7
 10
23.94495660079337
 20
-70.28419764978534
 10
23.94495660079337
 20
-70.28419764978534
 10
23.94495660079337
 20
-70.28419764978534
 10
65.87682450347907
 20
58.10152013006714
 10
78.08914088483575
 20
59.81295102673803
 10
79.91771964103477
 20
51.08892202407165
 10
91.59702693888736
 20
58.86981280276986
1001
GradientColor1ACI
1070
     5
1001
GradientColor2ACI
1070
     2
1001
ACAD
1010
1874.353308761308
1020
1140.099642609642
1030
0.0
  0
LINE
  5
973
330
70
100
AcDbEntity
  8
AUX_ROOF
100
AcDbLine
 10
74.07364542963446
 20
51.62902711506076
 30
0.0
 11
74.07364542963446
 21
50.70954986008104
 31
0.0
  0
LINE
  5
974
330
70
100
AcDbEntity
  8
AUX_ROOF
100
AcDbLine
 10
73.7565499615786
 20
51.62902711506076
 30
0.0
 11
74.07364542963446
 21
51.62902711506076
 31
0.0
  0
LINE
  5
975
330
70
100
AcDbEntity
  8
AUX_ROOF
100
AcDbLine
 10
74.36191403695798
 20
51.92195792195702
 30
0.0
 11
73.7565499615786
 21
51.62902711506076
 31
0.0
  0
LINE
  5
976
330
70
100
AcDbEntity
  8
AUX_ROOF
100
AcDbLine
 10
74.07364542963446
 20
51.92195792195702
 30
0.0
 11
74.36191403695798
 21
51.92195792195702
 31
0.0
  0
LINE
  5
977
330
70
100
AcDbEntity
  8
AUX_ROOF
100
AcDbLine
 10
74.07364542963446
 20
50.70954986008104
 30
0.0
 11
73.67006937938154
 21
51.07571336870132
 31
0.0
  0
LINE
  5
978
330
70
100
AcDbEntity
  8
AUX_ROOF
100
AcDbLine
 10
74.07364542963446
 20
50.70954986008104
 30
0.0
 11
74.47722147988739
 21
51.07571336870132
 31
0.0
  0
LINE
  5
979
330
70
100
AcDbEntity
  8
AUX_ROOF
100
AcDbLine
 10
74.07364542963446
 20
50.70954986008104
 30
0.0
 11
74.47722147988739
 21
51.07571336870132
 31
0.0
  0
LINE
  5
97A
330
70
100
AcDbEntity
  8
AUX_ROOF
100
AcDbLine
 10
74.07364542963446
 20
52.66242190605584
 30
0.0
 11
74.07364542963446
 21
51.92195792195702
 31
0.0
  0
LINE
  5
97B
330
70
100
AcDbEntity
  8
AUX_ROOF
100
AcDbLine
 10
81.45324423483778
 20
50.19129699978763
 30
0.0
 11
81.45324423483778
 21
48.21316520414795
 31
0.0
  0
LINE
  5
97C
330
70
100
AcDbEntity
  8
AUX_ROOF
100
AcDbLine
 10
81.45324423483778
 20
45.79157656601084
 30
0.0
 11
82.01825070519211
 21
46.30420547807913
 31
0.0
  0
LINE
  5
97D
330
70
100
AcDbEntity
  8
AUX_ROOF
100
AcDbLine
 10
81.45324423483778
 20
45.79157656601084
 30
0.0
 11
82.01825070519211
 21
46.30420547807913
 31
0.0
  0
LINE
  5
97E
330
70
100
AcDbEntity
  8
AUX_ROOF
100
AcDbLine
 10
81.45324423483778
 20
45.79157656601084
 30
0.0
 11
80.8882377644837
 21
46.30420547807913
 31
0.0
  0
LINE
  5
97F
330
70
100
AcDbEntity
  8
AUX_ROOF
100
AcDbLine
 10
81.45324423483778
 20
48.21316520414795
 30
0.0
 11
81.85682028509093
 21
48.21316520414795
 31
0.0
  0
LINE
  5
980
330
70
100
AcDbEntity
  8
AUX_ROOF
100
AcDbLine
 10
81.85682028509093
 20
48.21316520414795
 30
0.0
 11
81.00931057955957
 21
47.8030620744934
 31
0.0
  0
LINE
  5
981
330
70
100
AcDbEntity
  8
AUX_ROOF
100
AcDbLine
 10
81.00931057955957
 20
47.8030620744934
 30
0.0
 11
81.45324423483778
 21
47.8030620744934
 31
0.0
  0
LINE
  5
982
330
70
100
AcDbEntity
  8
AUX_ROOF
100
AcDbLine
 10
81.45324423483778
 20
47.8030620744934
 30
0.0
 11
81.45324423483778
 21
45.79157656601084
 31
0.0
  0
LINE
  5
983
330
70
100
AcDbEntity
  8
AUX_ROOF
100
AcDbLine
 10
81.45324423483778
 20
55.41281781908416
 30
0.0
 11
81.45324423483778
 21
57.39094961472384
 31
0.0
  0
LINE
  5
984
330
70
100
AcDbEntity
  8
AUX_ROOF
100
AcDbLine
 10
81.45324423483778
 20
59.81253825286094
 30
0.0
 11
82.01825070519211
 21
59.29990934079264
 31
0.0
  0
LINE
  5
985
330
70
100
AcDbEntity
  8
AUX_ROOF
100
AcDbLine
 10
81.45324423483778
 20
59.81253825286094
 30
0.0
 11
82.01825070519211
 21
59.29990934079264
 31
0.0
  0
LINE
  5
986
330
70
100
AcDbEntity
  8
AUX_ROOF
100
AcDbLine
 10
81.45324423483778
 20
59.81253825286094
 30
0.0
 11
80.8882377644837
 21
59.29990934079264
 31
0.0
  0
LINE
  5
987
330
70
100
AcDbEntity
  8
AUX_ROOF
100
AcDbLine
 10
81.45324423483778
 20
57.39094961472384
 30
0.0
 11
81.85682028509093
 21
57.39094961472384
 31
0.0
  0
LINE
  5
988
330
70
100
AcDbEntity
  8
AUX_ROOF
100
AcDbLine
 10
81.85682028509093
 20
57.39094961472384
 30
0.0
 11
81.00931057955957
 21
57.80105274437837
 31
0.0
  0
LINE
  5
989
330
70
100
AcDbEntity
  8
AUX_ROOF
100
AcDbLine
 10
81.00931057955957
 20
57.80105274437837
 30
0.0
 11
81.45324423483778
 21
57.80105274437837
 31
0.0
  0
LINE
  5
98A
330
70
100
AcDbEntity
  8
AUX_ROOF
100
AcDbLine
 10
81.45324423483778
 20
57.80105274437837
 30
0.0
 11
81.45324423483778
 21
59.81253825286094
 31
0.0
  0
LINE
  5
98B
330
70
100
AcDbEntity
  8
AUX_ROOF
100
AcDbLine
 10
88.71326221733541
 20
50.19129699978763
 30
0.0
 11
88.71326221733541
 21
48.21316520414795
 31
0.0
  0
LINE
  5
98C
330
70
100
AcDbEntity
  8
AUX_ROOF
100
AcDbLine
 10
88.71326221733541
 20
45.79157656601084
 30
0.0
 11
89.27826868768972
 21
46.30420547807913
 31
0.0
  0
LINE
  5
98D
330
70
100
AcDbEntity
  8
AUX_ROOF
100
AcDbLine
 10
88.71326221733541
 20
45.79157656601084
 30
0.0
 11
89.27826868768972
 21
46.30420547807913
 31
0.0
  0
LINE
  5
98E
330
70
100
AcDbEntity
  8
AUX_ROOF
100
AcDbLine
 10
88.71326221733541
 20
45.79157656601084
 30
0.0
 11
88.14825574698131
 21
46.30420547807913
 31
0.0
  0
LINE
  5
98F
330
70
100
AcDbEntity
  8
AUX_ROOF
100
AcDbLine
 10
88.71326221733541
 20
48.21316520414795
 30
0.0
 11
89.11683826758856
 21
48.21316520414795
 31
0.0
  0
LINE
  5
990
330
70
100
AcDbEntity
  8
AUX_ROOF
100
AcDbLine
 10
89.11683826758856
 20
48.21316520414795
 30
0.0
 11
88.2693285620572
 21
47.8030620744934
 31
0.0
  0
LINE
  5
991
330
70
100
AcDbEntity
  8
AUX_ROOF
100
AcDbLine
 10
88.2693285620572
 20
47.8030620744934
 30
0.0
 11
88.71326221733541
 21
47.8030620744934
 31
0.0
  0
LINE
  5
992
330
70
100
AcDbEntity
  8
AUX_ROOF
100
AcDbLine
 10
88.71326221733541
 20
47.8030620744934
 30
0.0
 11
88.71326221733541
 21
45.79157656601084
 31
0.0
  0
LINE
  5
993
330
70
100
AcDbEntity
  8
AUX_ROOF
100
AcDbLine
 10
88.71326221733541
 20
55.41281781908416
 30
0.0
 11
88.71326221733541
 21
57.39094961472384
 31
0.0
  0
LINE
  5
994
330
70
100
AcDbEntity
  8
AUX_ROOF
100
AcDbLine
 10
88.71326221733541
 20
59.81253825286094
 30
0.0
 11
89.27826868768972
 21
59.29990934079264
 31
0.0
  0
LINE
  5
995
330
70
100
AcDbEntity
  8
AUX_ROOF
100
AcDbLine
 10
88.71326221733541
 20
59.81253825286094
 30
0.0
 11
89.27826868768972
 21
59.29990934079264
 31
0.0
  0
LINE
  5
996
330
70
100
AcDbEntity
  8
AUX_ROOF
100
AcDbLine
 10
88.71326221733541
 20
59.81253825286094
 30
0.0
 11
88.14825574698131
 21
59.29990934079264
 31
0.0
  0
LINE
  5
997
330
70
100
AcDbEntity
  8
AUX_ROOF
100
AcDbLine
 10
88.71326221733541
 20
57.39094961472384
 30
0.0
 11
89.11683826758856
 21
57.39094961472384
 31
0.0
  0
LINE
  5
998
330
70
100
AcDbEntity
  8
AUX_ROOF
100
AcDbLine
 10
89.11683826758856
 20
57.39094961472384
 30
0.0
 11
88.2693285620572
 21
57.80105274437837
 31
0.0
  0
LINE
  5
999
330
70
100
AcDbEntity
  8
AUX_ROOF
100
AcDbLine
 10
88.2693285620572
 20
57.80105274437837
 30
0.0
 11
88.71326221733541
 21
57.80105274437837
 31
0.0
  0
LINE
  5
99A
330
70
100
AcDbEntity
  8
AUX_ROOF
100
AcDbLine
 10
88.71326221733541
 20
57.80105274437837
 30
0.0
 11
88.71326221733541
 21
59.81253825286094
 31
0.0
  0
LINE
  5
99B
330
70
100
AcDbEntity
  8
AUX_ROOF
100
AcDbLine
 10
55.18159075765666
 20
57.55365860955581
 30
0.0
 11
55.18159075765666
 21
55.57552681391613
 31
0.0
  0
LINE
  5
99C
330
70
100
AcDbEntity
  8
AUX_ROOF
100
AcDbLine
 10
55.18159075765666
 20
53.15393817577902
 30
0.0
 11
55.74659722801098
 21
53.66656708784732
 31
0.0
  0
LINE
  5
99D
330
70
100
AcDbEntity
  8
AUX_ROOF
100
AcDbLine
 10
55.18159075765666
 20
53.15393817577902
 30
0.0
 11
55.74659722801098
 21
53.66656708784732
 31
0.0
  0
LINE
  5
99E
330
70
100
AcDbEntity
  8
AUX_ROOF
100
AcDbLine
 10
55.18159075765666
 20
53.15393817577902
 30
0.0
 11
54.61658428730257
 21
53.66656708784732
 31
0.0
  0
LINE
  5
99F
330
70
100
AcDbEntity
  8
AUX_ROOF
100
AcDbLine
 10
55.18159075765666
 20
55.57552681391613
 30
0.0
 11
55.58516680790981
 21
55.57552681391613
 31
0.0
  0
LINE
  5
9A0
330
70
100
AcDbEntity
  8
AUX_ROOF
100
AcDbLine
 10
55.58516680790981
 20
55.57552681391613
 30
0.0
 11
54.73765710237845
 21
55.16542368426159
 31
0.0
  0
LINE
  5
9A1
330
70
100
AcDbEntity
  8
AUX_ROOF
100
AcDbLine
 10
54.73765710237845
 20
55.16542368426159
 30
0.0
 11
55.18159075765666
 21
55.16542368426159
 31
0.0
  0
LINE
  5
9A2
330
70
100
AcDbEntity
  8
AUX_ROOF
100
AcDbLine
 10
55.18159075765666
 20
55.16542368426159
 30
0.0
 11
55.18159075765666
 21
53.15393817577902
 31
0.0
  0
LINE
  5
9A3
330
70
100
AcDbEntity
  8
AUX_ROOF
100
AcDbLine
 10
62.44160874015429
 20
57.55365860955581
 30
0.0
 11
62.44160874015429
 21
55.57552681391613
 31
0.0
  0
LINE
  5
9A4
330
70
100
AcDbEntity
  8
AUX_ROOF
100
AcDbLine
 10
62.44160874015429
 20
53.15393817577902
 30
0.0
 11
63.00661521050861
 21
53.66656708784732
 31
0.0
  0
LINE
  5
9A5
330
70
100
AcDbEntity
  8
AUX_ROOF
100
AcDbLine
 10
62.44160874015429
 20
53.15393817577902
 30
0.0
 11
63.00661521050861
 21
53.66656708784732
 31
0.0
  0
LINE
  5
9A6
330
70
100
AcDbEntity
  8
AUX_ROOF
100
AcDbLine
 10
62.44160874015429
 20
53.15393817577902
 30
0.0
 11
61.8766022698002
 21
53.66656708784732
 31
0.0
  0
LINE
  5
9A7
330
70
100
AcDbEntity
  8
AUX_ROOF
100
AcDbLine
 10
62.44160874015429
 20
55.57552681391613
 30
0.0
 11
62.84518479040745
 21
55.57552681391613
 31
0.0
  0
LINE
  5
9A8
330
70
100
AcDbEntity
  8
AUX_ROOF
100
AcDbLine
 10
62.84518479040745
 20
55.57552681391613
 30
0.0
 11
61.99767508487608
 21
55.16542368426159
 31
0.0
  0
LINE
  5
9A9
330
70
100
AcDbEntity
  8
AUX_ROOF
100
AcDbLine
 10
61.99767508487608
 20
55.16542368426159
 30
0.0
 11
62.44160874015429
 21
55.16542368426159
 31
0.0
  0
LINE
  5
9AA
330
70
100
AcDbEntity
  8
AUX_ROOF
100
AcDbLine
 10
62.44160874015429
 20
55.16542368426159
 30
0.0
 11
62.44160874015429
 21
53.15393817577902
 31
0.0
  0
LINE
  5
9AB
102
{ACAD_REACTORS
330
A42
102
}
330
70
100
AcDbEntity
  8
AUX_ROOF
100
AcDbLine
 10
56.363155863657
 20
50.24001732169033
 30
0.0
 11
49.97101614768727
 21
49.38167486591525
 31
0.0
  0
LINE
  5
9AC
102
{ACAD_REACTORS
330
A48
102
}
330
70
100
AcDbEntity
  8
AUX_ROOF
100
AcDbLine
 10
60.17887642668179
 20
50.24001732168964
 30
0.0
 11
68.09312832642368
 21
49.381674865914
 31
0.0
  0
LINE
  5
9AD
330
70
100
AcDbEntity
  8
AUX_ROOF
100
AcDbLine
 10
130.871016147683
 20
35.44001732169151
 30
0.0
 11
132.2710058618096
 21
39.54001778060312
 31
0.0
  0
HATCH
  5
9AE
330
70
100
AcDbEntity
  8
HACTH3
 48
0.2
100
AcDbHatch
 10
0.0
 20
0.0
 30
0.0
210
0.0
220
0.0
230
1.0
  2
AR-SAND
 70
     0
 71
     0
 91
        3
 92
        1
 93
       13
 72
     1
 10
132.3710058618111
 20
39.54001732168983
 11
130.8710058618111
 21
39.5400173216896
 72
     1
 10
130.8710058618111
 20
39.5400173216896
 11
130.8710163155766
 21
35.44001778060389
 72
     1
 10
130.8710163155766
 20
35.44001778060389
 11
131.6176254884423
 21
35.44001778060389
 72
     1
 10
131.6176254884423
 20
35.44001778060389
 11
131.6176254884418
 21
35.54993394151794
 72
     1
 10
131.6176254884418
 20
35.54993394151794
 11
132.0281693303788
 21
35.54993394151794
 72
     1
 10
132.0281693303788
 20
35.54993394151794
 11
131.9284426813143
 21
35.44001778060412
 72
     1
 10
131.9284426813143
 20
35.44001778060412
 11
132.3710058618113
 21
35.44001778060412
 72
     1
 10
132.3710058618113
 20
35.44001778060412
 11
132.3710058618113
 21
35.91196486873552
 72
     1
 10
132.3710058618113
 20
35.91196486873552
 11
132.2606957179461
 21
35.81188075995662
 72
     1
 10
132.2606957179461
 20
35.81188075995662
 11
132.2606957179461
 21
36.22242460189356
 72
     1
 10
132.2606957179461
 20
36.22242460189356
 11
132.1191135406694
 21
36.22242460189311
 72
     1
 10
132.1191135406694
 20
36.22242460189311
 11
132.3710058618113
 21
36.34431327002555
 72
     1
 10
132.3710058618113
 20
36.34431327002555
 11
132.3710058618111
 21
39.54001732168983
 97
        0
 92
       16
 93
        1
 72
     2
 10
132.2839805088762
 20
35.54385634817519
 40
0.0750000000000455
 50
0.0
 51
360.0
 73
     1
 97
        0
 92
       17
 93
        4
 72
     1
 10
130.8710058618113
 20
37.30999891263142
 11
132.3710058618111
 21
37.30999891263165
 72
     1
 10
132.3710058618111
 20
37.30999891263165
 11
132.3710058618111
 21
38.12432360567338
 72
     1
 10
132.3710058618111
 20
38.12432360567338
 11
130.8710058618113
 21
38.12432360567338
 72
     1
 10
130.8710058618113
 20
38.12432360567338
 11
130.8710058618113
 21
37.30999891263142
 97
        0
 75
     1
 76
     1
 52
0.0
 41
0.01
 77
     0
 78
     4
 53
37.5
 43
-1631.266455010714
 44
-1055.48200236971
 45
-0.0160003129598405
 46
0.4894132373293424
 79
     6
 49
0.0
 49
-0.38608
 49
0.0
 49
-0.4318000000000001
 49
0.0
 49
-0.4127500000000001
 53
7.499999999999999
 43
-1631.266455010714
 44
-1055.48200236971
 45
0.4495232831380027
 46
0.7168251005683543
 79
     6
 49
0.0
 49
-0.20828
 49
0.0
 49
-0.34798
 49
0.0
 49
-0.13335
 53
327.5
 43
-1631.578875010714
 44
-1055.48200236971
 45
0.790992370241458
 46
0.0014371846785458
 79
     6
 49
0.0
 49
-0.127
 49
0.0
 49
-0.4572
 49
0.0
 49
-0.5969
 53
317.5
 43
-1631.578875010714
 44
-1055.48200236971
 45
0.7635564524722973
 46
0.2229293232572163
 79
     6
 49
0.0
 49
-0.0635
 49
0.0
 49
-0.29972
 49
0.0
 49
-0.3429
 98
        2
 10
131.8570728812648
 20
36.69466737736858
 10
131.8570728812648
 20
36.69466737736858
1001
GradientColor1ACI
1070
     5
1001
GradientColor2ACI
1070
     2
1001
ACAD
1010
0.0
1020
0.0
1030
0.0
  0
MTEXT
  5
9AF
102
{ACAD_XDICTIONARY
360
9B0
102
}
330
70
100
AcDbEntity
  8
textos
100
AcDbMText
 10
131.6628310839097
 20
37.71808213227647
 30
0.0
 40
0.15
 41
3.089774771293149
 46
0.0
 71
     5
 72
     5
  1
LOSA PLANA DE HºAº \PDIMENSIONES S/CALCULO\PPEND. 2%
 73
     1
 44
1.0
  0
HATCH
  5
9B1
330
70
100
AcDbEntity
  8
HACTH3
 48
0.2
100
AcDbHatch
 10
0.0
 20
0.0
 30
0.0
210
0.0
220
0.0
230
1.0
  2
AR-SAND
 70
     0
 71
     0
 91
        6
 92
        7
 72
     1
 73
     1
 93
        7
 10
56.363155863657
 20
50.24001732169033
 42
0.0
 10
50.79957045519726
 20
49.49293390759019
 42
0.0
 10
50.7457330998306
 20
49.38167486591525
 42
0.0
 10
55.51061208363718
 20
49.38167486591525
 42
-1.0
 10
55.97869785717676
 20
49.38167486591525
 42
0.0
 10
56.1659322786069
 20
49.38167486591525
 42
0.0
 10
56.363155863657
 20
49.38167486591525
 42
0.0
 97
        0
 92
        7
 72
     1
 73
     1
 93
       11
 10
56.363155863657
 20
50.24001732169033
 42
0.0
 10
49.97101614768727
 20
50.24001732169033
 42
0.0
 10
49.97897528350787
 20
49.48097756837015
 42
-1.0
 10
50.12897528350787
 20
49.48097756837015
 42
-0.3756363698171491
 10
50.0639567653
 20
49.40664473564306
 42
0.0
 10
50.33825849636514
 20
49.44293435586393
 42
0.0
 10
50.31090844801579
 20
49.47307887935464
 42
0.0
 10
50.65170859226331
 20
49.47307887935464
 42
0.0
 10
50.79957045519726
 20
49.49293390759019
 42
0.0
 10
50.85224501835742
 20
49.60178994960657
 42
0.0
 10
50.85224501835742
 20
49.50000709683649
 42
0.0
 97
        0
 92
        9
 93
        4
 72
     1
 10
54.58053483159727
 20
49.33046741083288
 11
55.46511873337081
 21
49.33046741083288
 72
     1
 10
55.46511873337081
 20
49.33046741083288
 11
55.46511873337081
 21
49.7426092935068
 72
     1
 10
55.46511873337081
 20
49.7426092935068
 11
54.58053483159727
 21
49.7426092935068
 72
     1
 10
54.58053483159727
 20
49.7426092935068
 11
54.58053483159727
 21
49.33046741083288
 97
        0
 92
       24
 93
        4
 72
     1
 10
51.68999480344194
 20
49.38303182280956
 11
54.47809166565204
 21
49.38303182280964
 72
     1
 10
54.47809166565204
 20
49.38303182280964
 11
54.47809166565202
 21
50.19735651585193
 72
     1
 10
54.47809166565203
 20
50.19735651585193
 11
51.68999480344194
 21
50.19735651585182
 72
     1
 10
51.68999480344193
 20
50.19735651585182
 11
51.68999480344194
 21
49.38303182280956
 97
        0
 92
        9
 93
        4
 72
     1
 10
60.36473426039011
 20
49.33046741083288
 11
61.24931816216363
 21
49.33046741083288
 72
     1
 10
61.24931816216363
 20
49.33046741083288
 11
61.24931816216363
 21
49.7426092935068
 72
     1
 10
61.24931816216363
 20
49.7426092935068
 11
60.36473426039011
 21
49.7426092935068
 72
     1
 10
60.36473426039011
 20
49.7426092935068
 11
60.36473426039011
 21
49.33046741083288
 97
        0
 92
        9
 93
        4
 72
     1
 10
64.02103110116735
 20
49.39488838807356
 11
66.80912796337745
 21
49.39488838807364
 72
     1
 10
66.80912796337745
 20
49.39488838807364
 11
66.80912796337742
 21
50.20921308111592
 72
     1
 10
66.80912796337743
 20
50.20921308111592
 11
64.02103110116733
 21
50.20921308111582
 72
     1
 10
64.02103110116733
 20
50.20921308111582
 11
64.02103110116735
 21
49.39488838807356
 97
        0
 75
     1
 76
     1
 52
0.0
 41
0.1
 77
     0
 78
     4
 53
37.5
 43
25.46707907044173
 44
-70.28419764978534
 45
-0.0062993358109608
 46
0.1926823769013159
 79
     6
 49
0.0
 49
-0.152
 49
0.0
 49
-0.17
 49
0.0
 49
-0.1625
 53
7.499999999999999
 43
25.46707907044173
 44
-70.28419764978534
 45
0.1769776705267727
 46
0.282214606522974
 79
     6
 49
0.0
 49
-0.082
 49
0.0
 49
-0.137
 49
0.0
 49
-0.0525
 53
327.5
 43
25.34407907044173
 44
-70.28419764978534
 45
0.3114141861751495
 46
0.0005659053536965
 79
     6
 49
0.0
 49
-0.05
 49
0.0
 49
-0.18
 49
0.0
 49
-0.235
 53
317.5
 43
25.34407907044173
 44
-70.28419764978534
 45
0.3006126604572294
 46
0.087767556493425
 79
     6
 49
0.0
 49
-0.025
 49
0.0
 49
-0.118
 49
0.0
 49
-0.135
 47
0.0182641708612991
 98
        5
 10
25.46707907044173
 20
-70.28419764978534
 10
55.08262173675801
 20
49.81642930440781
 10
51.27407579865824
 20
50.01901803242819
 10
62.31740219867354
 20
49.7937449112538
 10
63.84983443520944
 20
50.15390281414712
1001
GradientColor1ACI
1070
     5
1001
GradientColor2ACI
1070
     2
1001
ACAD
1010
0.0
1020
0.0
1030
0.0
  0
MTEXT
  5
9B2
102
{ACAD_XDICTIONARY
360
9B3
102
}
330
70
100
AcDbEntity
  8
textos
100
AcDbMText
 10
65.41845606706093
 20
49.8029716077189
 30
0.0
 40
0.15
 41
3.089774771293149
 46
0.0
 71
     5
 72
     5
  1
LOSA PLANA DE HºAº \PDIMENSIONES S/CALCULO\PPEND. 2%
 73
     1
 44
1.0
  0
MTEXT
  5
9B4
102
{ACAD_XDICTIONARY
360
9B5
102
}
330
70
100
AcDbEntity
  8
textos
100
AcDbMText
 10
53.08741976933553
 20
49.7911150424549
 30
0.0
 40
0.15
 41
3.089774771293149
 46
0.0
 71
     5
 72
     5
  1
LOSA PLANA DE HºAº \PDIMENSIONES S/CALCULO\PPEND. 2%
 73
     1
 44
1.0
  0
CIRCLE
  5
9B6
330
70
100
AcDbEntity
  8
AUX_ROOF
 48
0.2
100
AcDbCircle
 10
132.2839805088762
 20
35.54385634817542
 30
0.0
 40
0.075
  0
LINE
  5
9B7
330
70
100
AcDbEntity
  8
AUX_ROOF
 48
0.2
100
AcDbLine
 10
131.1562178076812
 20
35.54993394151794
 30
0.0
 11
131.4868327600372
 21
35.5499339415184
 31
0.0
  0
LINE
  5
9B8
330
70
100
AcDbEntity
  8
AUX_ROOF
 48
0.2
100
AcDbLine
 10
132.0281693303788
 20
35.54993394151794
 30
0.0
 11
131.8646784198733
 21
35.73012943987002
 31
0.0
  0
LINE
  5
9B9
330
70
100
AcDbEntity
  8
AUX_ROOF
 48
0.2
100
AcDbLine
 10
132.0281693303788
 20
35.54993394151794
 30
0.0
 11
131.8646784198733
 21
35.73012943987002
 31
0.0
  0
LINE
  5
9BA
330
70
100
AcDbEntity
  8
AUX_ROOF
 48
0.2
100
AcDbLine
 10
132.0281693303788
 20
35.54993394151794
 30
0.0
 11
131.8646784198728
 21
35.36973844316587
 31
0.0
  0
LINE
  5
9BB
330
70
100
AcDbEntity
  8
AUX_ROOF
 48
0.2
100
AcDbLine
 10
131.4868327600372
 20
35.5499339415184
 30
0.0
 11
131.4868327600372
 21
35.67864501176988
 31
0.0
  0
LINE
  5
9BC
330
70
100
AcDbEntity
  8
AUX_ROOF
 48
0.2
100
AcDbLine
 10
131.4868327600372
 20
35.67864501176988
 30
0.0
 11
131.6176254884423
 21
35.40835176424131
 31
0.0
  0
LINE
  5
9BD
330
70
100
AcDbEntity
  8
AUX_ROOF
 48
0.2
100
AcDbLine
 10
131.6176254884423
 20
35.40835176424131
 30
0.0
 11
131.6176254884418
 21
35.54993394151794
 31
0.0
  0
LINE
  5
9BE
330
70
100
AcDbEntity
  8
AUX_ROOF
 48
0.2
100
AcDbLine
 10
131.6176254884418
 20
35.54993394151794
 30
0.0
 11
132.0281693303788
 21
35.54993394151794
 31
0.0
  0
LINE
  5
9BF
330
70
100
AcDbEntity
  8
AUX_ROOF
 48
0.2
100
AcDbLine
 10
132.2606957179461
 20
36.68383228265422
 30
0.0
 11
132.2606957179465
 21
36.35321733029825
 31
0.0
  0
LINE
  5
9C0
330
70
100
AcDbEntity
  8
AUX_ROOF
 48
0.2
100
AcDbLine
 10
132.2606957179461
 20
35.81188075995662
 30
0.0
 11
132.4408912162982
 21
35.97537167046213
 31
0.0
  0
LINE
  5
9C1
330
70
100
AcDbEntity
  8
AUX_ROOF
 48
0.2
100
AcDbLine
 10
132.2606957179461
 20
35.81188075995662
 30
0.0
 11
132.4408912162982
 21
35.97537167046213
 31
0.0
  0
LINE
  5
9C2
330
70
100
AcDbEntity
  8
AUX_ROOF
 48
0.2
100
AcDbLine
 10
132.2606957179461
 20
35.81188075995662
 30
0.0
 11
132.080500219594
 21
35.97537167046259
 31
0.0
  0
LINE
  5
9C3
330
70
100
AcDbEntity
  8
AUX_ROOF
 48
0.2
100
AcDbLine
 10
132.2606957179465
 20
36.35321733029825
 30
0.0
 11
132.389406788198
 21
36.35321733029825
 31
0.0
  0
LINE
  5
9C4
330
70
100
AcDbEntity
  8
AUX_ROOF
 48
0.2
100
AcDbLine
 10
132.389406788198
 20
36.35321733029825
 30
0.0
 11
132.1191135406694
 21
36.22242460189311
 31
0.0
  0
LINE
  5
9C5
330
70
100
AcDbEntity
  8
AUX_ROOF
 48
0.2
100
AcDbLine
 10
132.1191135406694
 20
36.22242460189311
 30
0.0
 11
132.2606957179461
 21
36.22242460189356
 31
0.0
  0
LINE
  5
9C6
330
70
100
AcDbEntity
  8
AUX_ROOF
 48
0.2
100
AcDbLine
 10
132.2606957179461
 20
36.22242460189356
 30
0.0
 11
132.2606957179461
 21
35.81188075995662
 31
0.0
  0
LINE
  5
9C7
102
{ACAD_REACTORS
330
A3F
102
}
330
70
100
AcDbEntity
  8
AUX_ROOF
100
AcDbLine
 10
47.5710058618105
 20
50.24001778060203
 30
0.0
 11
49.07100586181027
 21
57.43967351676444
 31
0.0
  0
HATCH
  5
9C8
330
70
100
AcDbEntity
  8
HACTH3
 48
0.2
100
AcDbHatch
 10
0.0
 20
0.0
 30
0.0
210
0.0
220
0.0
230
1.0
  2
AR-SAND
 70
     0
 71
     0
 91
        3
 92
        7
 72
     0
 73
     1
 93
        3
 10
49.07100586181027
 20
57.43967351676444
 10
47.5710058618105
 20
57.44054902645386
 10
47.5710058618105
 20
50.24001778060203
 97
        0
 92
       23
 72
     1
 73
     1
 93
       15
 10
49.07100586181027
 20
57.43967351676444
 42
0.0
 10
47.74716209925137
 20
51.0855272908365
 42
0.0
 10
47.84626937537237
 20
51.03757007708001
 42
0.0
 10
47.73717053531131
 20
51.03757007708047
 42
0.0
 10
47.70468719809573
 20
50.88165751367129
 42
0.0
 10
47.70468719809573
 20
50.62702623514352
 42
0.0
 10
47.66007036812825
 20
50.66750696980094
 42
0.0
 10
47.60584240548783
 20
50.33890807191066
 42
-0.902232083420777
 10
47.75426579092223
 20
50.32361080184834
 42
-0.4142135623730958
 10
47.67926579092218
 20
50.24861080184829
 42
0.0
 10
47.938784405137
 20
50.24700845597037
 42
0.0
 10
47.82731403869107
 20
50.36986824169813
 42
0.0
 10
48.23785788062801
 20
50.36986824169813
 42
0.0
 10
48.23785788062756
 20
50.24001778060203
 42
0.0
 10
49.07100586181027
 20
50.24001778060203
 42
0.0
 97
        0
 92
        9
 93
        4
 72
     1
 10
46.86260119867134
 20
53.66416725785477
 11
49.65069806088118
 21
53.66416725785499
 72
     1
 10
49.65069806088118
 20
53.66416725785499
 11
49.65069806088118
 21
54.47849195089672
 72
     1
 10
49.65069806088118
 20
54.47849195089672
 11
46.86260119867134
 21
54.47849195089672
 72
     1
 10
46.86260119867134
 20
54.47849195089672
 11
46.86260119867134
 21
53.66416725785477
 97
        0
 75
     1
 76
     1
 52
0.0
 41
0.01
 77
     0
 78
     4
 53
37.5
 43
-1631.266455010714
 44
-1055.48200236971
 45
-0.0160003129598405
 46
0.4894132373293424
 79
     6
 49
0.0
 49
-0.38608
 49
0.0
 49
-0.4318000000000001
 49
0.0
 49
-0.4127500000000001
 53
7.499999999999999
 43
-1631.266455010714
 44
-1055.48200236971
 45
0.4495232831380027
 46
0.7168251005683543
 79
     6
 49
0.0
 49
-0.20828
 49
0.0
 49
-0.34798
 49
0.0
 49
-0.13335
 53
327.5
 43
-1631.578875010714
 44
-1055.48200236971
 45
0.790992370241458
 46
0.0014371846785458
 79
     6
 49
0.0
 49
-0.127
 49
0.0
 49
-0.4572
 49
0.0
 49
-0.5969
 53
317.5
 43
-1631.578875010714
 44
-1055.48200236971
 45
0.7635564524722973
 46
0.2229293232572163
 79
     6
 49
0.0
 49
-0.0635
 49
0.0
 49
-0.29972
 49
0.0
 49
-0.3429
 47
0.0286339924462825
 98
        2
 10
48.25307494994572
 20
56.6788771008618
 10
48.78251081481372
 20
54.63432119531868
1001
GradientColor1ACI
1070
     5
1001
GradientColor2ACI
1070
     2
1001
ACAD
1010
0.0
1020
0.0
1030
0.0
  0
MTEXT
  5
9C9
102
{ACAD_XDICTIONARY
360
9CA
102
}
330
70
100
AcDbEntity
  8
textos
100
AcDbMText
 10
48.26002616456472
 20
54.07225047749982
 30
0.0
 40
0.15
 41
3.089774771293149
 46
0.0
 71
     5
 72
     5
  1
LOSA PLANA DE HºAº \PDIMENSIONES S/CALCULO\PPEND. 2%
 73
     1
 44
1.0
  0
CIRCLE
  5
9CB
102
{ACAD_REACTORS
330
A45
102
}
330
70
100
AcDbEntity
  8
AUX_ROOF
 48
0.2
100
AcDbCircle
 10
68.00260523104542
 20
49.46661971258587
 30
0.0
 40
0.075
  0
CIRCLE
  5
9CC
330
70
100
AcDbEntity
  8
AUX_ROOF
 48
0.2
100
AcDbCircle
 10
50.05397528350787
 20
49.48097756837015
 30
0.0
 40
0.075
  0
CIRCLE
  5
9CD
330
70
100
AcDbEntity
  8
AUX_ROOF
 48
0.2
100
AcDbCircle
 10
47.67926579092218
 20
50.32361080184834
 30
0.0
 40
0.075
  0
LINE
  5
9CE
330
70
100
AcDbEntity
  8
AUX_ROOF
 48
0.2
100
AcDbLine
 10
66.88006854487252
 20
49.47307887935464
 30
0.0
 11
67.21068349722848
 21
49.47307887935509
 31
0.0
  0
LINE
  5
9CF
330
70
100
AcDbEntity
  8
AUX_ROOF
 48
0.2
100
AcDbLine
 10
67.75202006757012
 20
49.47307887935464
 30
0.0
 11
67.5885291570646
 21
49.65327437770671
 31
0.0
  0
LINE
  5
9D0
330
70
100
AcDbEntity
  8
AUX_ROOF
 48
0.2
100
AcDbLine
 10
67.75202006757012
 20
49.47307887935464
 30
0.0
 11
67.5885291570646
 21
49.65327437770671
 31
0.0
  0
LINE
  5
9D1
330
70
100
AcDbEntity
  8
AUX_ROOF
 48
0.2
100
AcDbLine
 10
67.75202006757012
 20
49.47307887935464
 30
0.0
 11
67.58852915706414
 21
49.29288338100256
 31
0.0
  0
LINE
  5
9D2
330
70
100
AcDbEntity
  8
AUX_ROOF
 48
0.2
100
AcDbLine
 10
67.21068349722848
 20
49.47307887935509
 30
0.0
 11
67.21068349722848
 21
49.60178994960657
 31
0.0
  0
LINE
  5
9D3
330
70
100
AcDbEntity
  8
AUX_ROOF
 48
0.2
100
AcDbLine
 10
67.21068349722848
 20
49.60178994960657
 30
0.0
 11
67.34147622563362
 21
49.331496702078
 31
0.0
  0
LINE
  5
9D4
330
70
100
AcDbEntity
  8
AUX_ROOF
 48
0.2
100
AcDbLine
 10
67.34147622563362
 20
49.331496702078
 30
0.0
 11
67.34147622563317
 21
49.47307887935464
 31
0.0
  0
LINE
  5
9D5
330
70
100
AcDbEntity
  8
AUX_ROOF
 48
0.2
100
AcDbLine
 10
67.34147622563317
 20
49.47307887935464
 30
0.0
 11
67.75202006757012
 21
49.47307887935464
 31
0.0
  0
LINE
  5
9D6
330
70
100
AcDbEntity
  8
AUX_ROOF
 48
0.2
100
AcDbLine
 10
67.87812409341698
 20
50.57254698233729
 30
0.0
 11
67.87812409341744
 21
50.24193202998132
 31
0.0
  0
LINE
  5
9D7
330
70
100
AcDbEntity
  8
AUX_ROOF
 48
0.2
100
AcDbLine
 10
67.87812409341698
 20
49.7005954596397
 30
0.0
 11
68.05831959176906
 21
49.86408637014521
 31
0.0
  0
LINE
  5
9D8
330
70
100
AcDbEntity
  8
AUX_ROOF
 48
0.2
100
AcDbLine
 10
67.87812409341698
 20
49.7005954596397
 30
0.0
 11
68.05831959176906
 21
49.86408637014521
 31
0.0
  0
LINE
  5
9D9
330
70
100
AcDbEntity
  8
AUX_ROOF
 48
0.2
100
AcDbLine
 10
67.87812409341698
 20
49.7005954596397
 30
0.0
 11
67.69792859506491
 21
49.86408637014566
 31
0.0
  0
LINE
  5
9DA
330
70
100
AcDbEntity
  8
AUX_ROOF
 48
0.2
100
AcDbLine
 10
67.87812409341744
 20
50.24193202998132
 30
0.0
 11
68.00683516366892
 21
50.24193202998132
 31
0.0
  0
LINE
  5
9DB
330
70
100
AcDbEntity
  8
AUX_ROOF
 48
0.2
100
AcDbLine
 10
68.00683516366892
 20
50.24193202998132
 30
0.0
 11
67.73654191614035
 21
50.11113930157618
 31
0.0
  0
LINE
  5
9DC
330
70
100
AcDbEntity
  8
AUX_ROOF
 48
0.2
100
AcDbLine
 10
67.73654191614035
 20
50.11113930157618
 30
0.0
 11
67.87812409341698
 21
50.11113930157663
 31
0.0
  0
LINE
  5
9DD
330
70
100
AcDbEntity
  8
AUX_ROOF
 48
0.2
100
AcDbLine
 10
67.87812409341698
 20
50.11113930157663
 30
0.0
 11
67.87812409341698
 21
49.7005954596397
 31
0.0
  0
LINE
  5
9DE
330
70
100
AcDbEntity
  8
AUX_ROOF
 48
0.2
100
AcDbLine
 10
51.18285997071339
 20
49.47307887935464
 30
0.0
 11
50.85224501835742
 21
49.47307887935509
 31
0.0
  0
LINE
  5
9DF
330
70
100
AcDbEntity
  8
AUX_ROOF
 48
0.2
100
AcDbLine
 10
50.31090844801579
 20
49.47307887935464
 30
0.0
 11
50.47439935852131
 21
49.65327437770671
 31
0.0
  0
LINE
  5
9E0
330
70
100
AcDbEntity
  8
AUX_ROOF
 48
0.2
100
AcDbLine
 10
50.31090844801579
 20
49.47307887935464
 30
0.0
 11
50.47439935852131
 21
49.65327437770671
 31
0.0
  0
LINE
  5
9E1
330
70
100
AcDbEntity
  8
AUX_ROOF
 48
0.2
100
AcDbLine
 10
50.31090844801579
 20
49.47307887935464
 30
0.0
 11
50.47439935852176
 21
49.29288338100256
 31
0.0
  0
LINE
  5
9E2
330
70
100
AcDbEntity
  8
AUX_ROOF
 48
0.2
100
AcDbLine
 10
50.85224501835742
 20
49.47307887935509
 30
0.0
 11
50.85224501835742
 21
49.60178994960657
 31
0.0
  0
LINE
  5
9E3
330
70
100
AcDbEntity
  8
AUX_ROOF
 48
0.2
100
AcDbLine
 10
50.85224501835742
 20
49.60178994960657
 30
0.0
 11
50.72145228995228
 21
49.331496702078
 31
0.0
  0
LINE
  5
9E4
330
70
100
AcDbEntity
  8
AUX_ROOF
 48
0.2
100
AcDbLine
 10
50.72145228995228
 20
49.331496702078
 30
0.0
 11
50.72145228995274
 21
49.47307887935464
 31
0.0
  0
LINE
  5
9E5
330
70
100
AcDbEntity
  8
AUX_ROOF
 48
0.2
100
AcDbLine
 10
50.72145228995274
 20
49.47307887935464
 30
0.0
 11
50.31090844801579
 21
49.47307887935464
 31
0.0
  0
LINE
  5
9E6
330
70
100
AcDbEntity
  8
AUX_ROOF
 48
0.2
100
AcDbLine
 10
50.18480442216892
 20
50.57254698233729
 30
0.0
 11
50.18480442216847
 21
50.24193202998132
 31
0.0
  0
LINE
  5
9E7
330
70
100
AcDbEntity
  8
AUX_ROOF
 48
0.2
100
AcDbLine
 10
50.18480442216892
 20
49.7005954596397
 30
0.0
 11
50.00460892381685
 21
49.86408637014521
 31
0.0
  0
LINE
  5
9E8
330
70
100
AcDbEntity
  8
AUX_ROOF
 48
0.2
100
AcDbLine
 10
50.18480442216892
 20
49.7005954596397
 30
0.0
 11
50.00460892381685
 21
49.86408637014521
 31
0.0
  0
LINE
  5
9E9
330
70
100
AcDbEntity
  8
AUX_ROOF
 48
0.2
100
AcDbLine
 10
50.18480442216892
 20
49.7005954596397
 30
0.0
 11
50.364999920521
 21
49.86408637014566
 31
0.0
  0
LINE
  5
9EA
330
70
100
AcDbEntity
  8
AUX_ROOF
 48
0.2
100
AcDbLine
 10
50.18480442216847
 20
50.24193202998132
 30
0.0
 11
50.05609335191699
 21
50.24193202998132
 31
0.0
  0
LINE
  5
9EB
330
70
100
AcDbEntity
  8
AUX_ROOF
 48
0.2
100
AcDbLine
 10
50.05609335191699
 20
50.24193202998132
 30
0.0
 11
50.32638659944556
 21
50.11113930157618
 31
0.0
  0
LINE
  5
9EC
330
70
100
AcDbEntity
  8
AUX_ROOF
 48
0.2
100
AcDbLine
 10
50.32638659944556
 20
50.11113930157618
 30
0.0
 11
50.18480442216892
 21
50.11113930157663
 31
0.0
  0
LINE
  5
9ED
330
70
100
AcDbEntity
  8
AUX_ROOF
 48
0.2
100
AcDbLine
 10
50.18480442216892
 20
50.11113930157663
 30
0.0
 11
50.18480442216892
 21
49.7005954596397
 31
0.0
  0
LINE
  5
9EE
330
70
100
AcDbEntity
  8
AUX_ROOF
 48
0.2
100
AcDbLine
 10
47.70468719809573
 20
51.49897775784112
 30
0.0
 11
47.70468719809528
 21
51.16836280548515
 31
0.0
  0
LINE
  5
9EF
330
70
100
AcDbEntity
  8
AUX_ROOF
 48
0.2
100
AcDbLine
 10
47.70468719809573
 20
50.62702623514352
 30
0.0
 11
47.52449169974366
 21
50.79051714564904
 31
0.0
  0
LINE
  5
9F0
330
70
100
AcDbEntity
  8
AUX_ROOF
 48
0.2
100
AcDbLine
 10
47.70468719809573
 20
50.62702623514352
 30
0.0
 11
47.52449169974366
 21
50.79051714564904
 31
0.0
  0
LINE
  5
9F1
330
70
100
AcDbEntity
  8
AUX_ROOF
 48
0.2
100
AcDbLine
 10
47.70468719809573
 20
50.62702623514352
 30
0.0
 11
47.88488269644782
 21
50.7905171456495
 31
0.0
  0
LINE
  5
9F2
330
70
100
AcDbEntity
  8
AUX_ROOF
 48
0.2
100
AcDbLine
 10
47.70468719809528
 20
51.16836280548515
 30
0.0
 11
47.5759761278438
 21
51.16836280548515
 31
0.0
  0
LINE
  5
9F3
330
70
100
AcDbEntity
  8
AUX_ROOF
 48
0.2
100
AcDbLine
 10
47.5759761278438
 20
51.16836280548515
 30
0.0
 11
47.84626937537237
 21
51.03757007708001
 31
0.0
  0
LINE
  5
9F4
330
70
100
AcDbEntity
  8
AUX_ROOF
 48
0.2
100
AcDbLine
 10
47.84626937537237
 20
51.03757007708001
 30
0.0
 11
47.70468719809573
 21
51.03757007708047
 31
0.0
  0
LINE
  5
9F5
330
70
100
AcDbEntity
  8
AUX_ROOF
 48
0.2
100
AcDbLine
 10
47.70468719809573
 20
51.03757007708047
 30
0.0
 11
47.70468719809573
 21
50.62702623514352
 31
0.0
  0
LINE
  5
9F6
330
70
100
AcDbEntity
  8
AUX_ROOF
 48
0.2
100
AcDbLine
 10
48.69926556138867
 20
50.36986824169813
 30
0.0
 11
48.3686506090327
 21
50.36986824169859
 31
0.0
  0
LINE
  5
9F7
330
70
100
AcDbEntity
  8
AUX_ROOF
 48
0.2
100
AcDbLine
 10
47.82731403869107
 20
50.36986824169813
 30
0.0
 11
47.99080494919659
 21
50.55006374005021
 31
0.0
  0
LINE
  5
9F8
330
70
100
AcDbEntity
  8
AUX_ROOF
 48
0.2
100
AcDbLine
 10
47.82731403869107
 20
50.36986824169813
 30
0.0
 11
47.99080494919659
 21
50.55006374005021
 31
0.0
  0
LINE
  5
9F9
330
70
100
AcDbEntity
  8
AUX_ROOF
 48
0.2
100
AcDbLine
 10
47.82731403869107
 20
50.36986824169813
 30
0.0
 11
47.99080494919704
 21
50.18967274334606
 31
0.0
  0
LINE
  5
9FA
330
70
100
AcDbEntity
  8
AUX_ROOF
 48
0.2
100
AcDbLine
 10
48.3686506090327
 20
50.36986824169859
 30
0.0
 11
48.3686506090327
 21
50.49857931195007
 31
0.0
  0
LINE
  5
9FB
330
70
100
AcDbEntity
  8
AUX_ROOF
 48
0.2
100
AcDbLine
 10
48.3686506090327
 20
50.49857931195007
 30
0.0
 11
48.23785788062756
 21
50.2282860644215
 31
0.0
  0
LINE
  5
9FC
330
70
100
AcDbEntity
  8
AUX_ROOF
 48
0.2
100
AcDbLine
 10
48.23785788062756
 20
50.2282860644215
 30
0.0
 11
48.23785788062801
 21
50.36986824169813
 31
0.0
  0
LINE
  5
9FD
330
70
100
AcDbEntity
  8
AUX_ROOF
 48
0.2
100
AcDbLine
 10
48.23785788062801
 20
50.36986824169813
 30
0.0
 11
47.82731403869107
 21
50.36986824169813
 31
0.0
  0
HATCH
  5
9FE
330
70
100
AcDbEntity
  8
HATCH1
100
AcDbHatch
 10
0.0
 20
0.0
 30
0.0
210
0.0
220
0.0
230
1.0
  2
_USER,_O
 70
     0
 71
     0
 91
       11
 92
        7
 72
     1
 73
     1
 93
       12
 10
99.37101614308941
 20
60.94001732168967
 42
0.0
 10
96.80026615932744
 20
60.94001732168979
 42
-0.2239158678232479
 10
96.60065086938976
 20
60.94001732168979
 42
0.0
 10
92.37102642436259
 20
60.94001732168996
 42
0.0
 10
92.37102642436228
 20
53.54001732168982
 42
0.0
 10
95.98081637060554
 20
53.54001732168994
 42
-1.0
 10
96.44890214414511
 20
53.54001732169005
 42
0.0
 10
96.63613656557526
 20
53.54001732169005
 42
0.0
 10
99.67101614308981
 20
53.54001732169005
 42
0.0
 10
99.67101614308981
 20
53.74001732168964
 42
0.0
 10
99.57101614308946
 20
53.74001732168964
 42
0.0
 10
99.37101614308941
 20
53.74001732168987
 42
0.0
 97
        0
 92
        7
 72
     1
 73
     1
 93
       11
 10
99.67101614308981
 20
53.54001732169005
 42
0.0
 10
96.44890214414511
 20
53.54001732168995
 42
-1.0
 10
95.98081637060554
 20
53.54001732169005
 42
0.0
 10
95.11485744152514
 20
53.54001732169005
 42
0.0
 10
92.37102642436228
 20
53.54001732168992
 42
0.0
 10
92.37102642436214
 20
50.24001778060156
 42
0.0
 10
92.37102642436218
 20
50.14001732168972
 42
0.0
 10
96.05333170200774
 20
50.14001732168985
 42
-1.0
 10
96.52141747554731
 20
50.14001732168996
 42
0.0
 10
96.70865189697746
 20
50.14001732168996
 42
0.0
 10
99.67101614308981
 20
50.14001732168996
 42
0.0
 97
        0
 92
        7
 72
     1
 73
     1
 93
       13
 10
77.97100586179984
 20
53.24001732169123
 42
0.0
 10
77.97100586179984
 20
43.04001732168959
 42
0.0
 10
77.7710161430851
 20
43.04001732168959
 42
0.0
 10
77.77101614308488
 20
42.6400173216895
 42
0.0
 10
88.81263492852111
 20
42.64001732168486
 42
-1.025311433816115
 10
89.28042835438484
 20
42.65171169301599
 42
0.0
 10
89.46766277581499
 20
42.65171169301599
 42
0.0
 10
92.37101614308478
 20
42.64001732168336
 42
0.0
 10
92.37101614308501
 20
43.04001732168959
 42
0.0
 10
92.17102642436982
 20
43.04001732168959
 42
0.0
 10
92.17101614308065
 20
43.04001732168369
 42
0.0
 10
92.17101614308065
 20
50.14001732168973
 42
0.0
 10
92.17101904053487
 20
53.24001732169123
 42
0.0
 97
        0
 92
        7
 72
     1
 73
     1
 93
       12
 10
92.17102642436982
 20
61.14001732168972
 42
0.0
 10
92.3710264243626
 20
61.14001732168949
 42
0.0
 10
92.3710264243626
 20
61.14054902645412
 42
0.0
 10
92.37101614308478
 20
61.54001732168958
 42
0.0
 10
87.1523834944114
 20
61.54001732168958
 42
-1.0
 10
86.68429772087183
 20
61.54001732168958
 42
0.0
 10
85.81833879179141
 20
61.54001732168958
 42
0.0
 10
77.77100586180707
 20
61.54001732168958
 42
0.0
 10
77.77100586180707
 20
61.14001732168949
 42
0.0
 10
77.97100586179984
 20
61.14001732168972
 42
0.0
 10
77.97100586179984
 20
53.84001732168955
 42
0.0
 10
92.17102642436982
 20
53.84001732168955
 42
0.0
 97
        0
 92
       24
 93
        4
 72
     1
 10
93.57771549365747
 20
58.12555445583771
 11
99.20431849502172
 21
58.1255544558379
 72
     1
 10
99.20431849502172
 20
58.1255544558379
 11
99.20431849502168
 21
59.21132071322769
 72
     1
 10
99.20431849502168
 20
59.21132071322769
 11
93.57771549365741
 21
59.21132071322753
 72
     1
 10
93.57771549365741
 20
59.21132071322753
 11
93.57771549365747
 21
58.12555445583771
 97
        0
 92
        9
 93
        4
 72
     1
 10
95.05183052375027
 20
53.48880986660767
 11
95.9364144255238
 21
53.48880986660767
 72
     1
 10
95.9364144255238
 20
53.48880986660767
 11
95.9364144255238
 21
53.90095174928161
 72
     1
 10
95.9364144255238
 20
53.90095174928161
 11
95.05183052375027
 21
53.90095174928161
 72
     1
 10
95.05183052375027
 20
53.90095174928161
 11
95.05183052375027
 21
53.48880986660767
 97
        0
 92
       24
 93
        4
 72
     1
 10
93.33201488884309
 20
51.60045166722659
 11
98.95861789020734
 21
51.60045166722675
 72
     1
 10
98.95861789020734
 20
51.60045166722675
 11
98.95861789020731
 21
52.68621792461646
 72
     1
 10
98.95861789020731
 20
52.68621792461646
 11
93.33201488884304
 21
52.6862179246163
 72
     1
 10
93.33201488884304
 20
52.6862179246163
 11
93.33201488884309
 21
51.60045166722659
 97
        0
 92
        9
 93
        4
 72
     1
 10
95.12325444996831
 20
50.08880986660758
 11
96.00783835174183
 21
50.08880986660758
 72
     1
 10
96.00783835174183
 20
50.08880986660758
 11
96.00783835174183
 21
50.50095174928152
 72
     1
 10
96.00783835174183
 20
50.50095174928152
 11
95.12325444996831
 21
50.50095174928152
 72
     1
 10
95.12325444996831
 20
50.50095174928152
 11
95.12325444996831
 21
50.08880986660758
 97
        0
 92
        9
 93
        4
 72
     1
 10
87.88335673399
 20
42.60050423793361
 11
88.76794063576353
 21
42.60050423793361
 72
     1
 10
88.76794063576353
 20
42.60050423793361
 11
88.76794063576353
 21
43.01264612060754
 72
     1
 10
88.76794063576353
 20
43.01264612060754
 11
87.88335673399
 21
43.01264612060754
 72
     1
 10
87.88335673399
 20
43.01264612060754
 11
87.88335673399
 21
42.60050423793361
 97
        0
 92
       24
 93
        4
 72
     1
 10
82.26994338235133
 20
47.34869550219853
 11
87.89654638371558
 21
47.3486955021987
 72
     1
 10
87.89654638371558
 20
47.3486955021987
 11
87.89654638371557
 21
48.43446175958841
 72
     1
 10
87.89654638371557
 20
48.43446175958841
 11
82.2699433823513
 21
48.43446175958824
 72
     1
 10
82.26994338235131
 20
48.43446175958824
 11
82.26994338235133
 21
47.34869550219853
 97
        0
 92
       24
 93
        4
 72
     1
 10
82.20979817221493
 20
57.07258393026535
 11
87.83640117357919
 21
57.07258393026554
 72
     1
 10
87.83640117357919
 20
57.07258393026554
 11
87.83640117357917
 21
58.15835018765528
 72
     1
 10
87.83640117357917
 20
58.15835018765528
 11
82.2097981722149
 21
58.15835018765511
 72
     1
 10
82.20979817221492
 20
58.15835018765511
 11
82.20979817221493
 21
57.07258393026535
 97
        0
 75
     1
 76
     0
 52
90.0
 41
0.2
 77
     0
 78
     1
 53
90.0
 43
23.94495660079337
 44
-70.28419764978534
 45
-0.2
 46
0.0
 79
     0
 47
0.0443059547363349
 98
        4
 10
94.33164047923991
 20
57.10509013060382
 10
94.02129187796161
 20
51.30101002360222
 10
90.3857821421568
 20
50.85795045572129
 10
90.56312395497023
 20
55.46576980685724
1001
GradientColor1ACI
1070
     5
1001
GradientColor2ACI
1070
     2
1001
ACAD
1010
1874.353308761308
1020
1140.099642609642
1030
0.0
  0
MTEXT
  5
9FF
102
{ACAD_XDICTIONARY
360
A00
102
}
330
70
100
AcDbEntity
  8
textos
100
AcDbMText
 10
85.02255397030497
 20
57.61669488979252
 30
0.0
 40
0.2
 41
0.01
 46
0.0
 71
     5
 72
     5
  1
CUBIERTA  DE  CHAPA  AUTOPORTANTE\PSOBRE  ESTRUCTURA  METALICA\PPEND. 20%
 73
     1
 44
1.0
  0
MTEXT
  5
A01
102
{ACAD_XDICTIONARY
360
A02
102
}
330
70
100
AcDbEntity
  8
textos
100
AcDbMText
 10
85.08269918044137
 20
47.89280646172566
 30
0.0
 40
0.2
 41
0.01
 46
0.0
 71
     5
 72
     5
  1
CUBIERTA  DE  CHAPA  AUTOPORTANTE\PSOBRE  ESTRUCTURA  METALICA\PPEND. 20%
 73
     1
 44
1.0
  0
MTEXT
  5
A03
102
{ACAD_XDICTIONARY
360
A04
102
}
330
70
100
AcDbEntity
  8
textos
100
AcDbMText
 10
58.78841928880629
 20
55.41897415722443
 30
0.0
 40
0.2
 41
0.01
 46
0.0
 71
     5
 72
     5
  1
CUBIERTA  DE  CHAPA  AUTOPORTANTE\PSOBRE  ESTRUCTURA  METALICA\PPEND. 20%
 73
     1
 44
1.0
  0
LINE
  5
A05
102
{ACAD_REACTORS
330
A35
102
}
330
70
100
AcDbEntity
  8
ROOF
100
AcDbLine
 10
92.37101614308478
 20
42.64001732168336
 30
0.0
 11
92.37101614308501
 21
43.04001732168345
 31
0.0
  0
LINE
  5
A06
330
70
100
AcDbEntity
  8
ROOF
100
AcDbLine
 10
77.7710161430851
 20
43.04001732168959
 30
0.0
 11
77.77101614308488
 21
42.6400173216895
 31
0.0
  0
LINE
  5
A07
102
{ACAD_REACTORS
330
A11
330
A39
102
}
330
70
100
AcDbEntity
  8
ROOF
100
AcDbLine
 10
92.37101614308478
 20
61.54001732168958
 30
0.0
 11
77.77100586180707
 21
61.54001732168958
 31
0.0
  0
LINE
  5
A08
330
70
100
AcDbEntity
  8
ROOF
100
AcDbLine
 10
77.77100586180707
 20
61.54001732168958
 30
0.0
 11
77.77100586180707
 21
61.14054902645412
 31
0.0
  0
LINE
  5
A09
330
70
100
AcDbEntity
  8
AUX_ROOF
 48
0.2
100
AcDbLine
 10
60.17887642668179
 20
50.24001732168964
 30
0.0
 11
56.363155863657
 21
50.24001732169033
 31
0.0
  0
LINE
  5
A0A
330
70
100
AcDbEntity
  8
ROOF
 48
0.2
100
AcDbLine
 10
49.97101614768727
 20
50.24001732169033
 30
0.0
 11
49.27100586181009
 21
50.24001732169033
 31
0.0
  0
LINE
  5
A0B
102
{ACAD_REACTORS
330
A94
102
}
330
70
100
AcDbEntity
  8
ROOF
100
AcDbLine
 10
49.27100586181009
 20
50.24001732169033
 30
0.0
 11
49.07100586181027
 21
50.24001732169033
 31
0.0
  0
DIMENSION
  5
A0C
102
{ACAD_XDICTIONARY
360
A0D
102
}
102
{ACAD_REACTORS
330
A0E
102
}
330
70
100
AcDbEntity
  8
COTAS
100
AcDbDimension
280
     0
  2
*D50
 10
70.57100586181118
 20
62.58161243757871
 30
0.0
 11
59.82100586181073
 21
62.58161243757871
 31
0.0
 70
    32
 71
     5
 42
21.50000000000091
 73
     0
 74
     0
 75
     0
  3
NUEV A
100
AcDbAlignedDimension
 13
49.07100586181027
 23
61.14054902645412
 33
0.0
 14
70.57100586181118
 24
61.14054902645531
 34
0.0
100
AcDbRotatedDimension
1001
ACAD
1000
DSTYLE
1002
{
1070
    77
1070
     0
1070
   140
1040
0.15
1070
   173
1070
     1
1070
   342
1005
0
1070
   343
1005
84
1070
   344
1005
84
1002
}
  0
DIMENSION
  5
A0F
102
{ACAD_XDICTIONARY
360
A10
102
}
102
{ACAD_REACTORS
330
A11
102
}
330
70
100
AcDbEntity
  8
COTAS
100
AcDbDimension
280
     0
  2
*D51
 10
92.37101614308478
 20
62.58161243757754
 30
0.0
 11
85.07101100244593
 21
62.58161243757754
 31
0.0
 70
    32
 71
     5
 42
14.60001028127772
 73
     0
 74
     0
 75
     0
  3
NUEV A
100
AcDbAlignedDimension
 13
77.77100586180707
 23
61.14054902645412
 33
0.0
 14
92.37101614308478
 24
61.54001732168867
 34
0.0
100
AcDbRotatedDimension
1001
ACAD
1000
DSTYLE
1002
{
1070
    77
1070
     0
1070
   140
1040
0.15
1070
   173
1070
     1
1070
   342
1005
0
1070
   343
1005
84
1070
   344
1005
84
1002
}
  0
DIMENSION
  5
A12
102
{ACAD_XDICTIONARY
360
A13
102
}
102
{ACAD_REACTORS
330
A14
102
}
330
70
100
AcDbEntity
  8
COTAS
100
AcDbDimension
280
     0
  2
*D52
 10
132.7710161430895
 20
62.58161243757845
 30
0.0
 11
128.8210161430894
 21
62.58161243757845
 31
0.0
 70
    32
 71
     5
 42
7.90000000000009
 73
     0
 74
     0
 75
     0
  3
NUEV A
100
AcDbAlignedDimension
 13
124.8710161430894
 23
61.1400173216904
 33
0.0
 14
132.7710161430895
 24
61.14001732169086
 34
0.0
100
AcDbRotatedDimension
1001
ACAD
1000
DSTYLE
1002
{
1070
    77
1070
     0
1070
   140
1040
0.15
1070
   173
1070
     1
1070
   342
1005
0
1070
   343
1005
84
1070
   344
1005
84
1002
}
  0
DIMENSION
  5
A15
102
{ACAD_XDICTIONARY
360
A16
102
}
102
{ACAD_REACTORS
330
A17
102
}
330
70
100
AcDbEntity
  8
COTAS
100
AcDbDimension
280
     0
  2
*D53
 10
133.5266751700923
 20
39.54001732169052
 30
0.0
 11
133.5266751700923
 21
50.34001732169066
 31
0.0
 70
    32
 71
     5
 42
21.60000000000036
 73
     0
 74
     0
 75
     0
  3
NUEV A
100
AcDbAlignedDimension
 13
132.7710161430895
 23
61.14001732169086
 33
0.0
 14
132.771016143097
 24
39.5400173216905
 34
0.0
 50
90.0
100
AcDbRotatedDimension
1001
ACAD
1000
DSTYLE
1002
{
1070
    77
1070
     0
1070
   140
1040
0.15
1070
   173
1070
     1
1070
   342
1005
0
1070
   343
1005
84
1070
   344
1005
84
1002
}
  0
DIMENSION
  5
A18
102
{ACAD_XDICTIONARY
360
A19
102
}
102
{ACAD_REACTORS
330
A1A
102
}
330
70
100
AcDbEntity
  8
COTAS
100
AcDbDimension
280
     0
  2
*D54
 10
133.5266751700868
 20
35.44001778060413
 30
0.0
 11
133.5266751700868
 21
37.49001755114728
 31
0.0
 70
    32
 71
     5
 42
4.09999954108639
 73
     0
 74
     0
 75
     0
  3
NUEV A
100
AcDbAlignedDimension
 13
132.7710161430897
 23
39.5400173216905
 33
0.0
 14
132.2710058618098
 24
35.44001778060412
 34
0.0
 50
90.0
100
AcDbRotatedDimension
1001
ACAD
1000
DSTYLE
1002
{
1070
    77
1070
     0
1070
   140
1040
0.15
1070
   173
1070
     1
1070
   342
1005
0
1070
   343
1005
84
1070
   344
1005
84
1002
}
  0
DIMENSION
  5
A1B
102
{ACAD_XDICTIONARY
360
A1C
102
}
102
{ACAD_REACTORS
330
A1D
102
}
330
70
100
AcDbEntity
  8
COTAS
100
AcDbDimension
280
     0
  2
*D55
 10
132.3710058618113
 20
35.0284096840625
 30
0.0
 11
131.5710058618081
 21
35.0284096840625
 31
0.0
 70
    32
 71
     5
 42
1.600000000006502
 73
     0
 74
     0
 75
     0
  3
NUEV A
100
AcDbAlignedDimension
 13
130.7710058618049
 23
35.44001778060389
 33
0.0
 14
132.3710058618113
 24
35.44001778060412
 34
0.0
100
AcDbRotatedDimension
1001
ACAD
1000
DSTYLE
1002
{
1070
    77
1070
     0
1070
   140
1040
0.15
1070
   173
1070
     1
1070
   342
1005
0
1070
   343
1005
84
1070
   344
1005
84
1002
}
  0
DIMENSION
  5
A1E
102
{ACAD_XDICTIONARY
360
A1F
102
}
102
{ACAD_REACTORS
330
A20
102
}
330
70
100
AcDbEntity
  8
COTAS
100
AcDbDimension
280
     0
  2
*D56
 10
124.6710161430893
 20
38.85873532321276
 30
0.0
 11
128.7210161430894
 21
38.85873532321276
 31
0.0
 70
    32
 71
     5
 42
8.100000000000136
 73
     0
 74
     0
 75
     0
  3
NUEV A
100
AcDbAlignedDimension
 13
132.7710161430895
 23
39.54001732168983
 33
0.0
 14
124.6710161430893
 24
39.54001732168983
 34
0.0
100
AcDbRotatedDimension
1001
ACAD
1000
DSTYLE
1002
{
1070
    77
1070
     0
1070
   140
1040
0.15
1070
   173
1070
     1
1070
   342
1005
0
1070
   343
1005
84
1070
   344
1005
84
1002
}
  0
DIMENSION
  5
A21
102
{ACAD_XDICTIONARY
360
A22
102
}
102
{ACAD_REACTORS
330
A23
102
}
330
70
100
AcDbEntity
  8
COTAS
100
AcDbDimension
280
     0
  2
*D57
 10
121.5210161430897
 20
38.85873532321276
 30
0.0
 11
123.0960161430895
 21
38.85873532321276
 31
0.0
 70
    32
 71
     5
 42
3.149999999999636
 73
     0
 74
     0
 75
     0
  3
NUEV A
100
AcDbAlignedDimension
 13
124.6710161430893
 23
39.54001732168983
 33
0.0
 14
121.5210161430897
 24
39.5400173216896
 34
0.0
100
AcDbRotatedDimension
1001
ACAD
1000
DSTYLE
1002
{
1070
    77
1070
     0
1070
   140
1040
0.15
1070
   173
1070
     1
1070
   342
1005
0
1070
   343
1005
84
1070
   344
1005
84
1002
}
  0
DIMENSION
  5
A24
102
{ACAD_XDICTIONARY
360
A25
102
}
102
{ACAD_REACTORS
330
A26
102
}
330
70
100
AcDbEntity
  8
COTAS
100
AcDbDimension
280
     0
  2
*D58
 10
120.7661238235981
 20
50.14001732168976
 30
0.0
 11
120.7661238235981
 21
44.84001732168963
 31
0.0
 70
    32
 71
     5
 42
10.60000000000014
 73
     0
 74
     0
 75
     0
  3
NUEV A
100
AcDbAlignedDimension
 13
121.5210161430897
 23
39.5400173216896
 33
0.0
 14
121.3196072793322
 24
50.14001732168973
 34
0.0
 50
90.0
100
AcDbRotatedDimension
1001
ACAD
1000
DSTYLE
1002
{
1070
    77
1070
     0
1070
   140
1040
0.15
1070
   173
1070
     1
1070
   342
1005
0
1070
   343
1005
84
1070
   344
1005
84
1002
}
  0
DIMENSION
  5
A27
102
{ACAD_XDICTIONARY
360
A28
102
}
102
{ACAD_REACTORS
330
A29
102
}
330
70
100
AcDbEntity
  8
COTAS
100
AcDbDimension
280
     0
  2
*D59
 10
107.0710161430894
 20
49.57497930511923
 30
0.0
 11
114.1953117112108
 21
49.57497930511923
 31
0.0
 70
    32
 71
     5
 42
14.24859113624279
 73
     0
 74
     0
 75
     0
  3
NUEV A
100
AcDbAlignedDimension
 13
121.3196072793322
 23
50.14001732168973
 33
0.0
 14
107.0710161430894
 24
50.14001732168973
 34
0.0
100
AcDbRotatedDimension
1001
ACAD
1000
DSTYLE
1002
{
1070
    77
1070
     0
1070
   140
1040
0.15
1070
   173
1070
     1
1070
   342
1005
0
1070
   343
1005
84
1070
   344
1005
84
1002
}
  0
DIMENSION
  5
A2A
102
{ACAD_XDICTIONARY
360
A2B
102
}
102
{ACAD_REACTORS
330
A2C
102
}
330
70
100
AcDbEntity
  8
COTAS
100
AcDbDimension
280
     0
  2
*D60
 10
107.5597102258974
 20
46.44001732169083
 30
0.0
 11
107.5597102258974
 21
48.29001732169026
 31
0.0
 70
    32
 71
     5
 42
3.699999999998915
 73
     0
 74
     0
 75
     0
  3
NUEV A
100
AcDbAlignedDimension
 13
107.0710161430894
 23
50.14001732168973
 33
0.0
 14
107.0710161430894
 24
46.44001732169082
 34
0.0
 50
90.0
100
AcDbRotatedDimension
1001
ACAD
1000
DSTYLE
1002
{
1070
    77
1070
     0
1070
   140
1040
0.15
1070
   173
1070
     1
1070
   342
1005
0
1070
   343
1005
84
1070
   344
1005
84
1002
}
  0
DIMENSION
  5
A2D
102
{ACAD_XDICTIONARY
360
A2E
102
}
102
{ACAD_REACTORS
330
A2F
102
}
330
70
100
AcDbEntity
  8
COTAS
100
AcDbDimension
280
     0
  2
*D61
 10
99.67101614309004
 20
45.54652077243046
 30
0.0
 11
103.3710161430897
 21
45.54652077243046
 31
0.0
 70
    32
 71
     5
 42
7.399999999999408
 73
     0
 74
     0
 75
     0
  3
NUEV A
100
AcDbAlignedDimension
 13
107.0710161430894
 23
46.44001732169082
 33
0.0
 14
99.67101614309004
 24
46.44001732169082
 34
0.0
100
AcDbRotatedDimension
1001
ACAD
1000
DSTYLE
1002
{
1070
    77
1070
     0
1070
   140
1040
0.15
1070
   173
1070
     1
1070
   342
1005
0
1070
   343
1005
84
1070
   344
1005
84
1002
}
  0
DIMENSION
  5
A30
102
{ACAD_XDICTIONARY
360
A31
102
}
102
{ACAD_REACTORS
330
A32
102
}
330
70
100
AcDbEntity
  8
COTAS
100
AcDbDimension
280
     0
  2
*D62
 10
99.24533865011865
 20
50.09001732169026
 30
0.0
 11
99.24533865011863
 21
48.26501732169051
 31
0.0
 70
    32
 71
     5
 42
3.649999999999415
 73
     0
 74
     0
 75
     0
  3
NUEV A
100
AcDbAlignedDimension
 13
99.67101614308981
 23
46.44001732169082
 33
0.0
 14
99.67101614308981
 24
50.09001732169023
 34
0.0
 50
90.0
100
AcDbRotatedDimension
1001
ACAD
1000
DSTYLE
1002
{
1070
    77
1070
     0
1070
   140
1040
0.15
1070
   173
1070
     1
1070
   342
1005
0
1070
   343
1005
84
1070
   344
1005
84
1002
}
  0
DIMENSION
  5
A33
102
{ACAD_XDICTIONARY
360
A34
102
}
102
{ACAD_REACTORS
330
A35
102
}
330
70
100
AcDbEntity
  8
COTAS
100
AcDbDimension
280
     0
  2
*D63
 10
92.87991980577384
 20
53.54001732168985
 30
0.0
 11
92.87991980577384
 21
48.09001732168658
 31
0.0
 70
    32
 71
     5
 42
10.90000000000646
 73
     0
 74
     0
 75
     0
  3
NUEV A
100
AcDbAlignedDimension
 13
92.37101614308478
 23
42.64001732168336
 33
0.0
 14
92.17101614308496
 24
53.54001732168982
 34
0.0
 50
90.0
100
AcDbRotatedDimension
1001
ACAD
1000
DSTYLE
1002
{
1070
    77
1070
     0
1070
   140
1040
0.15
1070
   173
1070
     1
1070
   342
1005
0
1070
   343
1005
84
1070
   344
1005
84
1002
}
  0
DIMENSION
  5
A36
330
70
100
AcDbEntity
  8
COTAS
100
AcDbDimension
280
     0
  2
*D43
 10
71.07990952450188
 20
61.14054902645414
 30
0.0
 11
71.07990952450188
 21
57.34028317407187
 31
0.0
 70
    32
 71
     5
 42
7.600531704764492
 73
     0
 74
     0
 75
     0
  3
NUEV A
100
AcDbAlignedDimension
 13
70.37100586181114
 23
53.54001732168963
 33
0.0
 14
70.77100586181123
 24
61.14054902645412
 34
0.0
 50
90.0
100
AcDbRotatedDimension
1001
ACAD
1000
DSTYLE
1002
{
1070
    77
1070
     0
1070
   140
1040
0.15
1070
   173
1070
     1
1070
   342
1005
0
1070
   343
1005
84
1070
   344
1005
84
1002
}
  0
DIMENSION
  5
A37
102
{ACAD_XDICTIONARY
360
A38
102
}
102
{ACAD_REACTORS
330
A39
102
}
330
70
100
AcDbEntity
  8
COTAS
100
AcDbDimension
280
     0
  2
*D64
 10
77.30257638675967
 20
61.54001732168961
 30
0.0
 11
77.30257638675967
 21
57.54001732168969
 31
0.0
 70
    32
 71
     5
 42
7.999999999999758
 73
     0
 74
     0
 75
     0
  3
NUEV A
100
AcDbAlignedDimension
 13
77.97100586180007
 23
53.54001732168982
 33
0.0
 14
77.97100586180029
 24
61.54001732168958
 34
0.0
 50
90.0
100
AcDbRotatedDimension
1001
ACAD
1000
DSTYLE
1002
{
1070
    77
1070
     0
1070
   140
1040
0.15
1070
   173
1070
     1
1070
   342
1005
0
1070
   343
1005
84
1070
   344
1005
84
1002
}
  0
DIMENSION
  5
A3A
102
{ACAD_XDICTIONARY
360
A3B
102
}
102
{ACAD_REACTORS
330
A3C
102
}
330
70
100
AcDbEntity
  8
COTAS
100
AcDbDimension
280
     0
  2
*D65
 10
49.07100586181051
 20
57.78648508861024
 30
0.0
 11
48.3210058618105
 21
57.78648508861024
 31
0.0
 70
    32
 71
     5
 42
1.5
 73
     0
 74
     0
 75
     0
  3
NUEV A
100
AcDbAlignedDimension
 13
47.5710058618105
 23
57.44054902645386
 33
0.0
 14
49.07100586181051
 24
57.43967351676444
 34
0.0
100
AcDbRotatedDimension
1001
ACAD
1000
DSTYLE
1002
{
1070
    77
1070
     0
1070
   140
1040
0.15
1070
   173
1070
     1
1070
   342
1005
0
1070
   343
1005
84
1070
   344
1005
84
1002
}
  0
DIMENSION
  5
A3D
102
{ACAD_XDICTIONARY
360
A3E
102
}
102
{ACAD_REACTORS
330
A3F
102
}
330
70
100
AcDbEntity
  8
COTAS
100
AcDbDimension
280
     0
  2
*D66
 10
47.10778294237043
 20
50.24001778060205
 30
0.0
 11
47.10778294237043
 21
53.84028340352795
 31
0.0
 70
    32
 71
     5
 42
7.200531245851834
 73
     0
 74
     0
 75
     0
  3
NUEV A
100
AcDbAlignedDimension
 13
47.5710058618105
 23
57.44054902645386
 33
0.0
 14
47.5710058618105
 24
50.24001778060203
 34
0.0
 50
90.0
100
AcDbRotatedDimension
1001
ACAD
1000
DSTYLE
1002
{
1070
    77
1070
     0
1070
   140
1040
0.15
1070
   173
1070
     1
1070
   342
1005
0
1070
   343
1005
84
1070
   344
1005
84
1002
}
  0
DIMENSION
  5
A40
102
{ACAD_XDICTIONARY
360
A41
102
}
102
{ACAD_REACTORS
330
A42
102
}
330
70
100
AcDbEntity
  8
COTAS
100
AcDbDimension
280
     0
  2
*D67
 10
56.363155863657
 20
48.5433719351901
 30
0.0
 11
53.16708600567213
 21
48.5433719351901
 31
0.0
 70
    32
 71
     5
 42
6.392139715969733
 73
     0
 74
     0
 75
     0
  3
NUEV A
100
AcDbAlignedDimension
 13
49.97101614768727
 23
49.38167486591525
 33
0.0
 14
56.363155863657
 24
49.38167486591525
 34
0.0
100
AcDbRotatedDimension
1001
ACAD
1000
DSTYLE
1002
{
1070
    77
1070
     0
1070
   140
1040
0.15
1070
   173
1070
     1
1070
   342
1005
0
1070
   343
1005
84
1070
   344
1005
84
1002
}
  0
DIMENSION
  5
A43
102
{ACAD_XDICTIONARY
360
A44
102
}
102
{ACAD_REACTORS
330
A45
102
}
330
70
100
AcDbEntity
  8
COTAS
100
AcDbDimension
280
     0
  2
*D68
 10
68.07760081087137
 20
48.54337193519008
 30
0.0
 11
64.12823861877658
 21
48.54337193519008
 31
0.0
 70
    32
 71
     5
 42
7.898724384189577
 73
     0
 74
     0
 75
     0
  3
NUEV A
100
AcDbAlignedDimension
 13
60.17887642668179
 23
49.38167486591525
 33
0.0
 14
68.07760081087137
 24
49.46743396473962
 34
0.0
100
AcDbRotatedDimension
1001
ACAD
1000
DSTYLE
1002
{
1070
    77
1070
     0
1070
   140
1040
0.15
1070
   173
1070
     1
1070
   342
1005
0
1070
   343
1005
84
1070
   344
1005
84
1002
}
  0
DIMENSION
  5
A46
102
{ACAD_XDICTIONARY
360
A47
102
}
102
{ACAD_REACTORS
330
A48
102
}
330
70
100
AcDbEntity
  8
COTAS
100
AcDbDimension
280
     0
  2
*D69
 10
68.47199012473265
 20
50.24001732168802
 30
0.0
 11
68.47199012473265
 21
49.81084609380099
 31
0.0
 70
    32
 71
     5
 42
0.8583424557739931
 73
     0
 74
     0
 75
     0
  3
NUEV A
100
AcDbAlignedDimension
 13
68.09312832642368
 23
49.381674865914
 33
0.0
 14
68.09312832642368
 24
50.24001732168799
 34
0.0
 50
90.0
100
AcDbRotatedDimension
1001
ACAD
1000
DSTYLE
1002
{
1070
    77
1070
     0
1070
   140
1040
0.15
1070
   173
1070
     1
1070
   342
1005
0
1070
   343
1005
84
1070
   344
1005
84
1002
}
  0
LINE
  5
A49
330
70
100
AcDbEntity
  8
0
 48
0.2
100
AcDbLine
 10
43.58919928199307
 20
32.98154311357937
 30
0.0
 11
43.58919928199307
 21
33.20154311358486
 31
0.0
  0
MTEXT
  5
A4A
102
{ACAD_XDICTIONARY
360
A4B
102
}
330
70
100
AcDbEntity
  8
LEVELS
100
AcDbMText
 10
60.80920902164521
 20
49.53838009841812
 30
0.0
 40
0.2
 41
0.01
 46
0.0
 71
     5
 72
     5
  1
+ 5.10
 73
     1
 44
1.0
  0
INSERT
  5
A4C
330
70
100
AcDbEntity
  8
SIMBOL_LEVELS
100
AcDbBlockReference
  2
nivel
 10
61.52885439919979
 20
49.38167486591525
 30
0.0
  0
MTEXT
  5
A4D
102
{ACAD_XDICTIONARY
360
A4E
102
}
330
70
100
AcDbEntity
  8
LEVELS
100
AcDbMText
 10
55.0250095928524
 20
49.53838009841812
 30
0.0
 40
0.2
 41
0.01
 46
0.0
 71
     5
 72
     5
  1
+ 5.10
 73
     1
 44
1.0
  0
INSERT
  5
A4F
330
70
100
AcDbEntity
  8
SIMBOL_LEVELS
100
AcDbBlockReference
  2
nivel
 10
55.74465497040697
 20
49.38167486591525
 30
0.0
  0
MTEXT
  5
A50
102
{ACAD_XDICTIONARY
360
A51
102
}
330
70
100
AcDbEntity
  8
LEVELS
100
AcDbMText
 10
46.85136048425593
 20
52.42035346141816
 30
0.0
 40
0.2
 41
0.01
 46
0.0
 71
     5
 72
     5
  1
+ 5.10
 73
     1
 44
1.0
  0
INSERT
  5
A52
330
70
100
AcDbEntity
  8
SIMBOL_LEVELS
100
AcDbBlockReference
  2
nivel
 10
47.5710058618105
 20
52.26364822891529
 30
0.0
  0
MTEXT
  5
A53
102
{ACAD_XDICTIONARY
360
A54
102
}
330
70
100
AcDbEntity
  8
LEVELS
100
AcDbMText
 10
68.56103108792391
 20
50.40292169329374
 30
0.0
 40
0.2
 41
0.01
 46
0.0
 71
     5
 72
     5
  1
+ 6.10
 73
     1
 44
1.0
  0
INSERT
  5
A55
330
70
100
AcDbEntity
  8
SIMBOL_LEVELS
100
AcDbBlockReference
  2
nivel
 10
69.28067646547848
 20
50.24621646079086
 30
0.0
  0
MTEXT
  5
A56
102
{ACAD_XDICTIONARY
360
A57
102
}
330
70
100
AcDbEntity
  8
LEVELS
100
AcDbMText
 10
57.53765285618434
 20
50.39808725112804
 30
0.0
 40
0.2
 41
0.01
 46
0.0
 71
     5
 72
     5
  1
+ 6.10
 73
     1
 44
1.0
  0
INSERT
  5
A58
330
70
100
AcDbEntity
  8
SIMBOL_LEVELS
100
AcDbBlockReference
  2
nivel
 10
58.2572982337389
 20
50.24138201862516
 30
0.0
  0
MTEXT
  5
A59
102
{ACAD_XDICTIONARY
360
A5A
102
}
330
70
100
AcDbEntity
  8
LEVELS
100
AcDbMText
 10
57.89777163813565
 20
61.30894863028848
 30
0.0
 40
0.2
 41
0.01
 46
0.0
 71
     5
 72
     5
  1
+ 7.90
 73
     1
 44
1.0
  0
INSERT
  5
A5B
330
70
100
AcDbEntity
  8
SIMBOL_LEVELS
100
AcDbBlockReference
  2
nivel
 10
58.61741701568977
 20
61.1522433977856
 30
0.0
  0
MTEXT
  5
A5C
102
{ACAD_XDICTIONARY
360
A5D
102
}
330
70
100
AcDbEntity
  8
LEVELS
100
AcDbMText
 10
88.32674009006094
 20
42.80841692551886
 30
0.0
 40
0.2
 41
0.01
 46
0.0
 71
     5
 72
     5
  1
+ 4.90
 73
     1
 44
1.0
  0
INSERT
  5
A5E
330
70
100
AcDbEntity
  8
SIMBOL_LEVELS
100
AcDbBlockReference
  2
nivel
 10
89.04638546761505
 20
42.65171169301599
 30
0.0
  0
MTEXT
  5
A5F
102
{ACAD_XDICTIONARY
360
A60
102
}
330
70
100
AcDbEntity
  8
LEVELS
100
AcDbMText
 10
86.1986952300875
 20
61.69672255419246
 30
0.0
 40
0.2
 41
0.0
 46
0.0
 71
     5
 72
     5
  1
+ 5.60
 73
     1
 44
1.0
  0
INSERT
  5
A61
330
70
100
AcDbEntity
  8
SIMBOL_LEVELS
100
AcDbBlockReference
  2
nivel
 10
86.91834060764161
 20
61.54001732168958
 30
0.0
  0
MTEXT
  5
A62
102
{ACAD_XDICTIONARY
360
A63
102
}
330
70
100
AcDbEntity
  8
LEVELS
100
AcDbMText
 10
87.85315324561004
 20
53.70841692552396
 30
0.0
 40
0.2
 41
0.0
 46
0.0
 71
     5
 72
     5
  1
+ 7.00
 73
     1
 44
1.0
  0
INSERT
  5
A64
330
70
100
AcDbEntity
  8
SIMBOL_LEVELS
100
AcDbBlockReference
  2
nivel
 10
88.57279862316415
 20
53.55171169302108
 30
0.0
  0
LINE
  5
A65
330
70
100
AcDbEntity
  8
ROOF
100
AcDbLine
 10
76.17100593600182
 20
56.0076102316034
 30
0.0
 11
76.17100593600348
 21
60.14054902645244
 31
0.0
  0
MTEXT
  5
A66
102
{ACAD_XDICTIONARY
360
A67
102
}
330
70
100
AcDbEntity
  8
textos
100
AcDbMText
 10
74.83866374071843
 20
58.1073048417094
 30
0.0
 40
0.2
 41
0.01
 46
0.0
 71
     5
 72
     5
  1
TANQUE DE\PRESERVA 
 73
     1
 44
1.0
  0
LINE
  5
A68
330
70
100
AcDbEntity
  8
ROOF
100
AcDbLine
 10
76.07100593600295
 20
60.04054902645253
 30
0.0
 11
76.07100593600502
 21
56.107610231604
 31
0.0
  0
LINE
  5
A69
330
70
100
AcDbEntity
  8
ROOF
100
AcDbLine
 10
76.07100593600503
 20
56.10761023160403
 30
0.0
 11
73.62100593600223
 21
56.10761023160364
 31
0.0
  0
LINE
  5
A6A
330
70
100
AcDbEntity
  8
ROOF
100
AcDbLine
 10
73.62100593600148
 20
56.10761023160364
 30
0.0
 11
73.6210059360004
 21
60.04054902645211
 31
0.0
  0
LINE
  5
A6B
330
70
100
AcDbEntity
  8
ROOF
100
AcDbLine
 10
76.17100593600182
 20
56.0076102316034
 30
0.0
 11
74.9730596054433
 21
56.00761023160376
 31
0.0
  0
LINE
  5
A6C
330
70
100
AcDbEntity
  8
ROOF
100
AcDbLine
 10
73.52100593600147
 20
56.0076102316031
 30
0.0
 11
73.52100593600049
 21
60.14054902645216
 31
0.0
  0
LINE
  5
A6D
330
70
100
AcDbEntity
  8
ROOF
100
AcDbLine
 10
73.52100593600049
 20
60.14054902645216
 30
0.0
 11
76.17100593600309
 21
60.14054902645244
 31
0.0
  0
LINE
  5
A6E
102
{ACAD_REACTORS
330
AF1
330
AF4
102
}
330
70
100
AcDbEntity
  8
ROOF
100
AcDbLine
 10
73.52100593600147
 20
56.0076102316031
 30
0.0
 11
76.17100593600182
 21
56.00761023160347
 31
0.0
  0
LINE
  5
A6F
330
70
100
AcDbEntity
  8
ROOF
100
AcDbLine
 10
76.07100593600295
 20
60.04054902645253
 30
0.0
 11
73.6210059360004
 21
60.04054902645211
 31
0.0
  0
MTEXT
  5
A70
102
{ACAD_XDICTIONARY
360
A71
102
}
330
70
100
AcDbEntity
  8
LEVELS
100
AcDbMText
 10
74.46862427014818
 20
60.30894863028649
 30
0.0
 40
0.2
 41
0.01
 46
0.0
 71
     5
 72
     5
  1
+ 9.30
 73
     1
 44
1.0
  0
INSERT
  5
A72
330
70
100
AcDbEntity
  8
SIMBOL_LEVELS
100
AcDbBlockReference
  2
nivel
 10
75.1882696477023
 20
60.15224339778361
 30
0.0
  0
MTEXT
  5
A73
102
{ACAD_XDICTIONARY
360
A74
102
}
330
70
100
AcDbEntity
  8
LEVELS
100
AcDbMText
 10
48.5513604842562
 20
51.95004861911517
 30
0.0
 40
0.2
 41
0.01
 46
0.0
 71
     5
 72
     5
  1
+ 7.90
 73
     1
 44
1.0
  0
INSERT
  5
A75
330
70
100
AcDbEntity
  8
SIMBOL_LEVELS
100
AcDbBlockReference
  2
nivel
 10
49.27100586181032
 20
51.7933433866123
 30
0.0
  0
MTEXT
  5
A76
102
{ACAD_XDICTIONARY
360
A77
102
}
330
70
100
AcDbEntity
  8
LEVELS
100
AcDbMText
 10
69.6513604842568
 20
51.48603547724603
 30
0.0
 40
0.2
 41
0.01
 46
0.0
 71
     5
 72
     5
  1
+ 7.90
 73
     1
 44
1.0
  0
INSERT
  5
A78
330
70
100
AcDbEntity
  8
SIMBOL_LEVELS
100
AcDbBlockReference
  2
nivel
 10
70.37100586181091
 20
51.32933024474315
 30
0.0
  0
MTEXT
  5
A79
102
{ACAD_XDICTIONARY
360
A7A
102
}
330
70
100
AcDbEntity
  8
LEVELS
100
AcDbMText
 10
130.221369691439
 20
38.66535490490188
 30
0.0
 40
0.2
 41
0.01
 46
0.0
 71
     5
 72
     5
  1
\pi-0.6,l0.8,t0.8;+3.75
 73
     1
 44
1.0
  0
INSERT
  5
A7B
330
70
100
AcDbEntity
  8
SIMBOL_LEVELS
100
AcDbBlockReference
  2
nivel
 10
131.1922314597981
 20
38.50864967239901
 30
0.0
  0
MTEXT
  5
A7C
102
{ACAD_XDICTIONARY
360
A7D
102
}
330
70
100
AcDbEntity
  8
LEVELS
100
AcDbMText
 10
120.6478149598078
 20
46.54244433676641
 30
0.0
 40
0.2
 41
0.01
 46
0.0
 71
     5
 72
     5
  1
+ 4.05
 73
     1
 44
1.0
  0
INSERT
  5
A7E
330
70
100
AcDbEntity
  8
SIMBOL_LEVELS
100
AcDbBlockReference
  2
nivel
 10
121.3674603373619
 20
46.38573910426354
 30
0.0
  0
MTEXT
  5
A7F
102
{ACAD_XDICTIONARY
360
A80
102
}
330
70
100
AcDbEntity
  8
LEVELS
100
AcDbMText
 10
132.0853404163125
 20
46.39346039904231
 30
0.0
 40
0.2
 41
0.01
 46
0.0
 71
     5
 72
     5
  1
+ 3.70
 73
     1
 44
1.0
  0
INSERT
  5
A81
330
70
100
AcDbEntity
  8
SIMBOL_LEVELS
100
AcDbBlockReference
  2
nivel
 10
132.8049857938667
 20
46.23675516653944
 30
0.0
  0
MTEXT
  5
A82
102
{ACAD_XDICTIONARY
360
A83
102
}
330
70
100
AcDbEntity
  8
LEVELS
100
AcDbMText
 10
124.1620868452386
 20
52.18855944790531
 30
0.0
 40
0.2
 41
0.01
 46
0.0
 71
     5
 72
     5
  1
+ 4.90
 73
     1
 44
1.0
  0
INSERT
  5
A84
330
70
100
AcDbEntity
  8
SIMBOL_LEVELS
100
AcDbBlockReference
  2
nivel
 10
124.8817322227927
 20
52.03185421540243
 30
0.0
  0
LINE
  5
A85
330
70
100
AcDbEntity
  8
0
 48
0.2
100
AcDbLine
 10
68.09312832642757
 20
49.632177441263
 30
0.0
 11
68.96032307532431
 21
49.63217744126278
 31
0.0
  0
LINE
  5
A86
330
70
100
AcDbEntity
  8
0
 48
0.2
100
AcDbLine
 10
69.48391062895343
 20
49.63217744126255
 30
0.0
 11
70.10571852757973
 21
49.63217744126232
 31
0.0
  0
LWPOLYLINE
  5
A87
330
70
100
AcDbEntity
  8
0
100
AcDbPolyline
 90
       45
 70
     1
 43
0.0
 10
69.53452040263067
 20
49.23640475079842
 10
69.53274211066849
 20
49.19355817175651
 10
69.55703721186722
 20
49.15822914288114
 10
69.54905375436959
 20
49.13008694395771
 10
69.45908035401902
 20
49.1853457339465
 10
69.4202749850487
 20
49.23711531443665
 10
69.3896700500672
 20
49.2588541946819
 10
69.40281756180269
 20
49.29395447819739
 10
69.43344942101015
 20
49.31581209111514
 10
69.39253176718051
 20
49.34851947546153
 10
69.31981343187857
 20
49.44261442498451
 10
69.23586590875896
 20
49.48896693009405
 10
69.09927066431322
 20
49.55596093737299
 10
69.049570058195
 20
49.53620377207003
 10
68.91425214549684
 20
49.68172080997315
 10
68.90902579120979
 20
49.71494939123327
 10
68.82491127164115
 20
49.77319408779326
 10
68.7761540727933
 20
49.8557443369949
 10
68.76814754540323
 20
49.91747936612441
 10
68.80772935334784
 20
49.97990933724246
 10
68.79566527985838
 20
49.99162779671437
 10
68.79432944804915
 20
50.08676512500674
 10
68.84091591632017
 20
50.15881306673359
 10
68.93575864941607
 20
50.18398729333998
 10
69.02687781523486
 20
50.13536059456042
 10
69.05539740365788
 20
50.13815598416327
 10
69.13800909496825
 20
50.18694080734608
 10
69.36800277246579
 20
50.07849013315386
 10
69.42610233051204
 20
49.83906752653034
 10
69.40247513163143
 20
49.82682788422094
 10
69.47324820569469
 20
49.70177856118366
 10
69.46151811102613
 20
49.68971266492858
 10
69.51583562890704
 20
49.5501495059128
 10
69.51928371840399
 20
49.47407435968703
 10
69.53023740126941
 20
49.37194071841018
 10
69.53774302278993
 20
49.34588216901452
 10
69.60295576374341
 20
49.27784578296482
 10
69.63653477842621
 20
49.25930478373616
 10
69.66347909313611
 20
49.24472737326764
 10
69.69424192601076
 20
49.21732689273618
 10
69.71709269999377
 20
49.11536695626487
 10
69.6817354064446
 20
49.09106141769994
 10
69.64753280018744
 20
49.11965004510316
 10
69.62124808575703
 20
49.16154575656933
 10
69.58277665436066
 20
49.18953099442874
  0
LWPOLYLINE
  5
A88
330
70
100
AcDbEntity
  8
0
100
AcDbPolyline
 90
       16
 70
     0
 43
0.0
 10
68.89073346919707
 20
49.83124941762876
 10
68.94076801288787
 20
49.82722224030144
 10
68.89612680585646
 20
49.78612867209026
 10
68.96962159322851
 20
49.80623331542652
 10
69.08242268359339
 20
49.738891844191
 10
69.19961524355398
 20
49.69778262715804
 10
69.19033135724333
 20
49.68099461158713
 10
69.34465950271527
 20
49.7070375121592
 10
69.35672356212847
 20
49.69531907986024
 10
69.31402764350827
 20
49.68517989924235
 10
69.39308274991384
 20
49.64827163276218
 10
69.38624505886349
 20
49.62676145662758
 10
69.27444583556411
 20
49.6227499281234
 10
69.174209765807
 20
49.6426964470555
 10
69.12222993370318
 20
49.6157692367909
 10
68.93054071930641
 20
49.70812681022821
  0
LWPOLYLINE
  5
A89
330
70
100
AcDbEntity
  8
0
100
AcDbPolyline
 90
        9
 70
     0
 43
0.0
 10
69.04395125219656
 20
49.76687708205041
 10
69.17592957080427
 20
49.85920342626318
 10
69.25103565467037
 20
49.93404677166823
 10
69.22168115438393
 20
49.9907122034509
 10
69.16869944114063
 20
50.03513802009716
 10
69.27138173333009
 20
50.01046935467807
 10
69.3297568104062
 20
49.92092280656957
 10
69.3407104660991
 20
49.81878915121738
 10
69.37868097755057
 20
49.82648042026481
  0
LWPOLYLINE
  5
A8A
330
70
100
AcDbEntity
  8
0
100
AcDbPolyline
 90
        2
 70
     0
 43
0.0
 10
69.35260757031295
 20
49.81896289727033
 10
69.34660479112557
 20
49.73799189975111
  0
LWPOLYLINE
  5
A8B
330
70
100
AcDbEntity
  8
0
100
AcDbPolyline
 90
        2
 70
     0
 43
0.0
 10
69.1134469673388
 20
49.5633047143127
 10
69.18872003357723
 20
49.62625589544118
  0
LWPOLYLINE
  5
A8C
330
70
100
AcDbEntity
  8
0
100
AcDbPolyline
 90
        3
 70
     0
 43
0.0
 10
69.32920581359661
 20
49.62117067644236
 10
69.42621927726981
 20
49.49174671212163
 10
69.53672746257637
 20
49.34530689597691
  0
LWPOLYLINE
  5
A8D
330
70
100
AcDbEntity
  8
0
100
AcDbPolyline
 90
        9
 70
     0
 43
0.0
 10
69.36539803308545
 20
49.5860153664497
 10
69.39147144032308
 20
49.59353288944281
 10
69.42210329953098
 20
49.61539050236101
 10
69.42160233833641
 20
49.65106702236457
 10
69.41409673089168
 20
49.67712554458771
 10
69.44767575965028
 20
49.65858451818608
 10
69.45712662833415
 20
49.66348036947906
 10
69.42076745364506
 20
49.7105278578259
 10
69.39074503696423
 20
49.8147619879654
  0
LINE
  5
A8E
330
70
100
AcDbEntity
  8
0
 48
0.2
100
AcDbLine
 10
70.10571852757995
 20
50.24001732168785
 30
0.0
 11
70.10571852757973
 21
49.63217744126286
 31
0.0
  0
LINE
  5
A8F
330
70
100
AcDbEntity
  8
0
 48
0.2
100
AcDbLine
 10
68.09312832642368
 20
50.24001732168799
 30
0.0
 11
70.37100784349255
 21
50.24001774356108
 31
0.0
  0
DIMENSION
  5
A90
330
70
100
AcDbEntity
  8
COTAS
100
AcDbDimension
280
     0
  2
*D44
 10
60.17887642668179
 20
48.54337193519008
 30
0.0
 11
58.2710161451694
 21
48.54337193519008
 31
0.0
 70
    32
 71
     5
 42
3.815720563024797
 73
     0
 74
     0
 75
     0
  3
NUEV A
100
AcDbAlignedDimension
 13
56.363155863657
 23
49.38167486591525
 33
0.0
 14
60.17887642668179
 24
49.38167486591525
 34
0.0
100
AcDbRotatedDimension
1001
ACAD
1000
DSTYLE
1002
{
1070
    77
1070
     0
1070
   140
1040
0.15
1070
   173
1070
     1
1070
   342
1005
0
1070
   343
1005
84
1070
   344
1005
84
1002
}
  0
DIMENSION
  5
A91
330
70
100
AcDbEntity
  8
COTAS
100
AcDbDimension
280
     0
  2
*D45
 10
70.56305668730146
 20
48.54337193518905
 30
0.0
 11
69.32032874908642
 21
48.54337193518905
 31
0.0
 70
    32
 71
     5
 42
2.485455876430094
 73
     0
 74
     0
 75
     0
  3
NUEV A
100
AcDbAlignedDimension
 13
68.07760081087137
 23
48.54337193519008
 33
0.0
 14
70.56305668730146
 24
48.54337193518906
 34
0.0
100
AcDbRotatedDimension
1001
ACAD
1000
DSTYLE
1002
{
1070
    77
1070
     0
1070
   140
1040
0.15
1070
   173
1070
     1
1070
   342
1005
0
1070
   343
1005
84
1070
   344
1005
84
1002
}
  0
DIMENSION
  5
A92
102
{ACAD_XDICTIONARY
360
A93
102
}
102
{ACAD_REACTORS
330
A94
102
}
330
70
100
AcDbEntity
  8
COTAS
100
AcDbDimension
280
     0
  2
*D70
 10
49.07100586181027
 20
48.5433719351901
 30
0.0
 11
49.52101100474877
 21
48.5433719351901
 31
0.0
 70
    32
 71
     5
 42
0.9000102858769878
 73
     0
 74
     0
 75
     0
  3
NUEV A
100
AcDbAlignedDimension
 13
49.97101614768727
 23
49.38167486591525
 33
0.0
 14
49.07100586181027
 24
50.24001732169033
 34
0.0
100
AcDbRotatedDimension
1001
ACAD
1000
DSTYLE
1002
{
1070
    77
1070
     0
1070
   140
1040
0.15
1070
   173
1070
     1
1070
   342
1005
0
1070
   343
1005
84
1070
   344
1005
84
1002
}
  0
DIMENSION
  5
A95
330
70
100
AcDbEntity
  8
COTAS
100
AcDbDimension
280
     0
  2
*D46
 10
47.5710058618105
 20
48.54337193519011
 30
0.0
 11
48.32100586181039
 21
48.54337193519011
 31
0.0
 70
    32
 71
     5
 42
1.499999999999772
 73
     0
 74
     0
 75
     0
  3
NUEV A
100
AcDbAlignedDimension
 13
49.07100586181027
 23
50.24001732169033
 33
0.0
 14
47.5710058618105
 24
50.24001778060203
 34
0.0
100
AcDbRotatedDimension
1001
ACAD
1000
DSTYLE
1002
{
1070
    77
1070
     0
1070
   140
1040
0.15
1070
   173
1070
     1
1070
   342
1005
0
1070
   343
1005
84
1070
   344
1005
84
1002
}
  0
DIMENSION
  5
A96
330
70
100
AcDbEntity
  8
COTAS
100
AcDbDimension
280
     0
  2
*D47
 10
47.10778294237046
 20
61.14054902645413
 30
0.0
 11
47.10778294237047
 21
59.29011832901646
 31
0.0
 70
    32
 71
     5
 42
3.700861394875317
 73
     0
 74
     0
 75
     0
  3
NUEV A
100
AcDbAlignedDimension
 13
49.04682312369263
 23
57.4396876315788
 33
0.0
 14
49.07100586181027
 24
61.14054902645412
 34
0.0
 50
90.0
100
AcDbRotatedDimension
1001
ACAD
1000
DSTYLE
1002
{
1070
    77
1070
     0
1070
   140
1040
0.15
1070
   173
1070
     1
1070
   342
1005
0
1070
   343
1005
84
1070
   344
1005
84
1002
}
  0
LINE
  5
A97
330
70
100
AcDbEntity
  8
ROOF
100
AcDbLine
 10
99.5710161430899
 20
61.14001732168994
 30
0.0
 11
99.5710161430899
 21
53.74001732169009
 31
0.0
  0
LINE
  5
A98
330
70
100
AcDbEntity
  8
ROOF
100
AcDbLine
 10
99.37101614308941
 20
53.74001732168987
 30
0.0
 11
99.37101614308941
 21
60.94001732168967
 31
0.0
  0
LINE
  5
A99
330
70
100
AcDbEntity
  8
ROOF
100
AcDbLine
 10
99.57101614308946
 20
61.14001732168972
 30
0.0
 11
92.37102644281668
 21
61.13983201262962
 31
0.0
  0
LINE
  5
A9A
330
70
100
AcDbEntity
  8
ROOF
100
AcDbLine
 10
92.37101614308047
 20
50.14001732168972
 30
0.0
 11
99.67101614309051
 21
50.14001732168996
 31
0.0
  0
LINE
  5
A9B
330
70
100
AcDbEntity
  8
ROOF
100
AcDbLine
 10
99.37101614308941
 20
60.94001732168967
 30
0.0
 11
92.3710264243626
 21
60.94001732168996
 31
0.0
  0
LINE
  5
A9C
330
70
100
AcDbEntity
  8
ROOF
100
AcDbLine
 10
99.57101614308946
 20
53.74001732168987
 30
0.0
 11
99.37101614308941
 21
53.74001732168987
 31
0.0
  0
LINE
  5
A9D
330
70
100
AcDbEntity
  8
ROOF
100
AcDbLine
 10
99.67101614309051
 20
53.54001732169005
 30
0.0
 11
85.1710161430889
 21
53.5400173216896
 31
0.0
  0
LINE
  5
A9E
330
70
100
AcDbEntity
  8
AUX_ROOF
100
AcDbLine
 10
96.25649984161251
 20
56.97881124726465
 30
0.0
 11
96.25649984161251
 21
55.69154309029287
 31
0.0
  0
LINE
  5
A9F
330
70
100
AcDbEntity
  8
AUX_ROOF
100
AcDbLine
 10
95.8125661863343
 20
56.97881124726465
 30
0.0
 11
96.25649984161251
 21
56.97881124726465
 31
0.0
  0
LINE
  5
AA0
330
70
100
AcDbEntity
  8
AUX_ROOF
100
AcDbLine
 10
96.66007589186543
 20
57.38891437691942
 30
0.0
 11
95.8125661863343
 21
56.97881124726465
 31
0.0
  0
LINE
  5
AA1
330
70
100
AcDbEntity
  8
AUX_ROOF
100
AcDbLine
 10
96.25649984161251
 20
57.38891437691942
 30
0.0
 11
96.66007589186543
 21
57.38891437691942
 31
0.0
  0
LINE
  5
AA2
330
70
100
AcDbEntity
  8
AUX_ROOF
100
AcDbLine
 10
96.25649984161251
 20
55.69154309029287
 30
0.0
 11
95.69149337125841
 21
56.2041720023614
 31
0.0
  0
LINE
  5
AA3
330
70
100
AcDbEntity
  8
AUX_ROOF
100
AcDbLine
 10
96.25649984161251
 20
55.69154309029287
 30
0.0
 11
96.82150631196661
 21
56.2041720023614
 31
0.0
  0
LINE
  5
AA4
330
70
100
AcDbEntity
  8
AUX_ROOF
100
AcDbLine
 10
96.25649984161251
 20
55.69154309029287
 30
0.0
 11
96.82150631196661
 21
56.2041720023614
 31
0.0
  0
LINE
  5
AA5
330
70
100
AcDbEntity
  8
AUX_ROOF
100
AcDbLine
 10
96.25649984161251
 20
58.42556395465763
 30
0.0
 11
96.25649984161251
 21
57.38891437691942
 31
0.0
  0
MTEXT
  5
AA6
102
{ACAD_XDICTIONARY
360
AA7
102
}
330
70
100
AcDbEntity
  8
LEVELS
100
AcDbMText
 10
95.98081313680449
 20
61.30841692552385
 30
0.0
 40
0.2
 41
0.01
 46
0.0
 71
     5
 72
     5
  1
+ 6.20
 73
     1
 44
1.0
  0
INSERT
  5
AA8
330
70
100
AcDbEntity
  8
SIMBOL_LEVELS
100
AcDbBlockReference
  2
nivel
 10
96.7004585143586
 20
61.15171169302097
 30
0.0
  0
MTEXT
  5
AA9
102
{ACAD_XDICTIONARY
360
AAA
102
}
330
70
100
AcDbEntity
  8
LEVELS
100
AcDbMText
 10
95.49521387982121
 20
53.69672255419292
 30
0.0
 40
0.2
 41
0.01
 46
0.0
 71
     5
 72
     5
  1
+ 4.80
 73
     1
 44
1.0
  0
INSERT
  5
AAB
330
70
100
AcDbEntity
  8
SIMBOL_LEVELS
100
AcDbBlockReference
  2
nivel
 10
96.21485925737532
 20
53.54001732169005
 30
0.0
  0
MTEXT
  5
AAC
102
{ACAD_XDICTIONARY
360
AAD
102
}
330
70
100
AcDbEntity
  8
LEVELS
100
AcDbMText
 10
95.56772921122341
 20
50.29672255419283
 30
0.0
 40
0.2
 41
0.01
 46
0.0
 71
     5
 72
     5
  1
+ 4.05
 73
     1
 44
1.0
  0
INSERT
  5
AAE
330
70
100
AcDbEntity
  8
SIMBOL_LEVELS
100
AcDbBlockReference
  2
nivel
 10
96.28737458877752
 20
50.14001732168996
 30
0.0
  0
LINE
  5
AAF
330
70
100
AcDbEntity
  8
AUX_ROOF
100
AcDbLine
 10
96.22108238981006
 20
51.62902711506118
 30
0.0
 11
96.22108238981006
 21
50.70954986008147
 31
0.0
  0
LINE
  5
AB0
330
70
100
AcDbEntity
  8
AUX_ROOF
100
AcDbLine
 10
95.90398692175417
 20
51.62902711506118
 30
0.0
 11
96.22108238981006
 21
51.62902711506118
 31
0.0
  0
LINE
  5
AB1
330
70
100
AcDbEntity
  8
AUX_ROOF
100
AcDbLine
 10
96.50935099713358
 20
51.92195792195745
 30
0.0
 11
95.90398692175417
 21
51.62902711506118
 31
0.0
  0
LINE
  5
AB2
330
70
100
AcDbEntity
  8
AUX_ROOF
100
AcDbLine
 10
96.22108238981006
 20
51.92195792195745
 30
0.0
 11
96.50935099713358
 21
51.92195792195745
 31
0.0
  0
LINE
  5
AB3
330
70
100
AcDbEntity
  8
AUX_ROOF
100
AcDbLine
 10
96.22108238981006
 20
50.70954986008147
 30
0.0
 11
95.81750633955712
 21
51.07571336870175
 31
0.0
  0
LINE
  5
AB4
330
70
100
AcDbEntity
  8
AUX_ROOF
100
AcDbLine
 10
96.22108238981006
 20
50.70954986008147
 30
0.0
 11
96.62465844006298
 21
51.07571336870175
 31
0.0
  0
LINE
  5
AB5
330
70
100
AcDbEntity
  8
AUX_ROOF
100
AcDbLine
 10
96.22108238981006
 20
50.70954986008147
 30
0.0
 11
96.62465844006298
 21
51.07571336870175
 31
0.0
  0
LINE
  5
AB6
330
70
100
AcDbEntity
  8
AUX_ROOF
100
AcDbLine
 10
96.22108238981006
 20
52.66242190605627
 30
0.0
 11
96.22108238981006
 21
51.92195792195745
 31
0.0
  0
MTEXT
  5
AB7
102
{ACAD_XDICTIONARY
360
AB8
102
}
330
70
100
AcDbEntity
  8
textos
100
AcDbMText
 10
96.39047129174748
 20
58.66966541536492
 30
0.0
 40
0.2
 41
0.01
 46
0.0
 71
     5
 72
     5
  1
CUBIERTA  DE  CHAPA  AUTOPORTANTE\PSOBRE  ESTRUCTURA  METALICA\PPEND. 12%
 73
     1
 44
1.0
  0
MTEXT
  5
AB9
102
{ACAD_XDICTIONARY
360
ABA
102
}
330
70
100
AcDbEntity
  8
textos
100
AcDbMText
 10
96.14477068693311
 20
52.14456262675372
 30
0.0
 40
0.2
 41
0.01
 46
0.0
 71
     5
 72
     5
  1
CUBIERTA  DE  CHAPA  AUTOPORTANTE\PSOBRE  ESTRUCTURA  METALICA\PPEND. 12%
 73
     1
 44
1.0
  0
LINE
  5
ABB
330
70
100
AcDbEntity
  8
ROOF
100
AcDbLine
 10
92.3710264243626
 20
61.14054902645412
 30
0.0
 11
92.37102642436214
 21
50.24001778060156
 31
0.0
  0
LINE
  5
ABC
330
70
100
AcDbEntity
  8
ROOF
100
AcDbLine
 10
92.17102642436982
 20
61.14001732168972
 30
0.0
 11
92.37101614308434
 21
61.14001732168949
 31
0.0
  0
LINE
  5
ABD
330
70
100
AcDbEntity
  8
ROOF
100
AcDbLine
 10
92.37101614308455
 20
43.04001732168959
 30
0.0
 11
92.17102642436982
 21
43.04001732168959
 31
0.0
  0
LINE
  5
ABE
330
70
100
AcDbEntity
  8
ROOF
100
AcDbLine
 10
92.37102642436214
 20
50.24001778060156
 30
0.0
 11
92.37102642436509
 21
43.04001732168959
 31
0.0
  0
LINE
  5
ABF
330
70
100
AcDbEntity
  8
ROOF
100
AcDbLine
 10
92.17102642436982
 20
61.14001732168949
 30
0.0
 11
92.17102642436982
 21
43.04001732168937
 31
0.0
  0
LINE
  5
AC0
330
70
100
AcDbEntity
  8
ROOF
100
AcDbLine
 10
92.37101614308478
 20
61.54001732168867
 30
0.0
 11
92.3710264243626
 21
61.14054902645412
 31
0.0
  0
LINE
  5
AC1
330
70
100
AcDbEntity
  8
ROOF
100
AcDbLine
 10
70.37100784349255
 20
50.24001774356108
 30
0.0
 11
70.57100586180678
 21
50.24001774356079
 31
0.0
  0
MTEXT
  5
AC2
102
{ACAD_XDICTIONARY
360
AC3
102
}
330
70
100
AcDbEntity
  8
LEVELS
100
AcDbMText
 10
71.78667959922309
 20
60.29702998021329
 30
0.0
 40
0.2
 41
0.01
 46
0.0
 71
     5
 72
     5
  1
+ 7.05
 73
     1
 44
1.0
  0
INSERT
  5
AC4
330
70
100
AcDbEntity
  8
SIMBOL_LEVELS
100
AcDbBlockReference
  2
nivel
 10
72.5063249767772
 20
60.14032474771042
 30
0.0
  0
HATCH
  5
AC5
330
70
100
AcDbEntity
  8
HATCH1
100
AcDbHatch
 10
0.0
 20
0.0
 30
0.0
210
0.0
220
0.0
230
1.0
  2
_USER,_O
 70
     0
 71
     0
 91
        2
 92
        7
 72
     1
 73
     1
 93
       12
 10
77.77100586180712
 20
59.94013254012923
 42
0.0
 10
76.1710059360034
 20
59.94013254012915
 42
0.0
 10
76.17100593600182
 20
56.00761023160347
 42
0.0
 10
73.52100593600147
 20
56.0076102316031
 42
0.0
 10
73.52100593600053
 20
59.94013254012906
 42
0.0
 10
72.62756503975651
 20
59.94013254012903
 42
-0.2792037413752767
 10
72.38508491379793
 20
59.94013254012901
 42
0.0
 10
70.7745583763134
 20
59.94013254012894
 42
0.0
 10
70.77221443476173
 20
53.54001732168917
 42
0.0
 10
72.42798435589097
 20
53.54001732168923
 42
-1.0
 10
72.89607012943054
 20
53.54001732168924
 42
0.0
 10
77.7710058618074
 20
53.54001732168939
 42
0.0
 97
        0
 92
        9
 93
        4
 72
     1
 10
71.4989985090357
 20
53.48880986660767
 11
72.38358241080923
 21
53.48880986660767
 72
     1
 10
72.38358241080923
 20
53.48880986660767
 11
72.38358241080923
 21
53.90095174928161
 72
     1
 10
72.38358241080923
 20
53.90095174928161
 11
71.4989985090357
 21
53.90095174928161
 72
     1
 10
71.4989985090357
 20
53.90095174928161
 11
71.4989985090357
 21
53.48880986660767
 97
        0
 75
     1
 76
     0
 52
90.0
 41
0.2
 77
     0
 78
     1
 53
90.0
 43
1898.298265362101
 44
1069.815444959856
 45
-0.2
 46
0.0
 79
     0
 47
0.0103778356222787
 98
        3
 10
23.94495660079337
 20
-70.28419764978534
 10
74.93686937529649
 20
55.30251529217562
 10
75.53740696453768
 20
52.16847032829084
1001
GradientColor1ACI
1070
     5
1001
GradientColor2ACI
1070
     2
1001
ACAD
1010
1874.353308761308
1020
1140.099642609642
1030
0.0
  0
MTEXT
  5
AC6
102
{ACAD_XDICTIONARY
360
AC7
102
}
330
70
100
AcDbEntity
  8
LEVELS
100
AcDbMText
 10
71.94238186510664
 20
53.69672255419292
 30
0.0
 40
0.2
 41
0.01
 46
0.0
 71
     5
 72
     5
  1
+ 4.80
 73
     1
 44
1.0
  0
INSERT
  5
AC8
330
70
100
AcDbEntity
  8
SIMBOL_LEVELS
100
AcDbBlockReference
  2
nivel
 10
72.66202724266076
 20
53.54001732169005
 30
0.0
  0
LINE
  5
AC9
330
70
100
AcDbEntity
  8
ROOF
100
AcDbLine
 10
70.57100586180678
 20
50.24001774356079
 30
0.0
 11
70.77100586181145
 21
50.24001774356049
 31
0.0
  0
LINE
  5
ACA
330
70
100
AcDbEntity
  8
ROOF
100
AcDbLine
 10
70.57100586180677
 20
50.24001774356078
 30
0.0
 11
70.57100586180677
 21
50.14001732170885
 31
0.0
  0
LINE
  5
ACB
330
70
100
AcDbEntity
  8
0
 48
0.2
100
AcDbLine
 10
121.421016147688
 20
41.89001640731083
 30
0.0
 11
90.57101614768415
 21
41.89001640732146
 31
0.0
  0
LINE
  5
ACC
330
70
100
AcDbEntity
  8
0
 48
0.2
100
AcDbLine
 10
78.37101614768456
 20
41.89001640730674
 30
0.0
 11
77.77101614768442
 21
41.89001640732587
 31
0.0
  0
LINE
  5
ACD
330
70
100
AcDbEntity
  8
0
 48
0.2
100
AcDbLine
 10
91.17101614768428
 20
41.89001640730674
 30
0.0
 11
91.17101614768428
 21
40.79001782386916
 31
0.0
  0
LINE
  5
ACE
330
70
100
AcDbEntity
  8
0
 48
0.2
100
AcDbLine
 10
90.8710161476841
 20
41.89001640730674
 30
0.0
 11
90.8710161476841
 21
40.79001782386916
 31
0.0
  0
LINE
  5
ACF
330
70
100
AcDbEntity
  8
0
 48
0.2
100
AcDbLine
 10
90.57101614768415
 20
41.89001640730674
 30
0.0
 11
90.57101614768415
 21
40.79001782386916
 31
0.0
  0
LINE
  5
AD0
330
70
100
AcDbEntity
  8
0
 48
0.2
100
AcDbLine
 10
75.3710161476842
 20
46.94001732168969
 30
0.0
 11
48.47101614768772
 21
46.94001732168969
 31
0.0
  0
LINE
  5
AD1
330
70
100
AcDbEntity
  8
0
 48
0.2
100
AcDbLine
 10
75.37101614768488
 20
46.94001732168969
 30
0.0
 11
75.37101614768488
 21
40.79001782386949
 31
0.0
  0
LINE
  5
AD2
330
70
100
AcDbEntity
  8
0
 48
0.2
100
AcDbLine
 10
91.77101614768442
 20
41.89001640730674
 30
0.0
 11
91.77101614768442
 21
40.79001782386916
 31
0.0
  0
LINE
  5
AD3
330
70
100
AcDbEntity
  8
0
 48
0.2
100
AcDbLine
 10
91.47101614768423
 20
41.89001640730674
 30
0.0
 11
91.47101614768423
 21
40.79001782386916
 31
0.0
  0
LINE
  5
AD4
330
70
100
AcDbEntity
  8
0
 48
0.2
100
AcDbLine
 10
92.37101614308478
 20
42.64001732168336
 30
0.0
 11
92.37101614768455
 21
40.79001782386916
 31
0.0
  0
LINE
  5
AD5
330
70
100
AcDbEntity
  8
0
 48
0.2
100
AcDbLine
 10
92.07101614768438
 20
41.89001640730674
 30
0.0
 11
92.07101614768438
 21
40.79001782386916
 31
0.0
  0
LINE
  5
AD6
330
70
100
AcDbEntity
  8
0
 48
0.2
100
AcDbLine
 10
92.37101614768455
 20
41.39001660333603
 30
0.0
 11
90.57101614768415
 21
41.39001660333603
 31
0.0
  0
LINE
  5
AD7
330
70
100
AcDbEntity
  8
0
 48
0.2
100
AcDbLine
 10
90.57101614768415
 20
41.34001711558806
 30
0.0
 11
90.8710161476841
 21
41.89001640732561
 31
0.0
  0
LINE
  5
AD8
330
70
100
AcDbEntity
  8
0
 48
0.2
100
AcDbLine
 10
90.57101614768415
 20
41.39001660333603
 30
0.0
 11
90.8710161476841
 21
40.84001589505889
 31
0.0
  0
LINE
  5
AD9
330
70
100
AcDbEntity
  8
0
 48
0.2
100
AcDbLine
 10
78.37101614768456
 20
41.89001640730674
 30
0.0
 11
78.37101614768456
 21
40.79001782386916
 31
0.0
  0
LINE
  5
ADA
330
70
100
AcDbEntity
  8
0
 48
0.2
100
AcDbLine
 10
78.07101614768438
 20
41.89001640730674
 30
0.0
 11
78.07101614768438
 21
40.79001782386916
 31
0.0
  0
LINE
  5
ADB
330
70
100
AcDbEntity
  8
0
 48
0.2
100
AcDbLine
 10
77.77101614768442
 20
41.89001640730674
 30
0.0
 11
77.77101614768442
 21
40.79001782386916
 31
0.0
  0
LINE
  5
ADC
330
70
100
AcDbEntity
  8
0
 48
0.2
100
AcDbLine
 10
78.37101614768456
 20
41.34001711558794
 30
0.0
 11
77.77101614768442
 21
41.34001711558806
 31
0.0
  0
LINE
  5
ADD
330
70
100
AcDbEntity
  8
0
 48
0.2
100
AcDbLine
 10
77.77101614768442
 20
41.34001711558806
 30
0.0
 11
78.07101614768438
 21
41.89001640732561
 31
0.0
  0
LINE
  5
ADE
330
70
100
AcDbEntity
  8
0
 48
0.2
100
AcDbLine
 10
77.77101614768442
 20
41.34001711558806
 30
0.0
 11
78.07101614768438
 21
40.79001640731092
 31
0.0
  0
LINE
  5
ADF
102
{ACAD_REACTORS
330
AEC
102
}
330
70
100
AcDbEntity
  8
0
 48
0.2
100
AcDbLine
 10
77.77101614768442
 20
41.89001640730674
 30
0.0
 11
77.77101614768473
 21
42.6400173216895
 31
0.0
  0
DIMENSION
  5
AE0
102
{ACAD_XDICTIONARY
360
AE1
102
}
102
{ACAD_REACTORS
330
AE2
102
}
330
70
100
AcDbEntity
  8
COTAS
100
AcDbDimension
280
     0
  2
*D71
 10
77.77100586180691
 20
48.54337193518906
 30
0.0
 11
74.16703127455419
 21
48.54337193518906
 31
0.0
 70
    32
 71
     5
 42
7.207949174505444
 73
     0
 74
     0
 75
     0
  3
NUEV A
100
AcDbAlignedDimension
 13
70.56305668730146
 23
48.74337193518907
 33
0.0
 14
77.77100586180691
 24
48.74337193518609
 34
0.0
100
AcDbRotatedDimension
1001
ACAD
1000
DSTYLE
1002
{
1070
    77
1070
     0
1070
   140
1040
0.15
1070
   173
1070
     1
1070
   342
1005
0
1070
   343
1005
84
1070
   344
1005
84
1002
}
  0
DIMENSION
  5
AE3
330
70
100
AcDbEntity
  8
COTAS
100
AcDbDimension
280
     0
  2
*D48
 10
76.59822599054312
 20
53.54001732168991
 30
0.0
 11
76.59822599054312
 21
56.84034078329244
 31
0.0
 70
    32
 71
     5
 42
6.600646923205133
 73
     0
 74
     0
 75
     0
  3
NUEV A
100
AcDbAlignedDimension
 13
77.77455837630926
 23
60.14066424489501
 33
0.0
 14
77.7710058618074
 24
53.54001732168988
 34
0.0
 50
90.0
100
AcDbRotatedDimension
1001
ACAD
1000
DSTYLE
1002
{
1070
    77
1070
     0
1070
   140
1040
0.15
1070
   173
1070
     1
1070
   342
1005
0
1070
   343
1005
84
1070
   344
1005
84
1002
}
  0
DIMENSION
  5
AE4
102
{ACAD_XDICTIONARY
360
AE5
102
}
102
{ACAD_REACTORS
330
AE6
102
}
330
70
100
AcDbEntity
  8
COTAS
100
AcDbDimension
280
     0
  2
*D72
 10
76.59822599054319
 20
50.14001732170594
 30
0.0
 11
76.59822599054319
 21
51.84001732169789
 31
0.0
 70
    32
 71
     5
 42
3.399999999983961
 73
     0
 74
     0
 75
     0
  3
NUEV A
100
AcDbAlignedDimension
 13
77.7710058618074
 23
53.54001732168988
 33
0.0
 14
77.771005861806
 24
50.14001732170592
 34
0.0
 50
90.0
100
AcDbRotatedDimension
1001
ACAD
1000
DSTYLE
1002
{
1070
    77
1070
     0
1070
   140
1040
0.15
1070
   173
1070
     1
1070
   342
1005
0
1070
   343
1005
84
1070
   344
1005
84
1002
}
  0
DIMENSION
  5
AE7
102
{ACAD_XDICTIONARY
360
AE8
102
}
102
{ACAD_REACTORS
330
AE9
102
}
330
70
100
AcDbEntity
  8
COTAS
100
AcDbDimension
280
     0
  2
*D73
 10
76.59822599054328
 20
40.79001782386916
 30
0.0
 11
76.59822599054328
 21
45.46501757278752
 31
0.0
 70
    32
 71
     5
 42
9.349999497836769
 73
     0
 74
     0
 75
     0
  3
NUEV A
100
AcDbAlignedDimension
 13
77.77100586180748
 23
50.14001732170592
 33
0.0
 14
77.77100586180748
 24
40.79001782386916
 34
0.0
 50
90.0
100
AcDbRotatedDimension
1001
ACAD
1000
DSTYLE
1002
{
1070
    77
1070
     0
1070
   140
1040
0.15
1070
   173
1070
     1
1070
   342
1005
0
1070
   343
1005
84
1070
   344
1005
84
1002
}
  0
DIMENSION
  5
AEA
102
{ACAD_XDICTIONARY
360
AEB
102
}
102
{ACAD_REACTORS
330
AEC
102
}
330
70
100
AcDbEntity
  8
COTAS
100
AcDbDimension
280
     0
  2
*D74
 10
77.30257638675976
 20
42.64001732168952
 30
0.0
 11
77.30257638675976
 21
48.09001732168944
 31
0.0
 70
    32
 71
     5
 42
10.8999999999999
 73
     0
 74
     0
 75
     0
  3
NUEV A
100
AcDbAlignedDimension
 13
77.77100586180738
 23
53.54001732168939
 33
0.0
 14
77.77101614768472
 24
42.6400173216895
 34
0.0
 50
90.0
100
AcDbRotatedDimension
1001
ACAD
1000
DSTYLE
1002
{
1070
    77
1070
     0
1070
   140
1040
0.15
1070
   173
1070
     1
1070
   342
1005
0
1070
   343
1005
84
1070
   344
1005
84
1002
}
  0
DIMENSION
  5
AED
330
70
100
AcDbEntity
  8
COTAS
100
AcDbDimension
280
     0
  2
*D49
 10
77.77100586180707
 20
62.58161243757802
 30
0.0
 11
74.17100586180879
 21
62.58161243757802
 31
0.0
 70
    32
 71
     5
 42
7.199999999996563
 73
     0
 74
     0
 75
     0
  3
NUEV A
100
AcDbAlignedDimension
 13
70.5710058618105
 23
62.67068404902346
 33
0.0
 14
77.77100586180707
 24
62.67068404902465
 34
0.0
100
AcDbRotatedDimension
1001
ACAD
1000
DSTYLE
1002
{
1070
    77
1070
     0
1070
   140
1040
0.15
1070
   173
1070
     1
1070
   342
1005
0
1070
   343
1005
84
1070
   344
1005
84
1002
}
  0
HATCH
  5
AEE
330
70
100
AcDbEntity
  8
HATCH1
100
AcDbHatch
 10
0.0
 20
0.0
 30
0.0
210
0.0
220
0.0
230
1.0
  2
_USER,_O
 70
     0
 71
     0
 91
        2
 92
        7
 72
     1
 73
     1
 93
       10
 10
77.7710058618074
 20
53.54001732168939
 42
0.0
 10
72.89607012943054
 20
53.54001732168924
 42
-1.0
 10
72.42798435589097
 20
53.54001732169005
 42
0.0
 10
71.56202542681056
 20
53.54001732169005
 42
0.0
 10
70.77221443476173
 20
53.54001732168935
 42
0.0
 10
70.77100586181145
 20
50.24001774356049
 42
0.0
 10
70.57100586180677
 20
50.24001774356079
 42
0.0
 10
70.57100586180677
 20
50.14001732170885
 42
0.0
 10
77.77100586180748
 20
50.14001732170592
 42
0.0
 10
77.77100586180752
 20
50.24001778060156
 42
0.0
 97
        0
 92
       24
 93
        4
 72
     1
 10
76.75380238890603
 20
51.59920899973339
 11
76.75380238890603
 21
52.08205347449464
 72
     1
 10
76.75380238890603
 20
52.08205347449464
 11
76.44469597690058
 21
52.08205347449464
 72
     1
 10
76.44469597690058
 20
52.08205347449464
 11
76.44469597690058
 21
51.59920899973339
 72
     1
 10
76.44469597690058
 20
51.59920899973339
 11
76.75380238890603
 21
51.59920899973339
 97
        0
 75
     1
 76
     0
 52
90.0
 41
0.2
 77
     0
 78
     1
 53
90.0
 43
23.94495660079337
 44
-70.28419764978534
 45
-0.2
 46
0.0
 79
     0
 47
0.0105581854141438
 98
        1
 10
72.28045661699001
 20
51.97546760701888
1001
GradientColor1ACI
1070
     5
1001
GradientColor2ACI
1070
     2
1001
ACAD
1010
1874.353308761308
1020
1140.099642609642
1030
0.0
  0
DIMENSION
  5
AEF
102
{ACAD_XDICTIONARY
360
AF0
102
}
102
{ACAD_REACTORS
330
AF1
102
}
330
70
100
AcDbEntity
  8
COTAS
100
AcDbDimension
280
     0
  2
*D75
 10
73.07490551865335
 20
56.00761023160313
 30
0.0
 11
73.07490551865335
 21
58.07413723824905
 31
0.0
 70
    32
  1
4.15
 71
     5
 42
4.133054013291911
 73
     0
 74
     0
 75
     0
  3
NUEV A
100
AcDbAlignedDimension
 13
73.52100593600049
 23
60.14066424489501
 33
0.0
 14
73.52100593600147
 24
56.0076102316031
 34
0.0
 50
90.0
100
AcDbRotatedDimension
1001
ACAD
1000
DSTYLE
1002
{
1070
    77
1070
     0
1070
   140
1040
0.15
1070
   173
1070
     1
1070
   342
1005
0
1070
   343
1005
84
1070
   344
1005
84
1002
}
  0
DIMENSION
  5
AF2
102
{ACAD_XDICTIONARY
360
AF3
102
}
102
{ACAD_REACTORS
330
AF4
102
}
330
70
100
AcDbEntity
  8
COTAS
100
AcDbDimension
280
     0
  2
*D76
 10
76.17100593600182
 20
55.69202950700898
 30
0.0
 11
74.84600593600164
 21
55.69202950700898
 31
0.0
 70
    32
 71
     5
 42
2.650000000000346
 73
     0
 74
     0
 75
     0
  3
NUEV A
100
AcDbAlignedDimension
 13
73.52100593600147
 23
56.0076102316031
 33
0.0
 14
76.17100593600182
 24
56.00761023160347
 34
0.0
100
AcDbRotatedDimension
1001
ACAD
1000
DSTYLE
1002
{
1070
    77
1070
     0
1070
   140
1040
0.15
1070
   173
1070
     1
1070
   342
1005
0
1070
   343
1005
84
1070
   344
1005
84
1002
}
  0
LWPOLYLINE
  5
AF5
330
70
100
AcDbEntity
  8
0
 48
0.2
100
AcDbPolyline
 90
        2
 70
     0
 43
0.0
 10
75.37101614768488
 20
40.79001782386949
 10
121.521016147688
 20
40.7900178238579
  0
ENDSEC
  0
SECTION
  2
OBJECTS
  0
DICTIONARY
  5
C
330
0
100
AcDbDictionary
281
     1
  3
ACAD_CIP_PREVIOUS_PRODUCT_INFO
350
7E
  3
ACAD_COLOR
350
63
  3
ACAD_DETAILVIEWSTYLE
350
6A
  3
ACAD_GROUP
350
D
  3
ACAD_LAYOUT
350
62
  3
ACAD_MATERIAL
350
10
  3
ACAD_MLEADERSTYLE
350
66
  3
ACAD_MLINESTYLE
350
5F
  3
ACAD_PLOTSETTINGS
350
61
  3
ACAD_PLOTSTYLENAME
350
E
  3
ACAD_SCALELIST
350
42
  3
ACAD_SECTIONVIEWSTYLE
350
68
  3
ACAD_TABLESTYLE
350
64
  3
ACAD_VISUALSTYLE
350
29
  3
ACDB_RECOMPOSE_DATA
350
D0D
  3
AcDbVariableDictionary
350
78
  0
DICTIONARY
  5
4D8
330
2
100
AcDbDictionary
280
     1
281
     1
  3
ACAD_LAYERSTATES
360
4D9
  0
DICTIONARY
  5
4C8
330
4C7
100
AcDbDictionary
280
     1
281
     1
  0
DICTIONARY
  5
4CD
330
4CC
100
AcDbDictionary
280
     1
281
     1
  0
DICTIONARY
  5
90
330
8F
100
AcDbDictionary
280
     1
281
     1
  0
DICTIONARY
  5
1C3
330
1C2
100
AcDbDictionary
280
     1
281
     1
  0
DICTIONARY
  5
2F6
330
2F5
100
AcDbDictionary
280
     1
281
     1
  0
DICTIONARY
  5
2FE
330
2FD
100
AcDbDictionary
280
     1
281
     1
  0
DICTIONARY
  5
8B2
330
8B1
100
AcDbDictionary
280
     1
281
     1
  0
DICTIONARY
  5
8B4
330
8B3
100
AcDbDictionary
280
     1
281
     1
  0
DICTIONARY
  5
8B6
330
8B5
100
AcDbDictionary
280
     1
281
     1
  0
DICTIONARY
  5
8B8
330
8B7
100
AcDbDictionary
280
     1
281
     1
  0
DICTIONARY
  5
8BA
330
8B9
100
AcDbDictionary
280
     1
281
     1
  0
DICTIONARY
  5
8BC
330
8BB
100
AcDbDictionary
280
     1
281
     1
  0
DICTIONARY
  5
8BE
330
8BD
100
AcDbDictionary
280
     1
281
     1
  0
DICTIONARY
  5
8C0
330
8BF
100
AcDbDictionary
280
     1
281
     1
  0
DICTIONARY
  5
8C2
330
8C1
100
AcDbDictionary
280
     1
281
     1
  0
DICTIONARY
  5
8C4
330
8C3
100
AcDbDictionary
280
     1
281
     1
  0
DICTIONARY
  5
8C6
330
8C5
100
AcDbDictionary
280
     1
281
     1
  0
DICTIONARY
  5
922
330
921
100
AcDbDictionary
280
     1
281
     1
  0
DICTIONARY
  5
94C
330
94B
100
AcDbDictionary
280
     1
281
     1
  0
DICTIONARY
  5
94E
330
94D
100
AcDbDictionary
280
     1
281
     1
  0
DICTIONARY
  5
950
330
94F
100
AcDbDictionary
280
     1
281
     1
  0
DICTIONARY
  5
952
330
951
100
AcDbDictionary
280
     1
281
     1
  0
DICTIONARY
  5
954
330
953
100
AcDbDictionary
280
     1
281
     1
  0
DICTIONARY
  5
957
330
956
100
AcDbDictionary
280
     1
281
     1
  0
DICTIONARY
  5
95A
330
959
100
AcDbDictionary
280
     1
281
     1
  0
DICTIONARY
  5
95D
330
95C
100
AcDbDictionary
280
     1
281
     1
  0
DICTIONARY
  5
960
330
95F
100
AcDbDictionary
280
     1
281
     1
  0
DICTIONARY
  5
963
330
962
100
AcDbDictionary
280
     1
281
     1
  0
DICTIONARY
  5
969
330
968
100
AcDbDictionary
280
     1
281
     1
  3
ACAD_MTEXT_2008_RT
360
D07
  0
DICTIONARY
  5
9B0
330
9AF
100
AcDbDictionary
280
     1
281
     1
  3
ACAD_MTEXT_2008_RT
360
D08
  0
DICTIONARY
  5
9B3
330
9B2
100
AcDbDictionary
280
     1
281
     1
  3
ACAD_MTEXT_2008_RT
360
D09
  0
DICTIONARY
  5
9B5
330
9B4
100
AcDbDictionary
280
     1
281
     1
  3
ACAD_MTEXT_2008_RT
360
D0A
  0
DICTIONARY
  5
9CA
330
9C9
100
AcDbDictionary
280
     1
281
     1
  3
ACAD_MTEXT_2008_RT
360
D0B
  0
DICTIONARY
  5
A00
330
9FF
100
AcDbDictionary
280
     1
281
     1
  0
DICTIONARY
  5
A02
330
A01
100
AcDbDictionary
280
     1
281
     1
  0
DICTIONARY
  5
A04
330
A03
100
AcDbDictionary
280
     1
281
     1
  0
DICTIONARY
  5
A0D
330
A0C
100
AcDbDictionary
280
     1
281
     1
  3
ACAD_DIMASSOC
360
A0E
  0
DICTIONARY
  5
A10
330
A0F
100
AcDbDictionary
280
     1
281
     1
  3
ACAD_DIMASSOC
360
A11
  0
DICTIONARY
  5
A13
330
A12
100
AcDbDictionary
280
     1
281
     1
  3
ACAD_DIMASSOC
360
A14
  0
DICTIONARY
  5
A16
330
A15
100
AcDbDictionary
280
     1
281
     1
  3
ACAD_DIMASSOC
360
A17
  0
DICTIONARY
  5
A19
330
A18
100
AcDbDictionary
280
     1
281
     1
  3
ACAD_DIMASSOC
360
A1A
  0
DICTIONARY
  5
A1C
330
A1B
100
AcDbDictionary
280
     1
281
     1
  3
ACAD_DIMASSOC
360
A1D
  0
DICTIONARY
  5
A1F
330
A1E
100
AcDbDictionary
280
     1
281
     1
  3
ACAD_DIMASSOC
360
A20
  0
DICTIONARY
  5
A22
330
A21
100
AcDbDictionary
280
     1
281
     1
  3
ACAD_DIMASSOC
360
A23
  0
DICTIONARY
  5
A25
330
A24
100
AcDbDictionary
280
     1
281
     1
  3
ACAD_DIMASSOC
360
A26
  0
DICTIONARY
  5
A28
330
A27
100
AcDbDictionary
280
     1
281
     1
  3
ACAD_DIMASSOC
360
A29
  0
DICTIONARY
  5
A2B
330
A2A
100
AcDbDictionary
280
     1
281
     1
  3
ACAD_DIMASSOC
360
A2C
  0
DICTIONARY
  5
A2E
330
A2D
100
AcDbDictionary
280
     1
281
     1
  3
ACAD_DIMASSOC
360
A2F
  0
DICTIONARY
  5
A31
330
A30
100
AcDbDictionary
280
     1
281
     1
  3
ACAD_DIMASSOC
360
A32
  0
DICTIONARY
  5
A34
330
A33
100
AcDbDictionary
280
     1
281
     1
  3
ACAD_DIMASSOC
360
A35
  0
DICTIONARY
  5
A38
330
A37
100
AcDbDictionary
280
     1
281
     1
  3
ACAD_DIMASSOC
360
A39
  0
DICTIONARY
  5
A3B
330
A3A
100
AcDbDictionary
280
     1
281
     1
  3
ACAD_DIMASSOC
360
A3C
  0
DICTIONARY
  5
A3E
330
A3D
100
AcDbDictionary
280
     1
281
     1
  3
ACAD_DIMASSOC
360
A3F
  0
DICTIONARY
  5
A41
330
A40
100
AcDbDictionary
280
     1
281
     1
  3
ACAD_DIMASSOC
360
A42
  0
DICTIONARY
  5
A44
330
A43
100
AcDbDictionary
280
     1
281
     1
  3
ACAD_DIMASSOC
360
A45
  0
DICTIONARY
  5
A47
330
A46
100
AcDbDictionary
280
     1
281
     1
  3
ACAD_DIMASSOC
360
A48
  0
DICTIONARY
  5
A4B
330
A4A
100
AcDbDictionary
280
     1
281
     1
  0
DICTIONARY
  5
A4E
330
A4D
100
AcDbDictionary
280
     1
281
     1
  0
DICTIONARY
  5
A51
330
A50
100
AcDbDictionary
280
     1
281
     1
  0
DICTIONARY
  5
A54
330
A53
100
AcDbDictionary
280
     1
281
     1
  0
DICTIONARY
  5
A57
330
A56
100
AcDbDictionary
280
     1
281
     1
  0
DICTIONARY
  5
A5A
330
A59
100
AcDbDictionary
280
     1
281
     1
  0
DICTIONARY
  5
A5D
330
A5C
100
AcDbDictionary
280
     1
281
     1
  0
DICTIONARY
  5
A60
330
A5F
100
AcDbDictionary
280
     1
281
     1
  0
DICTIONARY
  5
A63
330
A62
100
AcDbDictionary
280
     1
281
     1
  0
DICTIONARY
  5
A67
330
A66
100
AcDbDictionary
280
     1
281
     1
  0
DICTIONARY
  5
A71
330
A70
100
AcDbDictionary
280
     1
281
     1
  0
DICTIONARY
  5
A74
330
A73
100
AcDbDictionary
280
     1
281
     1
  0
DICTIONARY
  5
A77
330
A76
100
AcDbDictionary
280
     1
281
     1
  0
DICTIONARY
  5
A7A
330
A79
100
AcDbDictionary
280
     1
281
     1
  3
ACAD_MTEXT_2008_RT
360
D0C
  0
DICTIONARY
  5
A7D
330
A7C
100
AcDbDictionary
280
     1
281
     1
  0
DICTIONARY
  5
A80
330
A7F
100
AcDbDictionary
280
     1
281
     1
  0
DICTIONARY
  5
A83
330
A82
100
AcDbDictionary
280
     1
281
     1
  0
DICTIONARY
  5
A93
330
A92
100
AcDbDictionary
280
     1
281
     1
  3
ACAD_DIMASSOC
360
A94
  0
DICTIONARY
  5
AA7
330
AA6
100
AcDbDictionary
280
     1
281
     1
  0
DICTIONARY
  5
AAA
330
AA9
100
AcDbDictionary
280
     1
281
     1
  0
DICTIONARY
  5
AAD
330
AAC
100
AcDbDictionary
280
     1
281
     1
  0
DICTIONARY
  5
AB8
330
AB7
100
AcDbDictionary
280
     1
281
     1
  0
DICTIONARY
  5
ABA
330
AB9
100
AcDbDictionary
280
     1
281
     1
  0
DICTIONARY
  5
AC3
330
AC2
100
AcDbDictionary
280
     1
281
     1
  0
DICTIONARY
  5
AC7
330
AC6
100
AcDbDictionary
280
     1
281
     1
  0
DICTIONARY
  5
AE1
330
AE0
100
AcDbDictionary
280
     1
281
     1
  3
ACAD_DIMASSOC
360
AE2
  0
DICTIONARY
  5
AE5
330
AE4
100
AcDbDictionary
280
     1
281
     1
  3
ACAD_DIMASSOC
360
AE6
  0
DICTIONARY
  5
AE8
330
AE7
100
AcDbDictionary
280
     1
281
     1
  3
ACAD_DIMASSOC
360
AE9
  0
DICTIONARY
  5
AEB
330
AEA
100
AcDbDictionary
280
     1
281
     1
  3
ACAD_DIMASSOC
360
AEC
  0
DICTIONARY
  5
AF0
330
AEF
100
AcDbDictionary
280
     1
281
     1
  3
ACAD_DIMASSOC
360
AF1
  0
DICTIONARY
  5
AF3
330
AF2
100
AcDbDictionary
280
     1
281
     1
  3
ACAD_DIMASSOC
360
AF4
  0
XRECORD
  5
7E
102
{ACAD_REACTORS
330
C
102
}
330
C
100
AcDbXrecord
280
     1
300
ACD
300
2021
300

  0
DICTIONARY
  5
63
102
{ACAD_REACTORS
330
C
102
}
330
C
100
AcDbDictionary
281
     1
  0
DICTIONARY
  5
6A
102
{ACAD_REACTORS
330
C
102
}
330
C
100
AcDbDictionary
281
     1
  3
Metric50
350
6B
  0
DICTIONARY
  5
D
102
{ACAD_REACTORS
330
C
102
}
330
C
100
AcDbDictionary
281
     1
  0
DICTIONARY
  5
62
102
{ACAD_REACTORS
330
C
102
}
330
C
100
AcDbDictionary
281
     1
  3
Model
350
73
  3
Presentación1
350
6F
  3
Presentación2
350
77
  0
DICTIONARY
  5
10
102
{ACAD_REACTORS
330
C
102
}
330
C
100
AcDbDictionary
281
     1
  3
ByBlock
350
19
  3
ByLayer
350
11
  3
Global
350
21
  0
DICTIONARY
  5
66
102
{ACAD_REACTORS
330
C
102
}
330
C
100
AcDbDictionary
281
     1
  3
Standard
350
67
  0
DICTIONARY
  5
5F
102
{ACAD_REACTORS
330
C
102
}
330
C
100
AcDbDictionary
281
     1
  3
Standard
350
60
  0
DICTIONARY
  5
61
102
{ACAD_REACTORS
330
C
102
}
330
C
100
AcDbDictionary
281
     1
  0
ACDBDICTIONARYWDFLT
  5
E
102
{ACAD_REACTORS
330
C
102
}
330
C
100
AcDbDictionary
281
     1
  3
Normal
350
F
100
AcDbDictionaryWithDefault
340
F
  0
DICTIONARY
  5
42
102
{ACAD_REACTORS
330
C
102
}
330
C
100
AcDbDictionary
281
     1
  3
A0
350
43
  3
A1
350
44
  3
A2
350
45
  3
A3
350
46
  3
A4
350
47
  3
A5
350
48
  3
A6
350
49
  3
A7
350
4A
  3
A8
350
4B
  3
A9
350
4C
  3
B0
350
4D
  3
B1
350
4E
  3
B2
350
4F
  3
B3
350
50
  3
B4
350
51
  3
B5
350
52
  3
B6
350
53
  0
DICTIONARY
  5
68
102
{ACAD_REACTORS
330
C
102
}
330
C
100
AcDbDictionary
281
     1
  3
Metric50
350
69
  0
DICTIONARY
  5
64
102
{ACAD_REACTORS
330
C
102
}
330
C
100
AcDbDictionary
281
     1
  3
Standard
350
65
  0
DICTIONARY
  5
29
102
{ACAD_REACTORS
330
C
102
}
330
C
100
AcDbDictionary
281
     1
  3
2dWireframe
350
2F
  3
Basic
350
2E
  3
Brighten
350
35
  3
ColorChange
350
39
  3
Conceptual
350
32
  3
Dim
350
34
  3
EdgeColorOff
350
41
  3
Facepattern
350
38
  3
Flat
350
2A
  3
FlatWithEdges
350
2B
  3
Gouraud
350
2C
  3
GouraudWithEdges
350
2D
  3
Hidden
350
31
  3
JitterOff
350
3F
  3
Linepattern
350
37
  3
OverhangOff
350
40
  3
Realistic
350
33
  3
Shaded
350
3E
  3
Shaded with edges
350
3D
  3
Shades of Gray
350
3A
  3
Sketchy
350
3B
  3
Thicken
350
36
  3
Wireframe
350
30
  3
X-Ray
350
3C
  0
XRECORD
  5
D0D
102
{ACAD_REACTORS
330
C
102
}
330
C
100
AcDbXrecord
280
     1
 90
        1
330
65
330
968
330
9AF
330
9B2
330
9B4
330
9C9
330
A79
  0
DICTIONARY
  5
78
102
{ACAD_REACTORS
330
C
102
}
330
C
100
AcDbDictionary
281
     1
  3
CANNOSCALE
350
D04
  3
CENTEREXE
350
79
  3
CENTERLTYPEFILE
350
7A
  3
CMLEADERSTYLE
350
D01
  3
CTABLESTYLE
350
D00
  3
CVIEWDETAILSTYLE
350
D02
  3
CVIEWSECTIONSTYLE
350
D03
  0
DICTIONARY
  5
4D9
102
{ACAD_REACTORS
330
4D8
102
}
330
4D8
100
AcDbDictionary
281
     1
  0
XRECORD
  5
D07
102
{ACAD_REACTORS
330
969
102
}
330
969
100
AcDbXrecord
280
     1
 40
68312.0
  1
\pxi-2,l3,t3;CUMBRERA CHAPA ZINC Nº24
  0
XRECORD
  5
D08
102
{ACAD_REACTORS
330
9B0
102
}
330
9B0
100
AcDbXrecord
280
     1
 40
96607.0
  1
\pxqc;LOSA PLANA DE HºAº \PDIMENSIONES S/CALCULO\PPEND. 2%
  0
XRECORD
  5
D09
102
{ACAD_REACTORS
330
9B3
102
}
330
9B3
100
AcDbXrecord
280
     1
 40
96607.0
  1
\pxqc;LOSA PLANA DE HºAº \PDIMENSIONES S/CALCULO\PPEND. 2%
  0
XRECORD
  5
D0A
102
{ACAD_REACTORS
330
9B5
102
}
330
9B5
100
AcDbXrecord
280
     1
 40
96607.0
  1
\pxqc;LOSA PLANA DE HºAº \PDIMENSIONES S/CALCULO\PPEND. 2%
  0
XRECORD
  5
D0B
102
{ACAD_REACTORS
330
9CA
102
}
330
9CA
100
AcDbXrecord
280
     1
 40
96607.0
  1
\pxqc;LOSA PLANA DE HºAº \PDIMENSIONES S/CALCULO\PPEND. 2%
  0
DIMASSOC
  5
A0E
102
{ACAD_REACTORS
330
A0D
102
}
330
A0D
100
AcDbDimAssoc
330
A0C
 90
        1
 70
     0
 71
     0
  1
AcDbOsnapPointRef
 72
    13
331
946
 73
     2
 91
        0
 40
0.0
 10
1680.337460872524
 20
1116.622551396164
 30
0.0
 75
     0
  0
DIMASSOC
  5
A11
102
{ACAD_REACTORS
330
A10
102
}
330
A10
100
AcDbDimAssoc
330
A0F
 90
        3
 70
     0
 71
     0
  1
AcDbOsnapPointRef
 72
     8
331
89B
 73
     2
 91
        0
 40
0.0
 10
0.0
 20
0.0
 30
0.0
 75
     1
  1
AcDbOsnapPointRef
 72
     0
 40
0.0
 10
1716.437471153802
 20
1117.0220196914
 30
0.0
 75
     0
  1
AcDbOsnapPointRef
 72
    13
331
A07
 73
     2
 91
        0
 40
0.0
 10
0.0
 20
0.0
 30
2.000000000000000E+50
 75
     0
  0
DIMASSOC
  5
A14
102
{ACAD_REACTORS
330
A13
102
}
330
A13
100
AcDbDimAssoc
330
A12
 90
        3
 70
     0
 71
     0
  1
AcDbOsnapPointRef
 72
    13
331
81A
 73
     2
 91
        0
 40
0.0
 10
0.0
 20
0.0
 30
2.000000000000000E+50
 75
     0
  1
AcDbOsnapPointRef
 72
    13
331
8CD
 73
     2
 91
        0
 40
0.0
 10
0.0
 20
0.0
 30
2.000000000000000E+50
 75
     0
  0
DIMASSOC
  5
A17
102
{ACAD_REACTORS
330
A16
102
}
330
A16
100
AcDbDimAssoc
330
A15
 90
        2
 70
     0
 71
     0
  1
AcDbOsnapPointRef
 72
     8
331
944
 73
     2
 91
        0
 40
0.0
 10
1764.037471153811
 20
1095.022019691401
 30
0.0
 75
     1
  1
AcDbOsnapPointRef
 72
     0
 40
0.0
 10
1764.037471153811
 20
1095.022019691401
 30
0.0
 75
     0
  0
DIMASSOC
  5
A1A
102
{ACAD_REACTORS
330
A19
102
}
330
A19
100
AcDbDimAssoc
330
A18
 90
        3
 70
     0
 71
     0
  1
AcDbOsnapPointRef
 72
     8
331
944
 73
     2
 91
        0
 40
0.0
 10
0.0
 20
0.0
 30
0.0
 75
     1
  1
AcDbOsnapPointRef
 72
     0
 40
0.0
 10
1763.637460872525
 20
1090.922020150314
 30
0.0
 75
     0
  1
AcDbOsnapPointRef
 72
     1
331
899
 73
     2
 91
        1
 40
1.0
 10
0.0
 20
0.0
 30
2.000000000000000E+50
 75
     0
  0
DIMASSOC
  5
A1D
102
{ACAD_REACTORS
330
A1C
102
}
330
A1C
100
AcDbDimAssoc
330
A1B
 90
        1
 70
     0
 71
     0
  1
AcDbOsnapPointRef
 72
    13
331
899
 73
     2
 91
        1
 40
0.0
 10
1762.13746087252
 20
1090.922020150314
 30
0.0
 75
     0
  0
DIMASSOC
  5
A20
102
{ACAD_REACTORS
330
A1F
102
}
330
A1F
100
AcDbDimAssoc
330
A1E
 90
        2
 70
     0
 71
     0
  1
AcDbOsnapPointRef
 72
     1
331
819
 73
     2
 91
        0
 40
1.0
 10
1755.937471153803
 20
1095.0220196914
 30
0.0
 75
     0
  0
DIMASSOC
  5
A23
102
{ACAD_REACTORS
330
A22
102
}
330
A22
100
AcDbDimAssoc
330
A21
 90
        3
 70
     0
 71
     0
  1
AcDbOsnapPointRef
 72
     1
331
819
 73
     2
 91
        0
 40
1.0
 10
0.0
 20
0.0
 30
2.000000000000000E+50
 75
     0
  1
AcDbOsnapPointRef
 72
    13
331
82C
 73
     2
 91
        0
 40
0.0
 10
0.0
 20
0.0
 30
2.000000000000000E+50
 75
     0
  0
DIMASSOC
  5
A26
102
{ACAD_REACTORS
330
A25
102
}
330
A25
100
AcDbDimAssoc
330
A24
 90
        2
 70
     0
 71
     0
  1
AcDbOsnapPointRef
 72
    13
331
827
 73
     2
 91
        0
 40
0.0
 10
1752.586062290046
 20
1105.6220196914
 30
0.0
 75
     0
  0
DIMASSOC
  5
A29
102
{ACAD_REACTORS
330
A28
102
}
330
A28
100
AcDbDimAssoc
330
A27
 90
        2
 70
     0
 71
     0
  1
AcDbOsnapPointRef
 72
     1
331
821
 73
     2
 91
        0
 40
1.0
 10
1738.337471153803
 20
1105.6220196914
 30
0.0
 75
     0
  0
DIMASSOC
  5
A2C
102
{ACAD_REACTORS
330
A2B
102
}
330
A2B
100
AcDbDimAssoc
330
A2A
 90
        3
 70
     0
 71
     0
  1
AcDbOsnapPointRef
 72
     1
331
821
 73
     2
 91
        0
 40
1.0
 10
1738.337471153803
 20
1105.6220196914
 30
0.0
 75
     0
  1
AcDbOsnapPointRef
 72
    13
331
81B
 73
     2
 91
        0
 40
0.0
 10
1738.337471153803
 20
1101.922019691401
 30
0.0
 75
     0
  0
DIMASSOC
  5
A2F
102
{ACAD_REACTORS
330
A2E
102
}
330
A2E
100
AcDbDimAssoc
330
A2D
 90
        2
 70
     0
 71
     0
  1
AcDbOsnapPointRef
 72
     8
331
869
 73
     2
 91
        0
 40
1.0
 10
1730.937471153804
 20
1101.922019691401
 30
0.0
 75
     1
  1
AcDbOsnapPointRef
 72
     0
 40
0.0
 10
1730.937471153804
 20
1101.922019691401
 30
0.0
 75
     0
  0
DIMASSOC
  5
A32
102
{ACAD_REACTORS
330
A31
102
}
330
A31
100
AcDbDimAssoc
330
A30
 90
        3
 70
     0
 71
     0
  1
AcDbOsnapPointRef
 72
     1
331
869
 73
     2
 91
        0
 40
1.0
 10
1730.937471153804
 20
1101.922019691401
 30
0.0
 75
     0
  1
AcDbOsnapPointRef
 72
     2
331
869
 73
     2
 91
        0
 40
0.5
 10
1730.937471153804
 20
1105.5720196914
 30
0.0
 75
     0
  0
DIMASSOC
  5
A35
102
{ACAD_REACTORS
330
A34
102
}
330
A34
100
AcDbDimAssoc
330
A33
 90
        3
 70
     0
 71
     0
  1
AcDbOsnapPointRef
 72
    13
331
A05
 73
     2
 91
        0
 40
0.0
 10
1716.437471153802
 20
1098.122019691393
 30
0.0
 75
     0
  1
AcDbOsnapPointRef
 72
    13
331
966
 73
     2
 91
        0
 40
0.0
 10
1716.237471153802
 20
1109.0220196914
 30
0.0
 75
     0
  0
DIMASSOC
  5
A39
102
{ACAD_REACTORS
330
A38
102
}
330
A38
100
AcDbDimAssoc
330
A37
 90
        3
 70
     0
 71
     0
  1
AcDbOsnapPointRef
 72
     1
331
966
 73
     2
 91
        0
 40
1.0
 10
1702.037460872517
 20
1109.0220196914
 30
0.0
 75
     0
  1
AcDbOsnapPointRef
 72
     8
331
A07
 73
     2
 91
        0
 40
0.9863013795100066
 10
1702.037460872517
 20
1117.0220196914
 30
0.0
 75
     1
  1
AcDbOsnapPointRef
 72
     1
331
966
 73
     2
 91
        0
 40
1.0
 10
1702.037460872517
 20
1109.0220196914
 30
0.0
 75
     0
  0
DIMASSOC
  5
A3C
102
{ACAD_REACTORS
330
A3B
102
}
330
A3B
100
AcDbDimAssoc
330
A3A
 90
        3
 70
     0
 71
     0
  1
AcDbOsnapPointRef
 72
     1
331
898
 73
     2
 91
        1
 40
1.0
 10
1678.837460872524
 20
1112.922551396164
 30
0.0
 75
     0
  1
AcDbOsnapPointRef
 72
    13
331
898
 73
     2
 91
        1
 40
0.0
 10
1680.337460872524
 20
1112.921675886475
 30
0.0
 75
     0
  0
DIMASSOC
  5
A3F
102
{ACAD_REACTORS
330
A3E
102
}
330
A3E
100
AcDbDimAssoc
330
A3D
 90
        2
 70
     0
 71
     0
  1
AcDbOsnapPointRef
 72
    13
331
9C7
 73
     2
 91
        0
 40
0.0
 10
1678.837460872524
 20
1105.722020150312
 30
0.0
 75
     0
  0
DIMASSOC
  5
A42
102
{ACAD_REACTORS
330
A41
102
}
330
A41
100
AcDbDimAssoc
330
A40
 90
        3
 70
     0
 71
     0
  1
AcDbOsnapPointRef
 72
     1
331
9AB
 73
     2
 91
        0
 40
1.0
 10
1681.237471158401
 20
1104.863677235625
 30
0.0
 75
     0
  1
AcDbOsnapPointRef
 72
     1
331
925
 73
     2
 91
        1
 40
1.0
 10
1687.629610874371
 20
1104.863677235625
 30
0.0
 75
     0
  0
DIMASSOC
  5
A45
102
{ACAD_REACTORS
330
A44
102
}
330
A44
100
AcDbDimAssoc
330
A43
 90
        3
 70
     0
 71
     0
  1
AcDbOsnapPointRef
 72
    13
331
926
 73
     2
 91
        1
 40
0.0
 10
1691.445331437396
 20
1104.863677235625
 30
0.0
 75
     0
  1
AcDbOsnapPointRef
 72
     8
331
9CB
 73
     2
 91
        0
 40
0.0134764335149991
 10
1697.82315720608
 20
1104.949632784216
 30
0.0
 75
     1
  1
AcDbOsnapPointRef
 72
    13
331
926
 73
     2
 91
        1
 40
0.0
 10
1691.445331437396
 20
1104.863677235625
 30
0.0
 75
     0
  0
DIMASSOC
  5
A48
102
{ACAD_REACTORS
330
A47
102
}
330
A47
100
AcDbDimAssoc
330
A46
 90
        3
 70
     0
 71
     0
  1
AcDbOsnapPointRef
 72
     1
331
9AC
 73
     2
 91
        0
 40
0.9999999999999998
 10
1697.837471153366
 20
1104.863677235625
 30
0.0
 75
     0
  1
AcDbOsnapPointRef
 72
     1
331
926
 73
     2
 91
        2
 40
1.0
 10
1697.837471153366
 20
1105.7220196914
 30
0.0
 75
     0
  0
XRECORD
  5
D0C
102
{ACAD_REACTORS
330
A7A
102
}
330
A7A
100
AcDbXrecord
280
     1
 40
15585.0
  1
\pxi-3,l4,t4;+3.75
  0
DIMASSOC
  5
A94
102
{ACAD_REACTORS
330
A93
102
}
330
A93
100
AcDbDimAssoc
330
A92
 90
        2
 70
     0
 71
     0
  1
AcDbOsnapPointRef
 72
     1
331
A0B
 73
     2
 91
        0
 40
1.0
 10
23.60392679136855
 20
120.5242149714756
 30
0.0
 75
     0
  0
DIMASSOC
  5
AE2
102
{ACAD_REACTORS
330
AE1
102
}
330
AE1
100
AcDbDimAssoc
330
AE0
 90
        2
 70
     0
 71
     0
  1
AcDbOsnapPointRef
 72
     8
331
8AC
 73
     2
 91
        0
 40
0.2078674652809171
 10
53.82604926101354
 20
119.0275695849714
 30
0.0
 75
     1
  1
AcDbOsnapPointRef
 72
     0
 40
0.0
 10
53.82604926101354
 20
119.0275695849714
 30
0.0
 75
     0
  0
DIMASSOC
  5
AE6
102
{ACAD_REACTORS
330
AE5
102
}
330
AE5
100
AcDbDimAssoc
330
AE4
 90
        2
 70
     0
 71
     0
  1
AcDbOsnapPointRef
 72
     8
331
8A2
 73
     2
 91
        0
 40
0.9999999999997937
 10
53.82604926101263
 20
120.4242149714912
 30
0.0
 75
     1
  1
AcDbOsnapPointRef
 72
     0
 40
0.0
 10
53.82604926101263
 20
120.4242149714912
 30
0.0
 75
     0
  0
DIMASSOC
  5
AE9
102
{ACAD_REACTORS
330
AE8
102
}
330
AE8
100
AcDbDimAssoc
330
AE7
 90
        1
 70
     0
 71
     0
  1
AcDbOsnapPointRef
 72
     1
331
8A2
 73
     2
 91
        0
 40
1.0
 10
53.82604926101412
 20
120.4242149714912
 30
0.0
 75
     0
  0
DIMASSOC
  5
AEC
102
{ACAD_REACTORS
330
AEB
102
}
330
AEB
100
AcDbDimAssoc
330
AEA
 90
        3
 70
     0
 71
     0
  1
AcDbOsnapPointRef
 72
    11
331
8A5
 73
     2
 91
        0
 40
0.5034482758623854
 10
53.82604926101403
 20
123.8242149714747
 30
0.0
332
89B
 74
     2
 92
        0
 75
     0
  1
AcDbOsnapPointRef
 72
     1
331
ADF
 73
     2
 91
        0
 40
1.0
 10
53.82605954229152
 20
112.9242149714748
 30
0.0
 75
     0
  0
DIMASSOC
  5
AF1
102
{ACAD_REACTORS
330
AF0
102
}
330
AF0
100
AcDbDimAssoc
330
AEF
 90
        3
 70
     0
 71
     0
  1
AcDbOsnapPointRef
 72
     8
331
89D
 73
     2
 91
        0
 40
0.5904798266893934
 10
49.57604933520713
 20
130.4248618946803
 30
0.0
 75
     1
  1
AcDbOsnapPointRef
 72
     0
 40
0.0
 10
49.57604933520713
 20
130.4248618946803
 30
0.0
 75
     0
  1
AcDbOsnapPointRef
 72
    13
331
A6E
 73
     2
 91
        0
 40
0.0
 10
49.57604933520811
 20
126.2918078813884
 30
0.0
 75
     0
  0
DIMASSOC
  5
AF4
102
{ACAD_REACTORS
330
AF3
102
}
330
AF3
100
AcDbDimAssoc
330
AF2
 90
        2
 70
     0
 71
     0
  1
AcDbOsnapPointRef
 72
     1
331
A6E
 73
     2
 91
        0
 40
1.0
 10
52.22604933520845
 20
126.2918078813888
 30
0.0
 75
     0
  0
ACDBDETAILVIEWSTYLE
  5
6B
102
{ACAD_XDICTIONARY
360
D10
102
}
102
{ACAD_REACTORS
330
6A
102
}
330
6A
100
AcDbModelDocViewStyle
 70
     0
  3
Metric50
290
     0
100
AcDbDetailViewStyle
 70
     0
 71
     0
 90
        3
 71
     1
340
55
 62
   256
 40
5.0
340
0
 62
   256
 40
5.0
300

 40
0.36
280
     1
 71
     2
340
5D
 90
       25
 62
   256
 71
     3
340
55
 62
   256
 40
5.0
 90
        0
 40
15.0
 90
        1
300
%<\AcVar ViewDetailId>% (%<\AcVar ViewScale \f "%sn">%)
 71
     4
340
5D
 90
       25
 62
   256
340
5D
 90
       25
 62
   256
280
     0
  0
LAYOUT
  5
73
102
{ACAD_REACTORS
330
62
102
}
330
62
100
AcDbPlotSettings
  1

  2
XP-240 Series(Network)
  4

  6

 40
0.0
 41
0.0
 42
0.0
 43
0.0
 44
0.0
 45
0.0
 46
0.0
 47
0.0
 48
0.0
 49
0.0
140
0.0
141
0.0
142
1.0
143
1.0
 70
  1712
 72
     0
 73
     0
 74
     0
  7

 75
     0
147
1.0
 76
     0
 77
     2
 78
   300
148
0.0
149
0.0
100
AcDbLayout
  1
Model
 70
     1
 71
     0
 10
0.0
 20
0.0
 11
12.0
 21
9.0
 12
0.0
 22
0.0
 32
0.0
 14
0.0
 24
0.0
 34
0.0
 15
0.0
 25
0.0
 35
0.0
146
0.0
 13
0.0
 23
0.0
 33
0.0
 16
1.0
 26
0.0
 36
0.0
 17
0.0
 27
1.0
 37
0.0
 76
     0
330
70
331
57
  0
LAYOUT
  5
6F
102
{ACAD_REACTORS
330
62
102
}
330
62
100
AcDbPlotSettings
  1

  2
XP-240 Series(Network)
  4

  6

 40
0.0
 41
0.0
 42
0.0
 43
0.0
 44
0.0
 45
0.0
 46
0.0
 47
0.0
 48
0.0
 49
0.0
140
0.0
141
0.0
142
1.0
143
1.0
 70
   688
 72
     0
 73
     0
 74
     5
  7

 75
    16
147
1.0
 76
     0
 77
     2
 78
   300
148
0.0
149
0.0
100
AcDbLayout
  1
Presentación1
 70
     1
 71
     1
 10
0.0
 20
0.0
 11
420.0
 21
297.0
 12
0.0
 22
0.0
 32
0.0
 14
1.000000000000000E+20
 24
1.000000000000000E+20
 34
1.000000000000000E+20
 15
-1.000000000000000E+20
 25
-1.000000000000000E+20
 35
-1.000000000000000E+20
146
0.0
 13
0.0
 23
0.0
 33
0.0
 16
1.0
 26
0.0
 36
0.0
 17
0.0
 27
1.0
 37
0.0
 76
     0
330
6C
  0
LAYOUT
  5
77
102
{ACAD_REACTORS
330
62
102
}
330
62
100
AcDbPlotSettings
  1

  2
XP-240 Series(Network)
  4

  6

 40
0.0
 41
0.0
 42
0.0
 43
0.0
 44
0.0
 45
0.0
 46
0.0
 47
0.0
 48
0.0
 49
0.0
140
0.0
141
0.0
142
1.0
143
1.0
 70
   688
 72
     0
 73
     0
 74
     5
  7

 75
    16
147
1.0
 76
     0
 77
     2
 78
   300
148
0.0
149
0.0
100
AcDbLayout
  1
Presentación2
 70
     1
 71
     2
 10
0.0
 20
0.0
 11
12.0
 21
9.0
 12
0.0
 22
0.0
 32
0.0
 14
0.0
 24
0.0
 34
0.0
 15
0.0
 25
0.0
 35
0.0
146
0.0
 13
0.0
 23
0.0
 33
0.0
 16
1.0
 26
0.0
 36
0.0
 17
0.0
 27
1.0
 37
0.0
 76
     0
330
74
  0
MATERIAL
  5
19
102
{ACAD_XDICTIONARY
360
1A
102
}
102
{ACAD_REACTORS
330
10
102
}
330
10
100
AcDbMaterial
  1
ByBlock
 72
     0
 43
0.0208333333333333
 43
0.0
 43
0.0
 43
0.0
 43
0.0
 43
0.0208333333333333
 43
0.0
 43
0.0
 43
0.0
 43
0.0
 43
1.0
 43
0.0
 43
0.0
 43
0.0
 43
0.0
 43
1.0
 77
     0
 47
0.0208333333333333
 47
0.0
 47
0.0
 47
0.0
 47
0.0
 47
0.0208333333333333
 47
0.0
 47
0.0
 47
0.0
 47
0.0
 47
1.0
 47
0.0
 47
0.0
 47
0.0
 47
0.0
 47
1.0
171
     0
 49
0.0208333333333333
 49
0.0
 49
0.0
 49
0.0
 49
0.0
 49
0.0208333333333333
 49
0.0
 49
0.0
 49
0.0
 49
0.0
 49
1.0
 49
0.0
 49
0.0
 49
0.0
 49
0.0
 49
1.0
175
     0
142
0.0208333333333333
142
0.0
142
0.0
142
0.0
142
0.0
142
0.0208333333333333
142
0.0
142
0.0
142
0.0
142
0.0
142
1.0
142
0.0
142
0.0
142
0.0
142
0.0
142
1.0
179
     0
144
0.0208333333333333
144
0.0
144
0.0
144
0.0
144
0.0
144
0.0208333333333333
144
0.0
144
0.0
144
0.0
144
0.0
144
1.0
144
0.0
144
0.0
144
0.0
144
0.0
144
1.0
147
0.0208333333333333
147
0.0
147
0.0
147
0.0
147
0.0
147
0.0208333333333333
147
0.0
147
0.0
147
0.0
147
0.0
147
1.0
147
0.0
147
0.0
147
0.0
147
0.0
147
1.0
  0
MATERIAL
  5
11
102
{ACAD_XDICTIONARY
360
12
102
}
102
{ACAD_REACTORS
330
10
102
}
330
10
100
AcDbMaterial
  1
ByLayer
 72
     0
 43
0.0208333333333333
 43
0.0
 43
0.0
 43
0.0
 43
0.0
 43
0.0208333333333333
 43
0.0
 43
0.0
 43
0.0
 43
0.0
 43
1.0
 43
0.0
 43
0.0
 43
0.0
 43
0.0
 43
1.0
 77
     0
 47
0.0208333333333333
 47
0.0
 47
0.0
 47
0.0
 47
0.0
 47
0.0208333333333333
 47
0.0
 47
0.0
 47
0.0
 47
0.0
 47
1.0
 47
0.0
 47
0.0
 47
0.0
 47
0.0
 47
1.0
171
     0
 49
0.0208333333333333
 49
0.0
 49
0.0
 49
0.0
 49
0.0
 49
0.0208333333333333
 49
0.0
 49
0.0
 49
0.0
 49
0.0
 49
1.0
 49
0.0
 49
0.0
 49
0.0
 49
0.0
 49
1.0
175
     0
142
0.0208333333333333
142
0.0
142
0.0
142
0.0
142
0.0
142
0.0208333333333333
142
0.0
142
0.0
142
0.0
142
0.0
142
1.0
142
0.0
142
0.0
142
0.0
142
0.0
142
1.0
179
     0
144
0.0208333333333333
144
0.0
144
0.0
144
0.0
144
0.0
144
0.0208333333333333
144
0.0
144
0.0
144
0.0
144
0.0
144
1.0
144
0.0
144
0.0
144
0.0
144
0.0
144
1.0
147
0.0208333333333333
147
0.0
147
0.0
147
0.0
147
0.0
147
0.0208333333333333
147
0.0
147
0.0
147
0.0
147
0.0
147
1.0
147
0.0
147
0.0
147
0.0
147
0.0
147
1.0
  0
MATERIAL
  5
21
102
{ACAD_XDICTIONARY
360
22
102
}
102
{ACAD_REACTORS
330
10
102
}
330
10
100
AcDbMaterial
  1
Global
 72
     0
 43
0.0208333333333333
 43
0.0
 43
0.0
 43
0.0
 43
0.0
 43
0.0208333333333333
 43
0.0
 43
0.0
 43
0.0
 43
0.0
 43
1.0
 43
0.0
 43
0.0
 43
0.0
 43
0.0
 43
1.0
 77
     0
 47
0.0208333333333333
 47
0.0
 47
0.0
 47
0.0
 47
0.0
 47
0.0208333333333333
 47
0.0
 47
0.0
 47
0.0
 47
0.0
 47
1.0
 47
0.0
 47
0.0
 47
0.0
 47
0.0
 47
1.0
171
     0
 49
0.0208333333333333
 49
0.0
 49
0.0
 49
0.0
 49
0.0
 49
0.0208333333333333
 49
0.0
 49
0.0
 49
0.0
 49
0.0
 49
1.0
 49
0.0
 49
0.0
 49
0.0
 49
0.0
 49
1.0
175
     0
142
0.0208333333333333
142
0.0
142
0.0
142
0.0
142
0.0
142
0.0208333333333333
142
0.0
142
0.0
142
0.0
142
0.0
142
1.0
142
0.0
142
0.0
142
0.0
142
0.0
142
1.0
179
     0
144
0.0208333333333333
144
0.0
144
0.0
144
0.0
144
0.0
144
0.0208333333333333
144
0.0
144
0.0
144
0.0
144
0.0
144
1.0
144
0.0
144
0.0
144
0.0
144
0.0
144
1.0
147
0.0208333333333333
147
0.0
147
0.0
147
0.0
147
0.0
147
0.0208333333333333
147
0.0
147
0.0
147
0.0
147
0.0
147
1.0
147
0.0
147
0.0
147
0.0
147
0.0
147
1.0
  0
MLEADERSTYLE
  5
67
102
{ACAD_REACTORS
330
66
102
}
330
66
100
AcDbMLeaderStyle
179
     2
170
     2
171
     1
172
     0
 90
        2
 40
0.0
 41
0.0
173
     1
 91
-1056964608
340
5B
 92
       -2
290
     1
 42
0.09
291
     1
 43
0.36
  3
Standard
 44
0.18
300

342
55
174
     1
178
     6
175
     1
176
     0
 93
-1056964608
 45
0.18
292
     0
297
     0
 46
0.18
 94
-1056964608
 47
1.0
 49
1.0
140
1.0
293
     1
141
0.0
294
     1
177
     0
142
1.0
295
     0
296
     0
143
0.125
271
     0
272
     9
273
     9
298
     1
  0
MLINESTYLE
  5
60
102
{ACAD_REACTORS
330
5F
102
}
330
5F
100
AcDbMlineStyle
  2
STANDARD
 70
     0
  3

 62
   256
 51
90.0
 52
90.0
 71
     2
 49
0.5
 62
   256
  6
BYLAYER
 49
-0.5
 62
   256
  6
BYLAYER
  0
ACDBPLACEHOLDER
  5
F
102
{ACAD_REACTORS
330
E
102
}
330
E
  0
SCALE
  5
43
102
{ACAD_REACTORS
330
42
102
}
330
42
100
AcDbScale
 70
     0
300
1:1
140
1.0
141
1.0
290
     1
  0
SCALE
  5
44
102
{ACAD_REACTORS
330
42
102
}
330
42
100
AcDbScale
 70
     0
300
1:2
140
1.0
141
2.0
290
     0
  0
SCALE
  5
45
102
{ACAD_REACTORS
330
42
102
}
330
42
100
AcDbScale
 70
     0
300
1:4
140
1.0
141
4.0
290
     0
  0
SCALE
  5
46
102
{ACAD_REACTORS
330
42
102
}
330
42
100
AcDbScale
 70
     0
300
1:5
140
1.0
141
5.0
290
     0
  0
SCALE
  5
47
102
{ACAD_REACTORS
330
42
102
}
330
42
100
AcDbScale
 70
     0
300
1:8
140
1.0
141
8.0
290
     0
  0
SCALE
  5
48
102
{ACAD_REACTORS
330
42
102
}
330
42
100
AcDbScale
 70
     0
300
1:10
140
1.0
141
10.0
290
     0
  0
SCALE
  5
49
102
{ACAD_REACTORS
330
42
102
}
330
42
100
AcDbScale
 70
     0
300
1:16
140
1.0
141
16.0
290
     0
  0
SCALE
  5
4A
102
{ACAD_REACTORS
330
42
102
}
330
42
100
AcDbScale
 70
     0
300
1:20
140
1.0
141
20.0
290
     0
  0
SCALE
  5
4B
102
{ACAD_REACTORS
330
42
102
}
330
42
100
AcDbScale
 70
     0
300
1:30
140
1.0
141
30.0
290
     0
  0
SCALE
  5
4C
102
{ACAD_REACTORS
330
42
102
}
330
42
100
AcDbScale
 70
     0
300
1:40
140
1.0
141
40.0
290
     0
  0
SCALE
  5
4D
102
{ACAD_REACTORS
330
42
102
}
330
42
100
AcDbScale
 70
     0
300
1:50
140
1.0
141
50.0
290
     0
  0
SCALE
  5
4E
102
{ACAD_REACTORS
330
42
102
}
330
42
100
AcDbScale
 70
     0
300
1:100
140
1.0
141
100.0
290
     0
  0
SCALE
  5
4F
102
{ACAD_REACTORS
330
42
102
}
330
42
100
AcDbScale
 70
     0
300
2:1
140
2.0
141
1.0
290
     0
  0
SCALE
  5
50
102
{ACAD_REACTORS
330
42
102
}
330
42
100
AcDbScale
 70
     0
300
4:1
140
4.0
141
1.0
290
     0
  0
SCALE
  5
51
102
{ACAD_REACTORS
330
42
102
}
330
42
100
AcDbScale
 70
     0
300
8:1
140
8.0
141
1.0
290
     0
  0
SCALE
  5
52
102
{ACAD_REACTORS
330
42
102
}
330
42
100
AcDbScale
 70
     0
300
10:1
140
10.0
141
1.0
290
     0
  0
SCALE
  5
53
102
{ACAD_REACTORS
330
42
102
}
330
42
100
AcDbScale
 70
     0
300
100:1
140
100.0
141
1.0
290
     0
  0
ACDBSECTIONVIEWSTYLE
  5
69
102
{ACAD_XDICTIONARY
360
D0E
102
}
102
{ACAD_REACTORS
330
68
102
}
330
68
100
AcDbModelDocViewStyle
 70
     0
  3
Metric50
290
     0
100
AcDbSectionViewStyle
 70
     0
 71
     0
 90
      102
 71
     1
340
55
 62
   256
 40
5.0
340
0
340
0
 62
   256
 40
5.0
300
I, O, Q, S, X, Z
 40
10.0
 90
        0
 40
2.5
 90
        0
 71
     2
340
5D
 90
       25
 62
   256
340
5D
 90
       50
 62
   256
 40
5.0
 40
2.5
 40
5.0
 71
     3
340
55
 62
   256
 40
5.0
 90
        0
 40
15.0
 90
        1
300
%<\AcVar ViewSectionStartId>%-%<\AcVar ViewSectionEndId>% (%<\AcVar ViewScale \f "%sn">%)
 71
     4
 62
   256
 62
   257
300
ANSI31
 40
1.0
 90
        0
290
     0
290
     0
 90
        6
 40
0.0
 40
1.570796326794896
 40
0.2617993877991494
 40
1.308996938995747
 40
-0.2617993877991494
 40
1.832595714594046
  0
TABLESTYLE
  5
65
102
{ACAD_XDICTIONARY
360
D05
102
}
102
{ACAD_REACTORS
330
64
102
}
330
64
100
AcDbTableStyle
280
     0
  3
Standard
 70
     0
 71
     0
 40
1.5
 41
1.5
280
     0
281
     0
  7
Standard
140
4.5
170
     2
 62
     0
 63
     7
283
     0
 90
      512
 91
        0
  1

274
    -2
284
     1
 64
     0
275
    -2
285
     1
 65
     0
276
    -2
286
     1
 66
     0
277
    -2
287
     1
 67
     0
278
    -2
288
     1
 68
     0
279
    -2
289
     1
 69
     0
  7
Standard
140
6.0
170
     5
 62
     0
 63
     7
283
     0
 90
      512
 91
        0
  1

274
    -2
284
     1
 64
     0
275
    -2
285
     1
 65
     0
276
    -2
286
     1
 66
     0
277
    -2
287
     1
 67
     0
278
    -2
288
     1
 68
     0
279
    -2
289
     1
 69
     0
  7
Standard
140
4.5
170
     5
 62
     0
 63
     7
283
     0
 90
      512
 91
        0
  1

274
    -2
284
     1
 64
     0
275
    -2
285
     1
 65
     0
276
    -2
286
     1
 66
     0
277
    -2
287
     1
 67
     0
278
    -2
288
     1
 68
     0
279
    -2
289
     1
 69
     0
  0
VISUALSTYLE
  5
2F
102
{ACAD_REACTORS
330
29
102
}
330
29
100
AcDbVisualStyle
  2
2dWireframe
 70
     4
177
     3
291
     0
 70
    58
 90
        0
176
     1
 90
        2
176
     1
 90
        0
176
     1
 90
        0
176
     1
 40
0.6
176
     1
 40
30.0
176
     1
 62
     7
420
 16777215
176
     1
 90
        1
176
     1
 90
        4
176
     1
 62
     7
176
     1
 62
   257
176
     1
 90
        1
176
     1
 90
        1
176
     1
 40
1.0
176
     1
 90
        0
176
     1
 62
   257
176
     1
 40
1.0
176
     1
 90
        1
176
     1
 90
        6
176
     1
 90
        2
176
     1
 62
     7
176
     1
 90
        5
176
     1
 90
        0
176
     1
 90
        0
176
     1
290
     0
176
     1
 90
        1
176
     1
 40
0.0
176
     1
 90
        0
176
     1
290
     1
176
     1
290
     1
176
     1
290
     0
176
     1
290
     0
176
     1
290
     0
176
     1
290
     0
176
     1
290
     0
176
     1
290
     0
176
     1
290
     0
176
     1
 90
       50
176
     1
 40
0.0
176
     1
 40
1.0
176
     1
 90
        0
176
     1
 62
    18
420
        0
176
     1
 90
       50
176
     1
 90
        3
176
     1
 62
     5
420
      255
176
     1
290
     0
176
     1
 90
       50
176
     1
 90
       50
176
     1
 90
       50
176
     1
290
     0
176
     1
 90
       50
176
     1
 62
   256
176
     0
 40
1.0
176
     0
 90
        2
176
     1
  1
strokes_ogs.tif
176
     1
290
     0
176
     1
 40
1.0
176
     1
 40
1.0
176
     1
1001
ACAD
1000
AcDbSavedByObjectVersion
1070
     0
  0
VISUALSTYLE
  5
2E
102
{ACAD_REACTORS
330
29
102
}
330
29
100
AcDbVisualStyle
  2
Basic
 70
     7
177
     3
291
     1
 70
    58
 90
        1
176
     1
 90
        0
176
     1
 90
        1
176
     1
 90
        0
176
     1
 40
0.6
176
     1
 40
30.0
176
     1
 62
     7
420
 16777215
176
     1
 90
        0
176
     1
 90
        4
176
     1
 62
     7
176
     1
 62
   257
176
     1
 90
        1
176
     1
 90
        1
176
     1
 40
1.0
176
     1
 90
        8
176
     1
 62
     7
176
     1
 40
1.0
176
     1
 90
        1
176
     1
 90
        6
176
     1
 90
        2
176
     1
 62
     7
176
     1
 90
        5
176
     1
 90
        0
176
     1
 90
        0
176
     1
290
     0
176
     1
 90
        1
176
     1
 40
0.0
176
     1
 90
        0
176
     1
290
     0
176
     1
290
     1
176
     1
290
     1
176
     1
290
     0
176
     1
290
     0
176
     1
290
     0
176
     1
290
     0
176
     1
290
     0
176
     1
290
     0
176
     1
 90
       50
176
     1
 40
0.0
176
     1
 40
1.0
176
     1
 90
        0
176
     1
 62
    18
420
        0
176
     1
 90
       50
176
     1
 90
        3
176
     1
 62
     5
420
      255
176
     1
290
     0
176
     1
 90
       50
176
     1
 90
       50
176
     1
 90
       50
176
     1
290
     0
176
     1
 90
       50
176
     1
 62
   256
176
     0
 40
1.0
176
     0
 90
        2
176
     1
  1
strokes_ogs.tif
176
     1
290
     0
176
     1
 40
1.0
176
     1
 40
1.0
176
     1
1001
ACAD
1000
AcDbSavedByObjectVersion
1070
     0
  0
VISUALSTYLE
  5
35
102
{ACAD_REACTORS
330
29
102
}
330
29
100
AcDbVisualStyle
  2
Brighten
 70
    12
177
     3
291
     1
 70
    58
 90
        2
176
     1
 90
        2
176
     1
 90
        0
176
     1
 90
        0
176
     1
 40
0.6
176
     1
 40
30.0
176
     1
 62
     7
420
 16777215
176
     1
 90
        1
176
     1
 90
        4
176
     1
 62
     7
176
     1
 62
   257
176
     1
 90
        1
176
     1
 90
        1
176
     1
 40
1.0
176
     1
 90
        8
176
     1
 62
     7
176
     1
 40
1.0
176
     1
 90
        1
176
     1
 90
        6
176
     1
 90
        2
176
     1
 62
     7
176
     1
 90
        5
176
     1
 90
        0
176
     1
 90
        0
176
     1
290
     0
176
     1
 90
        1
176
     1
 40
50.0
176
     1
 90
        0
176
     1
290
     0
176
     1
290
     1
176
     1
290
     1
176
     1
290
     0
176
     1
290
     0
176
     1
290
     0
176
     1
290
     0
176
     1
290
     0
176
     1
290
     0
176
     1
 90
       50
176
     1
 40
0.0
176
     1
 40
1.0
176
     1
 90
        0
176
     1
 62
    18
420
        0
176
     1
 90
       50
176
     1
 90
        3
176
     1
 62
     5
420
      255
176
     1
290
     0
176
     1
 90
       50
176
     1
 90
       50
176
     1
 90
       50
176
     1
290
     0
176
     1
 90
       50
176
     1
 62
   256
176
     0
 40
1.0
176
     0
 90
        2
176
     1
  1
strokes_ogs.tif
176
     1
290
     0
176
     1
 40
1.0
176
     1
 40
1.0
176
     1
1001
ACAD
1000
AcDbSavedByObjectVersion
1070
     0
  0
VISUALSTYLE
  5
39
102
{ACAD_REACTORS
330
29
102
}
330
29
100
AcDbVisualStyle
  2
ColorChange
 70
    16
177
     3
291
     1
 70
    58
 90
        2
176
     1
 90
        2
176
     1
 90
        3
176
     1
 90
        0
176
     1
 40
0.6
176
     1
 40
30.0
176
     1
 62
     8
420
  8421504
176
     1
 90
        1
176
     1
 90
        4
176
     1
 62
     7
176
     1
 62
   257
176
     1
 90
        1
176
     1
 90
        1
176
     1
 40
1.0
176
     1
 90
        8
176
     1
 62
     8
420
  8421504
176
     1
 40
1.0
176
     1
 90
        1
176
     1
 90
        6
176
     1
 90
        2
176
     1
 62
     7
176
     1
 90
        5
176
     1
 90
        0
176
     1
 90
        0
176
     1
290
     0
176
     1
 90
        1
176
     1
 40
0.0
176
     1
 90
        0
176
     1
290
     0
176
     1
290
     1
176
     1
290
     1
176
     1
290
     0
176
     1
290
     0
176
     1
290
     0
176
     1
290
     0
176
     1
290
     0
176
     1
290
     0
176
     1
 90
       50
176
     1
 40
0.0
176
     1
 40
1.0
176
     1
 90
        0
176
     1
 62
    18
420
        0
176
     1
 90
       50
176
     1
 90
        3
176
     1
 62
     5
420
      255
176
     1
290
     0
176
     1
 90
       50
176
     1
 90
       50
176
     1
 90
       50
176
     1
290
     0
176
     1
 90
       50
176
     1
 62
   256
176
     0
 40
1.0
176
     0
 90
        2
176
     1
  1
strokes_ogs.tif
176
     1
290
     0
176
     1
 40
1.0
176
     1
 40
1.0
176
     1
1001
ACAD
1000
AcDbSavedByObjectVersion
1070
     0
  0
VISUALSTYLE
  5
32
102
{ACAD_REACTORS
330
29
102
}
330
29
100
AcDbVisualStyle
  2
Conceptual
 70
     9
177
     3
291
     0
 70
    58
 90
        3
176
     1
 90
        2
176
     1
 90
        0
176
     1
 90
        0
176
     1
 40
0.6
176
     1
 40
30.0
176
     1
 62
     7
420
 16777215
176
     1
 90
        2
176
     1
 90
        2
176
     1
 62
     7
176
     1
 62
   257
176
     1
 90
        1
176
     1
 90
        1
176
     1
 40
179.0
176
     1
 90
        8
176
     1
 62
     7
176
     1
 40
1.0
176
     1
 90
        1
176
     1
 90
        6
176
     1
 90
        2
176
     1
 62
     7
176
     1
 90
        3
176
     1
 90
        0
176
     1
 90
        0
176
     1
290
     0
176
     1
 90
        1
176
     1
 40
0.0
176
     1
 90
        0
176
     1
290
     0
176
     1
290
     1
176
     1
290
     1
176
     1
290
     0
176
     1
290
     0
176
     1
290
     0
176
     1
290
     0
176
     1
290
     0
176
     1
290
     0
176
     1
 90
       50
176
     1
 40
0.0
176
     1
 40
1.0
176
     1
 90
        0
176
     1
 62
    18
420
        0
176
     1
 90
       50
176
     1
 90
        3
176
     1
 62
     5
420
      255
176
     1
290
     0
176
     1
 90
       50
176
     1
 90
       50
176
     1
 90
       50
176
     1
290
     0
176
     1
 90
       50
176
     1
 62
   256
176
     0
 40
1.0
176
     0
 90
        2
176
     1
  1
strokes_ogs.tif
176
     1
290
     0
176
     1
 40
1.0
176
     1
 40
1.0
176
     1
1001
ACAD
1000
AcDbSavedByObjectVersion
1070
     0
  0
VISUALSTYLE
  5
34
102
{ACAD_REACTORS
330
29
102
}
330
29
100
AcDbVisualStyle
  2
Dim
 70
    11
177
     3
291
     1
 70
    58
 90
        2
176
     1
 90
        2
176
     1
 90
        0
176
     1
 90
        0
176
     1
 40
0.6
176
     1
 40
30.0
176
     1
 62
     7
420
 16777215
176
     1
 90
        1
176
     1
 90
        4
176
     1
 62
     7
176
     1
 62
   257
176
     1
 90
        1
176
     1
 90
        1
176
     1
 40
1.0
176
     1
 90
        8
176
     1
 62
     7
176
     1
 40
1.0
176
     1
 90
        1
176
     1
 90
        6
176
     1
 90
        2
176
     1
 62
     7
176
     1
 90
        5
176
     1
 90
        0
176
     1
 90
        0
176
     1
290
     0
176
     1
 90
        1
176
     1
 40
-50.0
176
     1
 90
        0
176
     1
290
     0
176
     1
290
     1
176
     1
290
     1
176
     1
290
     0
176
     1
290
     0
176
     1
290
     0
176
     1
290
     0
176
     1
290
     0
176
     1
290
     0
176
     1
 90
       50
176
     1
 40
0.0
176
     1
 40
1.0
176
     1
 90
        0
176
     1
 62
    18
420
        0
176
     1
 90
       50
176
     1
 90
        3
176
     1
 62
     5
420
      255
176
     1
290
     0
176
     1
 90
       50
176
     1
 90
       50
176
     1
 90
       50
176
     1
290
     0
176
     1
 90
       50
176
     1
 62
   256
176
     0
 40
1.0
176
     0
 90
        2
176
     1
  1
strokes_ogs.tif
176
     1
290
     0
176
     1
 40
1.0
176
     1
 40
1.0
176
     1
1001
ACAD
1000
AcDbSavedByObjectVersion
1070
     0
  0
VISUALSTYLE
  5
41
102
{ACAD_REACTORS
330
29
102
}
330
29
100
AcDbVisualStyle
  2
EdgeColorOff
 70
    22
177
     3
291
     1
 70
    58
 90
        2
176
     0
 90
        2
176
     0
 90
        0
176
     0
 90
        0
176
     0
 40
0.6
176
     0
 40
30.0
176
     0
 62
     7
420
 16777215
176
     0
 90
        1
176
     0
 90
        4
176
     0
 62
     7
176
     0
 62
   257
176
     0
 90
        1
176
     0
 90
        1
176
     0
 40
1.0
176
     0
 90
        8
176
     2
 62
     7
176
     0
 40
1.0
176
     0
 90
        1
176
     0
 90
        6
176
     0
 90
        2
176
     0
 62
     7
176
     0
 90
        5
176
     0
 90
        0
176
     0
 90
        0
176
     0
290
     0
176
     0
 90
        1
176
     0
 40
0.0
176
     0
 90
        0
176
     0
290
     0
176
     0
290
     1
176
     0
290
     1
176
     0
290
     0
176
     0
290
     0
176
     0
290
     0
176
     0
290
     0
176
     0
290
     0
176
     0
290
     0
176
     0
 90
       50
176
     0
 40
0.0
176
     0
 40
1.0
176
     0
 90
        0
176
     0
 62
    18
420
        0
176
     0
 90
       50
176
     0
 90
        3
176
     0
 62
     5
420
      255
176
     0
290
     0
176
     0
 90
       50
176
     0
 90
       50
176
     0
 90
       50
176
     0
290
     0
176
     0
 90
       50
176
     0
 62
   256
176
     0
 40
1.0
176
     0
 90
        2
176
     0
  1
strokes_ogs.tif
176
     0
290
     0
176
     0
 40
1.0
176
     0
 40
1.0
176
     0
1001
ACAD
1000
AcDbSavedByObjectVersion
1070
     0
  0
VISUALSTYLE
  5
38
102
{ACAD_REACTORS
330
29
102
}
330
29
100
AcDbVisualStyle
  2
Facepattern
 70
    15
177
     3
291
     1
 70
    58
 90
        2
176
     1
 90
        2
176
     1
 90
        0
176
     1
 90
        0
176
     1
 40
0.6
176
     1
 40
30.0
176
     1
 62
     7
420
 16777215
176
     1
 90
        1
176
     1
 90
        4
176
     1
 62
     7
176
     1
 62
   257
176
     1
 90
        1
176
     1
 90
        1
176
     1
 40
1.0
176
     1
 90
        8
176
     1
 62
     7
176
     1
 40
1.0
176
     1
 90
        1
176
     1
 90
        6
176
     1
 90
        2
176
     1
 62
     7
176
     1
 90
        5
176
     1
 90
        0
176
     1
 90
        0
176
     1
290
     0
176
     1
 90
        1
176
     1
 40
0.0
176
     1
 90
        0
176
     1
290
     0
176
     1
290
     1
176
     1
290
     1
176
     1
290
     0
176
     1
290
     0
176
     1
290
     0
176
     1
290
     0
176
     1
290
     0
176
     1
290
     0
176
     1
 90
       50
176
     1
 40
0.0
176
     1
 40
1.0
176
     1
 90
        0
176
     1
 62
    18
420
        0
176
     1
 90
       50
176
     1
 90
        3
176
     1
 62
     5
420
      255
176
     1
290
     0
176
     1
 90
       50
176
     1
 90
       50
176
     1
 90
       50
176
     1
290
     0
176
     1
 90
       50
176
     1
 62
   256
176
     0
 40
1.0
176
     0
 90
        2
176
     1
  1
strokes_ogs.tif
176
     1
290
     0
176
     1
 40
1.0
176
     1
 40
1.0
176
     1
1001
ACAD
1000
AcDbSavedByObjectVersion
1070
     0
  0
VISUALSTYLE
  5
2A
102
{ACAD_REACTORS
330
29
102
}
330
29
100
AcDbVisualStyle
  2
Flat
 70
     0
177
     3
291
     1
 70
    58
 90
        2
176
     1
 90
        1
176
     1
 90
        1
176
     1
 90
        2
176
     1
 40
0.6
176
     1
 40
30.0
176
     1
 62
     7
420
 16777215
176
     1
 90
        0
176
     1
 90
        0
176
     1
 62
     7
176
     1
 62
   257
176
     1
 90
        1
176
     1
 90
        1
176
     1
 40
1.0
176
     1
 90
        8
176
     1
 62
     7
176
     1
 40
1.0
176
     1
 90
        1
176
     1
 90
        6
176
     1
 90
        2
176
     1
 62
     7
176
     1
 90
        5
176
     1
 90
        0
176
     1
 90
        0
176
     1
290
     0
176
     1
 90
       13
176
     1
 40
0.0
176
     1
 90
        0
176
     1
290
     0
176
     1
290
     1
176
     1
290
     1
176
     1
290
     0
176
     1
290
     0
176
     1
290
     0
176
     1
290
     0
176
     1
290
     0
176
     1
290
     0
176
     1
 90
       50
176
     1
 40
0.0
176
     1
 40
1.0
176
     1
 90
        0
176
     1
 62
    18
420
        0
176
     1
 90
       50
176
     1
 90
        3
176
     1
 62
     5
420
      255
176
     1
290
     0
176
     1
 90
       50
176
     1
 90
       50
176
     1
 90
       50
176
     1
290
     0
176
     1
 90
       50
176
     1
 62
   256
176
     0
 40
1.0
176
     0
 90
        2
176
     1
  1
strokes_ogs.tif
176
     1
290
     0
176
     1
 40
1.0
176
     1
 40
1.0
176
     1
1001
ACAD
1000
AcDbSavedByObjectVersion
1070
     0
  0
VISUALSTYLE
  5
2B
102
{ACAD_REACTORS
330
29
102
}
330
29
100
AcDbVisualStyle
  2
FlatWithEdges
 70
     1
177
     3
291
     1
 70
    58
 90
        2
176
     1
 90
        1
176
     1
 90
        1
176
     1
 90
        2
176
     1
 40
0.6
176
     1
 40
30.0
176
     1
 62
     7
420
 16777215
176
     1
 90
        1
176
     1
 90
        0
176
     1
 62
     7
176
     1
 62
   257
176
     1
 90
        1
176
     1
 90
        1
176
     1
 40
1.0
176
     1
 90
        0
176
     1
 62
   257
176
     1
 40
1.0
176
     1
 90
        1
176
     1
 90
        6
176
     1
 90
        2
176
     1
 62
     7
176
     1
 90
        5
176
     1
 90
        0
176
     1
 90
        0
176
     1
290
     0
176
     1
 90
       13
176
     1
 40
0.0
176
     1
 90
        0
176
     1
290
     0
176
     1
290
     1
176
     1
290
     1
176
     1
290
     0
176
     1
290
     0
176
     1
290
     0
176
     1
290
     0
176
     1
290
     0
176
     1
290
     0
176
     1
 90
       50
176
     1
 40
0.0
176
     1
 40
1.0
176
     1
 90
        0
176
     1
 62
    18
420
        0
176
     1
 90
       50
176
     1
 90
        3
176
     1
 62
     5
420
      255
176
     1
290
     0
176
     1
 90
       50
176
     1
 90
       50
176
     1
 90
       50
176
     1
290
     0
176
     1
 90
       50
176
     1
 62
   256
176
     0
 40
1.0
176
     0
 90
        2
176
     1
  1
strokes_ogs.tif
176
     1
290
     0
176
     1
 40
1.0
176
     1
 40
1.0
176
     1
1001
ACAD
1000
AcDbSavedByObjectVersion
1070
     0
  0
VISUALSTYLE
  5
2C
102
{ACAD_REACTORS
330
29
102
}
330
29
100
AcDbVisualStyle
  2
Gouraud
 70
     2
177
     3
291
     1
 70
    58
 90
        2
176
     1
 90
        2
176
     1
 90
        1
176
     1
 90
        2
176
     1
 40
0.6
176
     1
 40
30.0
176
     1
 62
     7
420
 16777215
176
     1
 90
        0
176
     1
 90
        0
176
     1
 62
     7
176
     1
 62
   257
176
     1
 90
        1
176
     1
 90
        1
176
     1
 40
1.0
176
     1
 90
        0
176
     1
 62
     7
176
     1
 40
1.0
176
     1
 90
        1
176
     1
 90
        6
176
     1
 90
        2
176
     1
 62
     7
176
     1
 90
        5
176
     1
 90
        0
176
     1
 90
        0
176
     1
290
     0
176
     1
 90
       13
176
     1
 40
0.0
176
     1
 90
        0
176
     1
290
     0
176
     1
290
     1
176
     1
290
     1
176
     1
290
     0
176
     1
290
     0
176
     1
290
     0
176
     1
290
     0
176
     1
290
     0
176
     1
290
     0
176
     1
 90
       50
176
     1
 40
0.0
176
     1
 40
1.0
176
     1
 90
        0
176
     1
 62
    18
420
        0
176
     1
 90
       50
176
     1
 90
        3
176
     1
 62
     5
420
      255
176
     1
290
     0
176
     1
 90
       50
176
     1
 90
       50
176
     1
 90
       50
176
     1
290
     0
176
     1
 90
       50
176
     1
 62
   256
176
     0
 40
1.0
176
     0
 90
        2
176
     1
  1
strokes_ogs.tif
176
     1
290
     0
176
     1
 40
1.0
176
     1
 40
1.0
176
     1
1001
ACAD
1000
AcDbSavedByObjectVersion
1070
     0
  0
VISUALSTYLE
  5
2D
102
{ACAD_REACTORS
330
29
102
}
330
29
100
AcDbVisualStyle
  2
GouraudWithEdges
 70
     3
177
     3
291
     1
 70
    58
 90
        2
176
     1
 90
        2
176
     1
 90
        1
176
     1
 90
        2
176
     1
 40
0.6
176
     1
 40
30.0
176
     1
 62
     7
420
 16777215
176
     1
 90
        1
176
     1
 90
        0
176
     1
 62
     7
176
     1
 62
   257
176
     1
 90
        1
176
     1
 90
        1
176
     1
 40
1.0
176
     1
 90
        0
176
     1
 62
   257
176
     1
 40
1.0
176
     1
 90
        1
176
     1
 90
        6
176
     1
 90
        2
176
     1
 62
     7
176
     1
 90
        5
176
     1
 90
        0
176
     1
 90
        0
176
     1
290
     0
176
     1
 90
       13
176
     1
 40
0.0
176
     1
 90
        0
176
     1
290
     0
176
     1
290
     1
176
     1
290
     1
176
     1
290
     0
176
     1
290
     0
176
     1
290
     0
176
     1
290
     0
176
     1
290
     0
176
     1
290
     0
176
     1
 90
       50
176
     1
 40
0.0
176
     1
 40
1.0
176
     1
 90
        0
176
     1
 62
    18
420
        0
176
     1
 90
       50
176
     1
 90
        3
176
     1
 62
     5
420
      255
176
     1
290
     0
176
     1
 90
       50
176
     1
 90
       50
176
     1
 90
       50
176
     1
290
     0
176
     1
 90
       50
176
     1
 62
   256
176
     0
 40
1.0
176
     0
 90
        2
176
     1
  1
strokes_ogs.tif
176
     1
290
     0
176
     1
 40
1.0
176
     1
 40
1.0
176
     1
1001
ACAD
1000
AcDbSavedByObjectVersion
1070
     0
  0
VISUALSTYLE
  5
31
102
{ACAD_REACTORS
330
29
102
}
330
29
100
AcDbVisualStyle
  2
Hidden
 70
     6
177
     3
291
     0
 70
    58
 90
        1
176
     1
 90
        2
176
     1
 90
        2
176
     1
 90
        0
176
     1
 40
0.6
176
     1
 40
30.0
176
     1
 62
     7
420
 16777215
176
     1
 90
        2
176
     1
 90
        2
176
     1
 62
     7
176
     1
 62
   257
176
     1
 90
        2
176
     1
 90
        1
176
     1
 40
40.0
176
     1
 90
        0
176
     1
 62
   257
176
     1
 40
1.0
176
     1
 90
        1
176
     1
 90
        6
176
     1
 90
        2
176
     1
 62
     7
176
     1
 90
        3
176
     1
 90
        0
176
     1
 90
        0
176
     1
290
     0
176
     1
 90
        1
176
     1
 40
0.0
176
     1
 90
        0
176
     1
290
     0
176
     1
290
     1
176
     1
290
     1
176
     1
290
     0
176
     1
290
     0
176
     1
290
     0
176
     1
290
     0
176
     1
290
     0
176
     1
290
     0
176
     1
 90
       50
176
     1
 40
0.0
176
     1
 40
1.0
176
     1
 90
        0
176
     1
 62
    18
420
        0
176
     1
 90
       50
176
     1
 90
        3
176
     1
 62
     5
420
      255
176
     1
290
     0
176
     1
 90
       50
176
     1
 90
       50
176
     1
 90
       50
176
     1
290
     0
176
     1
 90
       50
176
     1
 62
   256
176
     0
 40
1.0
176
     0
 90
        2
176
     1
  1
strokes_ogs.tif
176
     1
290
     0
176
     1
 40
1.0
176
     1
 40
1.0
176
     1
1001
ACAD
1000
AcDbSavedByObjectVersion
1070
     0
  0
VISUALSTYLE
  5
3F
102
{ACAD_REACTORS
330
29
102
}
330
29
100
AcDbVisualStyle
  2
JitterOff
 70
    20
177
     3
291
     1
 70
    58
 90
        2
176
     0
 90
        2
176
     0
 90
        0
176
     0
 90
        0
176
     0
 40
0.6
176
     0
 40
30.0
176
     0
 62
     7
420
 16777215
176
     0
 90
        1
176
     0
 90
        4
176
     0
 62
     7
176
     0
 62
   257
176
     0
 90
        1
176
     0
 90
        1
176
     0
 40
1.0
176
     0
 90
       10
176
     2
 62
     7
176
     0
 40
1.0
176
     0
 90
        1
176
     0
 90
        6
176
     0
 90
        2
176
     0
 62
     7
176
     0
 90
        5
176
     0
 90
        0
176
     0
 90
        0
176
     0
290
     0
176
     0
 90
        1
176
     0
 40
0.0
176
     0
 90
        0
176
     0
290
     0
176
     0
290
     1
176
     0
290
     1
176
     0
290
     0
176
     0
290
     0
176
     0
290
     0
176
     0
290
     0
176
     0
290
     0
176
     0
290
     0
176
     0
 90
       50
176
     0
 40
0.0
176
     0
 40
1.0
176
     0
 90
        0
176
     0
 62
    18
420
        0
176
     0
 90
       50
176
     0
 90
        3
176
     0
 62
     5
420
      255
176
     0
290
     0
176
     0
 90
       50
176
     0
 90
       50
176
     0
 90
       50
176
     0
290
     0
176
     0
 90
       50
176
     0
 62
   256
176
     0
 40
1.0
176
     0
 90
        2
176
     0
  1
strokes_ogs.tif
176
     0
290
     0
176
     0
 40
1.0
176
     0
 40
1.0
176
     0
1001
ACAD
1000
AcDbSavedByObjectVersion
1070
     0
  0
VISUALSTYLE
  5
37
102
{ACAD_REACTORS
330
29
102
}
330
29
100
AcDbVisualStyle
  2
Linepattern
 70
    14
177
     3
291
     1
 70
    58
 90
        2
176
     1
 90
        2
176
     1
 90
        0
176
     1
 90
        0
176
     1
 40
0.6
176
     1
 40
30.0
176
     1
 62
     7
420
 16777215
176
     1
 90
        1
176
     1
 90
        4
176
     1
 62
     7
176
     1
 62
   257
176
     1
 90
        7
176
     1
 90
        7
176
     1
 40
1.0
176
     1
 90
        8
176
     1
 62
     7
176
     1
 40
1.0
176
     1
 90
        1
176
     1
 90
        6
176
     1
 90
        2
176
     1
 62
     7
176
     1
 90
        5
176
     1
 90
        0
176
     1
 90
        0
176
     1
290
     0
176
     1
 90
        1
176
     1
 40
0.0
176
     1
 90
        0
176
     1
290
     0
176
     1
290
     1
176
     1
290
     1
176
     1
290
     0
176
     1
290
     0
176
     1
290
     0
176
     1
290
     0
176
     1
290
     0
176
     1
290
     0
176
     1
 90
       50
176
     1
 40
0.0
176
     1
 40
1.0
176
     1
 90
        0
176
     1
 62
    18
420
        0
176
     1
 90
       50
176
     1
 90
        3
176
     1
 62
     5
420
      255
176
     1
290
     0
176
     1
 90
       50
176
     1
 90
       50
176
     1
 90
       50
176
     1
290
     0
176
     1
 90
       50
176
     1
 62
   256
176
     0
 40
1.0
176
     0
 90
        2
176
     1
  1
strokes_ogs.tif
176
     1
290
     0
176
     1
 40
1.0
176
     1
 40
1.0
176
     1
1001
ACAD
1000
AcDbSavedByObjectVersion
1070
     0
  0
VISUALSTYLE
  5
40
102
{ACAD_REACTORS
330
29
102
}
330
29
100
AcDbVisualStyle
  2
OverhangOff
 70
    21
177
     3
291
     1
 70
    58
 90
        2
176
     0
 90
        2
176
     0
 90
        0
176
     0
 90
        0
176
     0
 40
0.6
176
     0
 40
30.0
176
     0
 62
     7
420
 16777215
176
     0
 90
        1
176
     0
 90
        4
176
     0
 62
     7
176
     0
 62
   257
176
     0
 90
        1
176
     0
 90
        1
176
     0
 40
1.0
176
     0
 90
        9
176
     2
 62
     7
176
     0
 40
1.0
176
     0
 90
        1
176
     0
 90
        6
176
     0
 90
        2
176
     0
 62
     7
176
     0
 90
        5
176
     0
 90
        0
176
     0
 90
        0
176
     0
290
     0
176
     0
 90
        1
176
     0
 40
0.0
176
     0
 90
        0
176
     0
290
     0
176
     0
290
     1
176
     0
290
     1
176
     0
290
     0
176
     0
290
     0
176
     0
290
     0
176
     0
290
     0
176
     0
290
     0
176
     0
290
     0
176
     0
 90
       50
176
     0
 40
0.0
176
     0
 40
1.0
176
     0
 90
        0
176
     0
 62
    18
420
        0
176
     0
 90
       50
176
     0
 90
        3
176
     0
 62
     5
420
      255
176
     0
290
     0
176
     0
 90
       50
176
     0
 90
       50
176
     0
 90
       50
176
     0
290
     0
176
     0
 90
       50
176
     0
 62
   256
176
     0
 40
1.0
176
     0
 90
        2
176
     0
  1
strokes_ogs.tif
176
     0
290
     0
176
     0
 40
1.0
176
     0
 40
1.0
176
     0
1001
ACAD
1000
AcDbSavedByObjectVersion
1070
     0
  0
VISUALSTYLE
  5
33
102
{ACAD_REACTORS
330
29
102
}
330
29
100
AcDbVisualStyle
  2
Realistic
 70
     8
177
     3
291
     0
 70
    58
 90
        2
176
     1
 90
        3
176
     1
 90
        0
176
     1
 90
        2
176
     1
 40
0.6
176
     1
 40
30.0
176
     1
 62
     7
420
 16777215
176
     1
 90
        0
176
     1
 90
        0
176
     1
 62
     7
176
     1
 62
   257
176
     1
 90
        1
176
     1
 90
        1
176
     1
 40
1.0
176
     1
 90
        8
176
     1
 62
   257
176
     1
 40
1.0
176
     1
 90
        1
176
     1
 90
        6
176
     1
 90
        2
176
     1
 62
     7
176
     1
 90
        3
176
     1
 90
        0
176
     1
 90
        0
176
     1
290
     0
176
     1
 90
       13
176
     1
 40
0.0
176
     1
 90
        0
176
     1
290
     0
176
     1
290
     1
176
     1
290
     1
176
     1
290
     0
176
     1
290
     0
176
     1
290
     0
176
     1
290
     0
176
     1
290
     0
176
     1
290
     0
176
     1
 90
       50
176
     1
 40
0.0
176
     1
 40
1.0
176
     1
 90
        0
176
     1
 62
    18
420
        0
176
     1
 90
       50
176
     1
 90
        3
176
     1
 62
     5
420
      255
176
     1
290
     0
176
     1
 90
       50
176
     1
 90
       50
176
     1
 90
       50
176
     1
290
     0
176
     1
 90
       50
176
     1
 62
   256
176
     0
 40
1.0
176
     0
 90
        2
176
     1
  1
strokes_ogs.tif
176
     1
290
     0
176
     1
 40
1.0
176
     1
 40
1.0
176
     1
1001
ACAD
1000
AcDbSavedByObjectVersion
1070
     0
  0
VISUALSTYLE
  5
3E
102
{ACAD_REACTORS
330
29
102
}
330
29
100
AcDbVisualStyle
  2
Shaded
 70
    27
177
     3
291
     0
 70
    58
 90
        2
176
     1
 90
        2
176
     1
 90
        1
176
     1
 90
        2
176
     1
 40
0.6
176
     1
 40
30.0
176
     1
 62
     7
420
 16777215
176
     1
 90
        0
176
     1
 90
        4
176
     1
 62
     7
176
     1
 62
   257
176
     1
 90
        1
176
     1
 90
        1
176
     1
 40
1.0
176
     1
 90
        8
176
     1
 62
   257
176
     1
 40
1.0
176
     1
 90
        1
176
     1
 90
        6
176
     1
 90
        2
176
     1
 62
     8
420
  7895160
176
     1
 90
        3
176
     1
 90
        0
176
     1
 90
        0
176
     1
290
     0
176
     1
 90
        5
176
     1
 40
0.0
176
     1
 90
        0
176
     1
290
     0
176
     1
290
     1
176
     1
290
     1
176
     1
290
     0
176
     1
290
     0
176
     1
290
     0
176
     1
290
     0
176
     1
290
     0
176
     1
290
     0
176
     1
 90
       50
176
     1
 40
0.0
176
     1
 40
1.0
176
     1
 90
        0
176
     1
 62
    18
420
        0
176
     1
 90
       50
176
     1
 90
        3
176
     1
 62
     5
420
      255
176
     1
290
     0
176
     1
 90
       50
176
     1
 90
       50
176
     1
 90
       50
176
     1
290
     0
176
     1
 90
       50
176
     1
 62
   256
176
     0
 40
1.0
176
     0
 90
        2
176
     1
  1
strokes_ogs.tif
176
     1
290
     0
176
     1
 40
1.0
176
     1
 40
1.0
176
     1
1001
ACAD
1000
AcDbSavedByObjectVersion
1070
     0
  0
VISUALSTYLE
  5
3D
102
{ACAD_REACTORS
330
29
102
}
330
29
100
AcDbVisualStyle
  2
Shaded with edges
 70
    26
177
     3
291
     0
 70
    58
 90
        2
176
     1
 90
        2
176
     1
 90
        1
176
     1
 90
        2
176
     1
 40
0.6
176
     1
 40
30.0
176
     1
 62
     7
420
 16777215
176
     1
 90
        1
176
     1
 90
        2
176
     1
 62
     7
176
     1
 62
   257
176
     1
 90
        2
176
     1
 90
        1
176
     1
 40
1.0
176
     1
 90
        8
176
     1
 62
   257
176
     1
 40
1.0
176
     1
 90
        1
176
     1
 90
        6
176
     1
 90
        2
176
     1
 62
     7
176
     1
 90
        3
176
     1
 90
        0
176
     1
 90
        0
176
     1
290
     0
176
     1
 90
        5
176
     1
 40
0.0
176
     1
 90
        0
176
     1
290
     0
176
     1
290
     1
176
     1
290
     1
176
     1
290
     0
176
     1
290
     0
176
     1
290
     0
176
     1
290
     0
176
     1
290
     0
176
     1
290
     0
176
     1
 90
       50
176
     1
 40
0.0
176
     1
 40
1.0
176
     1
 90
        0
176
     1
 62
    18
420
        0
176
     1
 90
       50
176
     1
 90
        3
176
     1
 62
     5
420
      255
176
     1
290
     0
176
     1
 90
       50
176
     1
 90
       50
176
     1
 90
       50
176
     1
290
     0
176
     1
 90
       50
176
     1
 62
   256
176
     0
 40
1.0
176
     0
 90
        2
176
     1
  1
strokes_ogs.tif
176
     1
290
     0
176
     1
 40
1.0
176
     1
 40
1.0
176
     1
1001
ACAD
1000
AcDbSavedByObjectVersion
1070
     0
  0
VISUALSTYLE
  5
3A
102
{ACAD_REACTORS
330
29
102
}
330
29
100
AcDbVisualStyle
  2
Shades of Gray
 70
    23
177
     3
291
     0
 70
    58
 90
        2
176
     1
 90
        2
176
     1
 90
        3
176
     1
 90
        0
176
     1
 40
0.6
176
     1
 40
30.0
176
     1
 62
     7
420
 16777215
176
     1
 90
        2
176
     1
 90
        2
176
     1
 62
     7
176
     1
 62
     7
176
     1
 90
        1
176
     1
 90
        1
176
     1
 40
40.0
176
     1
 90
        8
176
     1
 62
     7
176
     1
 40
1.0
176
     1
 90
        1
176
     1
 90
        6
176
     1
 90
        2
176
     1
 62
     7
176
     1
 90
        3
176
     1
 90
        0
176
     1
 90
        0
176
     1
290
     0
176
     1
 90
        1
176
     1
 40
0.0
176
     1
 90
        0
176
     1
290
     0
176
     1
290
     1
176
     1
290
     1
176
     1
290
     0
176
     1
290
     0
176
     1
290
     0
176
     1
290
     0
176
     1
290
     0
176
     1
290
     0
176
     1
 90
       50
176
     1
 40
0.0
176
     1
 40
1.0
176
     1
 90
        0
176
     1
 62
    18
420
        0
176
     1
 90
       50
176
     1
 90
        3
176
     1
 62
     5
420
      255
176
     1
290
     0
176
     1
 90
       50
176
     1
 90
       50
176
     1
 90
       50
176
     1
290
     0
176
     1
 90
       50
176
     1
 62
   256
176
     0
 40
1.0
176
     0
 90
        2
176
     1
  1
strokes_ogs.tif
176
     1
290
     0
176
     1
 40
1.0
176
     1
 40
1.0
176
     1
1001
ACAD
1000
AcDbSavedByObjectVersion
1070
     0
  0
VISUALSTYLE
  5
3B
102
{ACAD_REACTORS
330
29
102
}
330
29
100
AcDbVisualStyle
  2
Sketchy
 70
    24
177
     3
291
     0
 70
    58
 90
        1
176
     1
 90
        2
176
     1
 90
        2
176
     1
 90
        0
176
     1
 40
0.6
176
     1
 40
30.0
176
     1
 62
     7
420
 16777215
176
     1
 90
        2
176
     1
 90
        2
176
     1
 62
     7
176
     1
 62
     7
176
     1
 90
        1
176
     1
 90
        1
176
     1
 40
40.0
176
     1
 90
       11
176
     1
 62
     7
176
     1
 40
1.0
176
     1
 90
        1
176
     1
 90
        6
176
     1
 90
        2
176
     1
 62
     7
176
     1
 90
        6
176
     1
 90
        0
176
     1
 90
        0
176
     1
290
     0
176
     1
 90
        1
176
     1
 40
0.0
176
     1
 90
        0
176
     1
290
     0
176
     1
290
     1
176
     1
290
     1
176
     1
290
     0
176
     1
290
     0
176
     1
290
     0
176
     1
290
     0
176
     1
290
     0
176
     1
290
     0
176
     1
 90
       50
176
     1
 40
0.0
176
     1
 40
1.0
176
     1
 90
        0
176
     1
 62
    18
420
        0
176
     1
 90
       50
176
     1
 90
        3
176
     1
 62
     5
420
      255
176
     1
290
     0
176
     1
 90
       50
176
     1
 90
       50
176
     1
 90
       50
176
     1
290
     0
176
     1
 90
       50
176
     1
 62
   256
176
     0
 40
1.0
176
     0
 90
        2
176
     1
  1
strokes_ogs.tif
176
     1
290
     0
176
     1
 40
1.0
176
     1
 40
1.0
176
     1
1001
ACAD
1000
AcDbSavedByObjectVersion
1070
     0
  0
VISUALSTYLE
  5
36
102
{ACAD_REACTORS
330
29
102
}
330
29
100
AcDbVisualStyle
  2
Thicken
 70
    13
177
     3
291
     1
 70
    58
 90
        2
176
     1
 90
        2
176
     1
 90
        0
176
     1
 90
        0
176
     1
 40
0.6
176
     1
 40
30.0
176
     1
 62
     7
420
 16777215
176
     1
 90
        1
176
     1
 90
        4
176
     1
 62
     7
176
     1
 62
   257
176
     1
 90
        1
176
     1
 90
        1
176
     1
 40
1.0
176
     1
 90
       12
176
     1
 62
     7
176
     1
 40
1.0
176
     1
 90
        1
176
     1
 90
        6
176
     1
 90
        2
176
     1
 62
     7
176
     1
 90
        5
176
     1
 90
        0
176
     1
 90
        0
176
     1
290
     0
176
     1
 90
        1
176
     1
 40
0.0
176
     1
 90
        0
176
     1
290
     0
176
     1
290
     1
176
     1
290
     1
176
     1
290
     0
176
     1
290
     0
176
     1
290
     0
176
     1
290
     0
176
     1
290
     0
176
     1
290
     0
176
     1
 90
       50
176
     1
 40
0.0
176
     1
 40
1.0
176
     1
 90
        0
176
     1
 62
    18
420
        0
176
     1
 90
       50
176
     1
 90
        3
176
     1
 62
     5
420
      255
176
     1
290
     0
176
     1
 90
       50
176
     1
 90
       50
176
     1
 90
       50
176
     1
290
     0
176
     1
 90
       50
176
     1
 62
   256
176
     0
 40
1.0
176
     0
 90
        2
176
     1
  1
strokes_ogs.tif
176
     1
290
     0
176
     1
 40
1.0
176
     1
 40
1.0
176
     1
1001
ACAD
1000
AcDbSavedByObjectVersion
1070
     0
  0
VISUALSTYLE
  5
30
102
{ACAD_REACTORS
330
29
102
}
330
29
100
AcDbVisualStyle
  2
Wireframe
 70
     5
177
     3
291
     0
 70
    58
 90
        0
176
     1
 90
        2
176
     1
 90
        0
176
     1
 90
        0
176
     1
 40
0.6
176
     1
 40
30.0
176
     1
 62
     7
420
 16777215
176
     1
 90
        1
176
     1
 90
        4
176
     1
 62
     7
176
     1
 62
   257
176
     1
 90
        1
176
     1
 90
        1
176
     1
 40
1.0
176
     1
 90
        0
176
     1
 62
   257
176
     1
 40
1.0
176
     1
 90
        1
176
     1
 90
        6
176
     1
 90
        2
176
     1
 62
     7
176
     1
 90
        3
176
     1
 90
        0
176
     1
 90
        0
176
     1
290
     0
176
     1
 90
        1
176
     1
 40
0.0
176
     1
 90
        0
176
     1
290
     0
176
     1
290
     1
176
     1
290
     1
176
     1
290
     0
176
     1
290
     0
176
     1
290
     0
176
     1
290
     0
176
     1
290
     0
176
     1
290
     0
176
     1
 90
       50
176
     1
 40
0.0
176
     1
 40
1.0
176
     1
 90
        0
176
     1
 62
    18
420
        0
176
     1
 90
       50
176
     1
 90
        3
176
     1
 62
     5
420
      255
176
     1
290
     0
176
     1
 90
       50
176
     1
 90
       50
176
     1
 90
       50
176
     1
290
     0
176
     1
 90
       50
176
     1
 62
   256
176
     0
 40
1.0
176
     0
 90
        2
176
     1
  1
strokes_ogs.tif
176
     1
290
     0
176
     1
 40
1.0
176
     1
 40
1.0
176
     1
1001
ACAD
1000
AcDbSavedByObjectVersion
1070
     0
  0
VISUALSTYLE
  5
3C
102
{ACAD_REACTORS
330
29
102
}
330
29
100
AcDbVisualStyle
  2
X-Ray
 70
    25
177
     3
291
     0
 70
    58
 90
        2
176
     1
 90
        2
176
     1
 90
        1
176
     1
 90
        1
176
     1
 40
0.5
176
     1
 40
30.0
176
     1
 62
     7
420
 16777215
176
     1
 90
        1
176
     1
 90
        0
176
     1
 62
     7
176
     1
 62
   257
176
     1
 90
        1
176
     1
 90
        1
176
     1
 40
1.0
176
     1
 90
        8
176
     1
 62
     7
176
     1
 40
1.0
176
     1
 90
        1
176
     1
 90
        6
176
     1
 90
        2
176
     1
 62
     7
176
     1
 90
        3
176
     1
 90
        0
176
     1
 90
        0
176
     1
290
     0
176
     1
 90
       13
176
     1
 40
0.0
176
     1
 90
        0
176
     1
290
     0
176
     1
290
     1
176
     1
290
     1
176
     1
290
     0
176
     1
290
     0
176
     1
290
     0
176
     1
290
     0
176
     1
290
     0
176
     1
290
     0
176
     1
 90
       50
176
     1
 40
0.0
176
     1
 40
1.0
176
     1
 90
        0
176
     1
 62
    18
420
        0
176
     1
 90
       50
176
     1
 90
        3
176
     1
 62
     5
420
      255
176
     1
290
     0
176
     1
 90
       50
176
     1
 90
       50
176
     1
 90
       50
176
     1
290
     0
176
     1
 90
       50
176
     1
 62
   256
176
     0
 40
1.0
176
     0
 90
        2
176
     1
  1
strokes_ogs.tif
176
     1
290
     0
176
     1
 40
1.0
176
     1
 40
1.0
176
     1
1001
ACAD
1000
AcDbSavedByObjectVersion
1070
     0
  0
DICTIONARYVAR
  5
D04
102
{ACAD_REACTORS
330
78
102
}
330
78
100
DictionaryVariables
280
     0
  1
1:1
  0
DICTIONARYVAR
  5
79
102
{ACAD_REACTORS
330
78
102
}
330
78
100
DictionaryVariables
280
     0
  1
3.500000
  0
DICTIONARYVAR
  5
7A
102
{ACAD_REACTORS
330
78
102
}
330
78
100
DictionaryVariables
280
     0
  1
acadiso.lin
  0
DICTIONARYVAR
  5
D01
102
{ACAD_REACTORS
330
78
102
}
330
78
100
DictionaryVariables
280
     0
  1
STANDARD
  0
DICTIONARYVAR
  5
D00
102
{ACAD_REACTORS
330
78
102
}
330
78
100
DictionaryVariables
280
     0
  1
STANDARD
  0
DICTIONARYVAR
  5
D02
102
{ACAD_REACTORS
330
78
102
}
330
78
100
DictionaryVariables
280
     0
  1
Metric50
  0
DICTIONARYVAR
  5
D03
102
{ACAD_REACTORS
330
78
102
}
330
78
100
DictionaryVariables
280
     0
  1
Metric50
  0
DICTIONARY
  5
D10
330
6B
100
AcDbDictionary
280
     1
281
     1
  3
ACAD_XREC_ROUNDTRIP
360
D11
  0
DICTIONARY
  5
1A
330
19
100
AcDbDictionary
280
     1
281
     1
  3
BUMPTILE
360
1C
  3
DIFFUSETILE
360
1B
  3
OPACITYTILE
360
1F
  3
REFLECTIONTILE
360
1E
  3
REFRACTIONTILE
360
20
  3
SPECULARTILE
360
1D
  0
DICTIONARY
  5
12
330
11
100
AcDbDictionary
280
     1
281
     1
  3
BUMPTILE
360
14
  3
DIFFUSETILE
360
13
  3
OPACITYTILE
360
17
  3
REFLECTIONTILE
360
16
  3
REFRACTIONTILE
360
18
  3
SPECULARTILE
360
15
  0
DICTIONARY
  5
22
330
21
100
AcDbDictionary
280
     1
281
     1
  3
BUMPTILE
360
24
  3
DIFFUSETILE
360
23
  3
OPACITYTILE
360
27
  3
REFLECTIONTILE
360
26
  3
REFRACTIONTILE
360
28
  3
SPECULARTILE
360
25
  0
DICTIONARY
  5
D0E
330
69
100
AcDbDictionary
280
     1
281
     1
  3
ACAD_XREC_ROUNDTRIP
360
D0F
  0
DICTIONARY
  5
D05
330
65
100
AcDbDictionary
280
     1
281
     1
  3
ACAD_ROUNDTRIP_2008_TABLESTYLE_CELLSTYLEMAP
360
D06
  0
XRECORD
  5
D11
102
{ACAD_REACTORS
330
D10
102
}
330
D10
100
AcDbXrecord
280
     1
102
DISPLAYNAME
  1
Metric50
102
FLAGS
 90
        0
  0
XRECORD
  5
1C
102
{ACAD_REACTORS
330
1A
102
}
330
1A
100
AcDbXrecord
280
     1
270
     1
271
     1
  0
XRECORD
  5
1B
102
{ACAD_REACTORS
330
1A
102
}
330
1A
100
AcDbXrecord
280
     1
270
     1
271
     1
  0
XRECORD
  5
1F
102
{ACAD_REACTORS
330
1A
102
}
330
1A
100
AcDbXrecord
280
     1
270
     1
271
     1
  0
XRECORD
  5
1E
102
{ACAD_REACTORS
330
1A
102
}
330
1A
100
AcDbXrecord
280
     1
270
     1
271
     1
  0
XRECORD
  5
20
102
{ACAD_REACTORS
330
1A
102
}
330
1A
100
AcDbXrecord
280
     1
270
     1
271
     1
  0
XRECORD
  5
1D
102
{ACAD_REACTORS
330
1A
102
}
330
1A
100
AcDbXrecord
280
     1
270
     1
271
     1
  0
XRECORD
  5
14
102
{ACAD_REACTORS
330
12
102
}
330
12
100
AcDbXrecord
280
     1
270
     1
271
     1
  0
XRECORD
  5
13
102
{ACAD_REACTORS
330
12
102
}
330
12
100
AcDbXrecord
280
     1
270
     1
271
     1
  0
XRECORD
  5
17
102
{ACAD_REACTORS
330
12
102
}
330
12
100
AcDbXrecord
280
     1
270
     1
271
     1
  0
XRECORD
  5
16
102
{ACAD_REACTORS
330
12
102
}
330
12
100
AcDbXrecord
280
     1
270
     1
271
     1
  0
XRECORD
  5
18
102
{ACAD_REACTORS
330
12
102
}
330
12
100
AcDbXrecord
280
     1
270
     1
271
     1
  0
XRECORD
  5
15
102
{ACAD_REACTORS
330
12
102
}
330
12
100
AcDbXrecord
280
     1
270
     1
271
     1
  0
XRECORD
  5
24
102
{ACAD_REACTORS
330
22
102
}
330
22
100
AcDbXrecord
280
     1
270
     1
271
     1
  0
XRECORD
  5
23
102
{ACAD_REACTORS
330
22
102
}
330
22
100
AcDbXrecord
280
     1
270
     1
271
     1
  0
XRECORD
  5
27
102
{ACAD_REACTORS
330
22
102
}
330
22
100
AcDbXrecord
280
     1
270
     1
271
     1
  0
XRECORD
  5
26
102
{ACAD_REACTORS
330
22
102
}
330
22
100
AcDbXrecord
280
     1
270
     1
271
     1
  0
XRECORD
  5
28
102
{ACAD_REACTORS
330
22
102
}
330
22
100
AcDbXrecord
280
     1
270
     1
271
     1
  0
XRECORD
  5
25
102
{ACAD_REACTORS
330
22
102
}
330
22
100
AcDbXrecord
280
     1
270
     1
271
     1
  0
XRECORD
  5
D0F
102
{ACAD_REACTORS
330
D0E
102
}
330
D0E
100
AcDbXrecord
280
     1
102
DISPLAYNAME
  1
Metric50
102
FLAGS
 90
        0
  0
CELLSTYLEMAP
  5
D06
102
{ACAD_REACTORS
330
D05
102
}
330
D05
100
AcDbCellStyleMap
 90
        3
300
CELLSTYLE
  1
TABLEFORMAT_BEGIN
 90
        5
170
     1
 91
        0
 92
    32768
 62
   257
 93
        1
300
CONTENTFORMAT
  1
CONTENTFORMAT_BEGIN
 90
        0
 91
        0
 92
      512
 93
        0
300

 40
0.0
140
1.0
 94
        5
 62
     0
340
55
144
6.0
309
CONTENTFORMAT_END
171
     1
301
MARGIN
  1
CELLMARGIN_BEGIN
 40
1.5
 40
1.5
 40
1.5
 40
1.5
 40
4.5
 40
4.5
309
CELLMARGIN_END
 94
        6
 95
        1
302
GRIDFORMAT
  1
GRIDFORMAT_BEGIN
 90
        0
 91
        1
 62
     0
 92
       -2
340
0
 93
        0
 40
1.125
309
GRIDFORMAT_END
 95
        2
302
GRIDFORMAT
  1
GRIDFORMAT_BEGIN
 90
        0
 91
        1
 62
     0
 92
       -2
340
0
 93
        0
 40
1.125
309
GRIDFORMAT_END
 95
        4
302
GRIDFORMAT
  1
GRIDFORMAT_BEGIN
 90
        0
 91
        1
 62
     0
 92
       -2
340
0
 93
        0
 40
1.125
309
GRIDFORMAT_END
 95
        8
302
GRIDFORMAT
  1
GRIDFORMAT_BEGIN
 90
        0
 91
        1
 62
     0
 92
       -2
340
0
 93
        0
 40
1.125
309
GRIDFORMAT_END
 95
       16
302
GRIDFORMAT
  1
GRIDFORMAT_BEGIN
 90
        0
 91
        1
 62
     0
 92
       -2
340
0
 93
        0
 40
1.125
309
GRIDFORMAT_END
 95
       32
302
GRIDFORMAT
  1
GRIDFORMAT_BEGIN
 90
        0
 91
        1
 62
     0
 92
       -2
340
0
 93
        0
 40
1.125
309
GRIDFORMAT_END
309
TABLEFORMAT_END
  1
CELLSTYLE_BEGIN
 90
        1
 91
        1
300
_TITLE
309
CELLSTYLE_END
300
CELLSTYLE
  1
TABLEFORMAT_BEGIN
 90
        5
170
     1
 91
        0
 92
        0
 62
   257
 93
        1
300
CONTENTFORMAT
  1
CONTENTFORMAT_BEGIN
 90
        0
 91
        0
 92
      512
 93
        0
300

 40
0.0
140
1.0
 94
        5
 62
     0
340
55
144
4.5
309
CONTENTFORMAT_END
171
     1
301
MARGIN
  1
CELLMARGIN_BEGIN
 40
1.5
 40
1.5
 40
1.5
 40
1.5
 40
4.5
 40
4.5
309
CELLMARGIN_END
 94
        6
 95
        1
302
GRIDFORMAT
  1
GRIDFORMAT_BEGIN
 90
        0
 91
        1
 62
     0
 92
       -2
340
0
 93
        0
 40
1.125
309
GRIDFORMAT_END
 95
        2
302
GRIDFORMAT
  1
GRIDFORMAT_BEGIN
 90
        0
 91
        1
 62
     0
 92
       -2
340
0
 93
        0
 40
1.125
309
GRIDFORMAT_END
 95
        4
302
GRIDFORMAT
  1
GRIDFORMAT_BEGIN
 90
        0
 91
        1
 62
     0
 92
       -2
340
0
 93
        0
 40
1.125
309
GRIDFORMAT_END
 95
        8
302
GRIDFORMAT
  1
GRIDFORMAT_BEGIN
 90
        0
 91
        1
 62
     0
 92
       -2
340
0
 93
        0
 40
1.125
309
GRIDFORMAT_END
 95
       16
302
GRIDFORMAT
  1
GRIDFORMAT_BEGIN
 90
        0
 91
        1
 62
     0
 92
       -2
340
0
 93
        0
 40
1.125
309
GRIDFORMAT_END
 95
       32
302
GRIDFORMAT
  1
GRIDFORMAT_BEGIN
 90
        0
 91
        1
 62
     0
 92
       -2
340
0
 93
        0
 40
1.125
309
GRIDFORMAT_END
309
TABLEFORMAT_END
  1
CELLSTYLE_BEGIN
 90
        2
 91
        1
300
_HEADER
309
CELLSTYLE_END
300
CELLSTYLE
  1
TABLEFORMAT_BEGIN
 90
        5
170
     1
 91
        0
 92
        0
 62
   257
 93
        1
300
CONTENTFORMAT
  1
CONTENTFORMAT_BEGIN
 90
        0
 91
        0
 92
      512
 93
        0
300

 40
0.0
140
1.0
 94
        2
 62
     0
340
55
144
4.5
309
CONTENTFORMAT_END
171
     1
301
MARGIN
  1
CELLMARGIN_BEGIN
 40
1.5
 40
1.5
 40
1.5
 40
1.5
 40
4.5
 40
4.5
309
CELLMARGIN_END
 94
        6
 95
        1
302
GRIDFORMAT
  1
GRIDFORMAT_BEGIN
 90
        0
 91
        1
 62
     0
 92
       -2
340
0
 93
        0
 40
1.125
309
GRIDFORMAT_END
 95
        2
302
GRIDFORMAT
  1
GRIDFORMAT_BEGIN
 90
        0
 91
        1
 62
     0
 92
       -2
340
0
 93
        0
 40
1.125
309
GRIDFORMAT_END
 95
        4
302
GRIDFORMAT
  1
GRIDFORMAT_BEGIN
 90
        0
 91
        1
 62
     0
 92
       -2
340
0
 93
        0
 40
1.125
309
GRIDFORMAT_END
 95
        8
302
GRIDFORMAT
  1
GRIDFORMAT_BEGIN
 90
        0
 91
        1
 62
     0
 92
       -2
340
0
 93
        0
 40
1.125
309
GRIDFORMAT_END
 95
       16
302
GRIDFORMAT
  1
GRIDFORMAT_BEGIN
 90
        0
 91
        1
 62
     0
 92
       -2
340
0
 93
        0
 40
1.125
309
GRIDFORMAT_END
 95
       32
302
GRIDFORMAT
  1
GRIDFORMAT_BEGIN
 90
        0
 91
        1
 62
     0
 92
       -2
340
0
 93
        0
 40
1.125
309
GRIDFORMAT_END
309
TABLEFORMAT_END
  1
CELLSTYLE_BEGIN
 90
        3
 91
        2
300
_DATA
309
CELLSTYLE_END
  0
ENDSEC
  0
EOF
